[2025-01-07T11:47:32.736+0000] {processor.py:186} INFO - Started process (PID=80) to work on /home/airflow/.local/lib/python3.12/site-packages/airflow/example_dags/example_branch_datetime_operator.py
[2025-01-07T11:47:32.738+0000] {processor.py:914} INFO - Processing file /home/airflow/.local/lib/python3.12/site-packages/airflow/example_dags/example_branch_datetime_operator.py for tasks to queue
[2025-01-07T11:47:32.741+0000] {logging_mixin.py:190} INFO - [2025-01-07T11:47:32.740+0000] {dagbag.py:588} INFO - Filling up the DagBag from /home/airflow/.local/lib/python3.12/site-packages/airflow/example_dags/example_branch_datetime_operator.py
[2025-01-07T11:47:32.774+0000] {processor.py:925} INFO - DAG(s) 'example_branch_datetime_operator_3', 'example_branch_datetime_operator_2', 'example_branch_datetime_operator' retrieved from /home/airflow/.local/lib/python3.12/site-packages/airflow/example_dags/example_branch_datetime_operator.py
[2025-01-07T11:47:32.979+0000] {logging_mixin.py:190} INFO - [2025-01-07T11:47:32.978+0000] {override.py:1911} INFO - Created Permission View: can read on DAG:example_branch_datetime_operator_3
[2025-01-07T11:47:33.034+0000] {logging_mixin.py:190} INFO - [2025-01-07T11:47:33.033+0000] {override.py:1911} INFO - Created Permission View: can delete on DAG:example_branch_datetime_operator_3
[2025-01-07T11:47:33.056+0000] {logging_mixin.py:190} INFO - [2025-01-07T11:47:33.056+0000] {override.py:1911} INFO - Created Permission View: can edit on DAG:example_branch_datetime_operator_3
[2025-01-07T11:47:33.078+0000] {logging_mixin.py:190} INFO - [2025-01-07T11:47:33.078+0000] {override.py:1911} INFO - Created Permission View: menu access on DAG Run:example_branch_datetime_operator_3
[2025-01-07T11:47:33.099+0000] {logging_mixin.py:190} INFO - [2025-01-07T11:47:33.099+0000] {override.py:1911} INFO - Created Permission View: can read on DAG Run:example_branch_datetime_operator_3
[2025-01-07T11:47:33.126+0000] {logging_mixin.py:190} INFO - [2025-01-07T11:47:33.126+0000] {override.py:1911} INFO - Created Permission View: can delete on DAG Run:example_branch_datetime_operator_3
[2025-01-07T11:47:33.163+0000] {logging_mixin.py:190} INFO - [2025-01-07T11:47:33.162+0000] {override.py:1911} INFO - Created Permission View: can create on DAG Run:example_branch_datetime_operator_3
[2025-01-07T11:47:33.199+0000] {logging_mixin.py:190} INFO - [2025-01-07T11:47:33.199+0000] {override.py:1911} INFO - Created Permission View: can read on DAG:example_branch_datetime_operator_2
[2025-01-07T11:47:33.211+0000] {logging_mixin.py:190} INFO - [2025-01-07T11:47:33.211+0000] {override.py:1911} INFO - Created Permission View: can delete on DAG:example_branch_datetime_operator_2
[2025-01-07T11:47:33.227+0000] {logging_mixin.py:190} INFO - [2025-01-07T11:47:33.226+0000] {override.py:1911} INFO - Created Permission View: can edit on DAG:example_branch_datetime_operator_2
[2025-01-07T11:47:33.253+0000] {logging_mixin.py:190} INFO - [2025-01-07T11:47:33.252+0000] {override.py:1911} INFO - Created Permission View: menu access on DAG Run:example_branch_datetime_operator_2
[2025-01-07T11:47:33.263+0000] {logging_mixin.py:190} INFO - [2025-01-07T11:47:33.263+0000] {override.py:1911} INFO - Created Permission View: can read on DAG Run:example_branch_datetime_operator_2
[2025-01-07T11:47:33.289+0000] {logging_mixin.py:190} INFO - [2025-01-07T11:47:33.288+0000] {override.py:1911} INFO - Created Permission View: can delete on DAG Run:example_branch_datetime_operator_2
[2025-01-07T11:47:33.303+0000] {logging_mixin.py:190} INFO - [2025-01-07T11:47:33.302+0000] {override.py:1911} INFO - Created Permission View: can create on DAG Run:example_branch_datetime_operator_2
[2025-01-07T11:47:33.330+0000] {logging_mixin.py:190} INFO - [2025-01-07T11:47:33.329+0000] {override.py:1911} INFO - Created Permission View: can read on DAG:example_branch_datetime_operator
[2025-01-07T11:47:33.342+0000] {logging_mixin.py:190} INFO - [2025-01-07T11:47:33.342+0000] {override.py:1911} INFO - Created Permission View: can delete on DAG:example_branch_datetime_operator
[2025-01-07T11:47:33.353+0000] {logging_mixin.py:190} INFO - [2025-01-07T11:47:33.353+0000] {override.py:1911} INFO - Created Permission View: can edit on DAG:example_branch_datetime_operator
[2025-01-07T11:47:33.376+0000] {logging_mixin.py:190} INFO - [2025-01-07T11:47:33.376+0000] {override.py:1911} INFO - Created Permission View: menu access on DAG Run:example_branch_datetime_operator
[2025-01-07T11:47:33.388+0000] {logging_mixin.py:190} INFO - [2025-01-07T11:47:33.387+0000] {override.py:1911} INFO - Created Permission View: can read on DAG Run:example_branch_datetime_operator
[2025-01-07T11:47:33.405+0000] {logging_mixin.py:190} INFO - [2025-01-07T11:47:33.404+0000] {override.py:1911} INFO - Created Permission View: can delete on DAG Run:example_branch_datetime_operator
[2025-01-07T11:47:33.422+0000] {logging_mixin.py:190} INFO - [2025-01-07T11:47:33.421+0000] {override.py:1911} INFO - Created Permission View: can create on DAG Run:example_branch_datetime_operator
[2025-01-07T11:47:33.423+0000] {logging_mixin.py:190} INFO - [2025-01-07T11:47:33.423+0000] {dag.py:3239} INFO - Sync 3 DAGs
[2025-01-07T11:47:33.450+0000] {logging_mixin.py:190} INFO - [2025-01-07T11:47:33.450+0000] {dag.py:3262} INFO - Creating ORM DAG for example_branch_datetime_operator
[2025-01-07T11:47:33.452+0000] {logging_mixin.py:190} INFO - [2025-01-07T11:47:33.451+0000] {dag.py:3262} INFO - Creating ORM DAG for example_branch_datetime_operator_3
[2025-01-07T11:47:33.453+0000] {logging_mixin.py:190} INFO - [2025-01-07T11:47:33.453+0000] {dag.py:3262} INFO - Creating ORM DAG for example_branch_datetime_operator_2
[2025-01-07T11:47:33.468+0000] {logging_mixin.py:190} INFO - [2025-01-07T11:47:33.468+0000] {dag.py:4180} INFO - Setting next_dagrun for example_branch_datetime_operator to 2025-01-06 00:00:00+00:00, run_after=2025-01-07 00:00:00+00:00
[2025-01-07T11:47:33.470+0000] {logging_mixin.py:190} INFO - [2025-01-07T11:47:33.470+0000] {dag.py:4180} INFO - Setting next_dagrun for example_branch_datetime_operator_2 to 2025-01-06 00:00:00+00:00, run_after=2025-01-07 00:00:00+00:00
[2025-01-07T11:47:33.473+0000] {logging_mixin.py:190} INFO - [2025-01-07T11:47:33.473+0000] {dag.py:4180} INFO - Setting next_dagrun for example_branch_datetime_operator_3 to 2025-01-06 00:00:00+00:00, run_after=2025-01-07 00:00:00+00:00
[2025-01-07T11:47:33.517+0000] {processor.py:208} INFO - Processing /home/airflow/.local/lib/python3.12/site-packages/airflow/example_dags/example_branch_datetime_operator.py took 0.794 seconds
[2025-01-07T11:48:28.606+0000] {processor.py:186} INFO - Started process (PID=149) to work on /home/airflow/.local/lib/python3.12/site-packages/airflow/example_dags/example_branch_datetime_operator.py
[2025-01-07T11:48:28.611+0000] {processor.py:914} INFO - Processing file /home/airflow/.local/lib/python3.12/site-packages/airflow/example_dags/example_branch_datetime_operator.py for tasks to queue
[2025-01-07T11:48:28.615+0000] {logging_mixin.py:190} INFO - [2025-01-07T11:48:28.615+0000] {dagbag.py:588} INFO - Filling up the DagBag from /home/airflow/.local/lib/python3.12/site-packages/airflow/example_dags/example_branch_datetime_operator.py
[2025-01-07T11:48:28.647+0000] {processor.py:925} INFO - DAG(s) 'example_branch_datetime_operator_3', 'example_branch_datetime_operator_2', 'example_branch_datetime_operator' retrieved from /home/airflow/.local/lib/python3.12/site-packages/airflow/example_dags/example_branch_datetime_operator.py
[2025-01-07T11:48:28.689+0000] {logging_mixin.py:190} INFO - [2025-01-07T11:48:28.689+0000] {dag.py:3239} INFO - Sync 3 DAGs
[2025-01-07T11:48:28.716+0000] {logging_mixin.py:190} INFO - [2025-01-07T11:48:28.716+0000] {dag.py:4180} INFO - Setting next_dagrun for example_branch_datetime_operator to 2025-01-06 00:00:00+00:00, run_after=2025-01-07 00:00:00+00:00
[2025-01-07T11:48:28.721+0000] {logging_mixin.py:190} INFO - [2025-01-07T11:48:28.721+0000] {dag.py:4180} INFO - Setting next_dagrun for example_branch_datetime_operator_2 to 2025-01-06 00:00:00+00:00, run_after=2025-01-07 00:00:00+00:00
[2025-01-07T11:48:28.723+0000] {logging_mixin.py:190} INFO - [2025-01-07T11:48:28.723+0000] {dag.py:4180} INFO - Setting next_dagrun for example_branch_datetime_operator_3 to 2025-01-06 00:00:00+00:00, run_after=2025-01-07 00:00:00+00:00
[2025-01-07T11:48:28.828+0000] {processor.py:208} INFO - Processing /home/airflow/.local/lib/python3.12/site-packages/airflow/example_dags/example_branch_datetime_operator.py took 0.233 seconds
[2025-01-07T11:48:58.885+0000] {processor.py:186} INFO - Started process (PID=213) to work on /home/airflow/.local/lib/python3.12/site-packages/airflow/example_dags/example_branch_datetime_operator.py
[2025-01-07T11:48:58.886+0000] {processor.py:914} INFO - Processing file /home/airflow/.local/lib/python3.12/site-packages/airflow/example_dags/example_branch_datetime_operator.py for tasks to queue
[2025-01-07T11:48:58.888+0000] {logging_mixin.py:190} INFO - [2025-01-07T11:48:58.888+0000] {dagbag.py:588} INFO - Filling up the DagBag from /home/airflow/.local/lib/python3.12/site-packages/airflow/example_dags/example_branch_datetime_operator.py
[2025-01-07T11:48:58.900+0000] {processor.py:925} INFO - DAG(s) 'example_branch_datetime_operator', 'example_branch_datetime_operator_3', 'example_branch_datetime_operator_2' retrieved from /home/airflow/.local/lib/python3.12/site-packages/airflow/example_dags/example_branch_datetime_operator.py
[2025-01-07T11:48:58.924+0000] {logging_mixin.py:190} INFO - [2025-01-07T11:48:58.924+0000] {dag.py:3239} INFO - Sync 3 DAGs
[2025-01-07T11:48:58.949+0000] {logging_mixin.py:190} INFO - [2025-01-07T11:48:58.949+0000] {dag.py:4180} INFO - Setting next_dagrun for example_branch_datetime_operator to 2025-01-06 00:00:00+00:00, run_after=2025-01-07 00:00:00+00:00
[2025-01-07T11:48:58.954+0000] {logging_mixin.py:190} INFO - [2025-01-07T11:48:58.954+0000] {dag.py:4180} INFO - Setting next_dagrun for example_branch_datetime_operator_2 to 2025-01-06 00:00:00+00:00, run_after=2025-01-07 00:00:00+00:00
[2025-01-07T11:48:58.958+0000] {logging_mixin.py:190} INFO - [2025-01-07T11:48:58.957+0000] {dag.py:4180} INFO - Setting next_dagrun for example_branch_datetime_operator_3 to 2025-01-06 00:00:00+00:00, run_after=2025-01-07 00:00:00+00:00
[2025-01-07T11:48:58.974+0000] {processor.py:208} INFO - Processing /home/airflow/.local/lib/python3.12/site-packages/airflow/example_dags/example_branch_datetime_operator.py took 0.094 seconds
[2025-01-07T11:49:29.730+0000] {processor.py:186} INFO - Started process (PID=276) to work on /home/airflow/.local/lib/python3.12/site-packages/airflow/example_dags/example_branch_datetime_operator.py
[2025-01-07T11:49:29.732+0000] {processor.py:914} INFO - Processing file /home/airflow/.local/lib/python3.12/site-packages/airflow/example_dags/example_branch_datetime_operator.py for tasks to queue
[2025-01-07T11:49:29.735+0000] {logging_mixin.py:190} INFO - [2025-01-07T11:49:29.734+0000] {dagbag.py:588} INFO - Filling up the DagBag from /home/airflow/.local/lib/python3.12/site-packages/airflow/example_dags/example_branch_datetime_operator.py
[2025-01-07T11:49:29.747+0000] {processor.py:925} INFO - DAG(s) 'example_branch_datetime_operator_3', 'example_branch_datetime_operator_2', 'example_branch_datetime_operator' retrieved from /home/airflow/.local/lib/python3.12/site-packages/airflow/example_dags/example_branch_datetime_operator.py
[2025-01-07T11:49:29.779+0000] {logging_mixin.py:190} INFO - [2025-01-07T11:49:29.778+0000] {dag.py:3239} INFO - Sync 3 DAGs
[2025-01-07T11:49:29.803+0000] {logging_mixin.py:190} INFO - [2025-01-07T11:49:29.803+0000] {dag.py:4180} INFO - Setting next_dagrun for example_branch_datetime_operator to 2025-01-06 00:00:00+00:00, run_after=2025-01-07 00:00:00+00:00
[2025-01-07T11:49:29.809+0000] {logging_mixin.py:190} INFO - [2025-01-07T11:49:29.808+0000] {dag.py:4180} INFO - Setting next_dagrun for example_branch_datetime_operator_2 to 2025-01-06 00:00:00+00:00, run_after=2025-01-07 00:00:00+00:00
[2025-01-07T11:49:29.811+0000] {logging_mixin.py:190} INFO - [2025-01-07T11:49:29.811+0000] {dag.py:4180} INFO - Setting next_dagrun for example_branch_datetime_operator_3 to 2025-01-06 00:00:00+00:00, run_after=2025-01-07 00:00:00+00:00
[2025-01-07T11:49:29.831+0000] {processor.py:208} INFO - Processing /home/airflow/.local/lib/python3.12/site-packages/airflow/example_dags/example_branch_datetime_operator.py took 0.108 seconds
[2025-01-07T11:50:00.147+0000] {processor.py:186} INFO - Started process (PID=339) to work on /home/airflow/.local/lib/python3.12/site-packages/airflow/example_dags/example_branch_datetime_operator.py
[2025-01-07T11:50:00.149+0000] {processor.py:914} INFO - Processing file /home/airflow/.local/lib/python3.12/site-packages/airflow/example_dags/example_branch_datetime_operator.py for tasks to queue
[2025-01-07T11:50:00.152+0000] {logging_mixin.py:190} INFO - [2025-01-07T11:50:00.151+0000] {dagbag.py:588} INFO - Filling up the DagBag from /home/airflow/.local/lib/python3.12/site-packages/airflow/example_dags/example_branch_datetime_operator.py
[2025-01-07T11:50:00.166+0000] {processor.py:925} INFO - DAG(s) 'example_branch_datetime_operator_2', 'example_branch_datetime_operator', 'example_branch_datetime_operator_3' retrieved from /home/airflow/.local/lib/python3.12/site-packages/airflow/example_dags/example_branch_datetime_operator.py
[2025-01-07T11:50:00.195+0000] {logging_mixin.py:190} INFO - [2025-01-07T11:50:00.195+0000] {dag.py:3239} INFO - Sync 3 DAGs
[2025-01-07T11:50:00.220+0000] {logging_mixin.py:190} INFO - [2025-01-07T11:50:00.219+0000] {dag.py:4180} INFO - Setting next_dagrun for example_branch_datetime_operator to 2025-01-06 00:00:00+00:00, run_after=2025-01-07 00:00:00+00:00
[2025-01-07T11:50:00.224+0000] {logging_mixin.py:190} INFO - [2025-01-07T11:50:00.224+0000] {dag.py:4180} INFO - Setting next_dagrun for example_branch_datetime_operator_2 to 2025-01-06 00:00:00+00:00, run_after=2025-01-07 00:00:00+00:00
[2025-01-07T11:50:00.227+0000] {logging_mixin.py:190} INFO - [2025-01-07T11:50:00.227+0000] {dag.py:4180} INFO - Setting next_dagrun for example_branch_datetime_operator_3 to 2025-01-06 00:00:00+00:00, run_after=2025-01-07 00:00:00+00:00
[2025-01-07T11:50:00.244+0000] {processor.py:208} INFO - Processing /home/airflow/.local/lib/python3.12/site-packages/airflow/example_dags/example_branch_datetime_operator.py took 0.103 seconds
[2025-01-07T11:50:31.248+0000] {processor.py:186} INFO - Started process (PID=402) to work on /home/airflow/.local/lib/python3.12/site-packages/airflow/example_dags/example_branch_datetime_operator.py
[2025-01-07T11:50:31.250+0000] {processor.py:914} INFO - Processing file /home/airflow/.local/lib/python3.12/site-packages/airflow/example_dags/example_branch_datetime_operator.py for tasks to queue
[2025-01-07T11:50:31.253+0000] {logging_mixin.py:190} INFO - [2025-01-07T11:50:31.252+0000] {dagbag.py:588} INFO - Filling up the DagBag from /home/airflow/.local/lib/python3.12/site-packages/airflow/example_dags/example_branch_datetime_operator.py
[2025-01-07T11:50:31.266+0000] {processor.py:925} INFO - DAG(s) 'example_branch_datetime_operator', 'example_branch_datetime_operator_3', 'example_branch_datetime_operator_2' retrieved from /home/airflow/.local/lib/python3.12/site-packages/airflow/example_dags/example_branch_datetime_operator.py
[2025-01-07T11:50:31.303+0000] {logging_mixin.py:190} INFO - [2025-01-07T11:50:31.302+0000] {dag.py:3239} INFO - Sync 3 DAGs
[2025-01-07T11:50:31.326+0000] {logging_mixin.py:190} INFO - [2025-01-07T11:50:31.326+0000] {dag.py:4180} INFO - Setting next_dagrun for example_branch_datetime_operator to 2025-01-06 00:00:00+00:00, run_after=2025-01-07 00:00:00+00:00
[2025-01-07T11:50:31.331+0000] {logging_mixin.py:190} INFO - [2025-01-07T11:50:31.331+0000] {dag.py:4180} INFO - Setting next_dagrun for example_branch_datetime_operator_2 to 2025-01-06 00:00:00+00:00, run_after=2025-01-07 00:00:00+00:00
[2025-01-07T11:50:31.334+0000] {logging_mixin.py:190} INFO - [2025-01-07T11:50:31.334+0000] {dag.py:4180} INFO - Setting next_dagrun for example_branch_datetime_operator_3 to 2025-01-06 00:00:00+00:00, run_after=2025-01-07 00:00:00+00:00
[2025-01-07T11:50:31.351+0000] {processor.py:208} INFO - Processing /home/airflow/.local/lib/python3.12/site-packages/airflow/example_dags/example_branch_datetime_operator.py took 0.110 seconds
[2025-01-07T11:51:02.571+0000] {processor.py:186} INFO - Started process (PID=465) to work on /home/airflow/.local/lib/python3.12/site-packages/airflow/example_dags/example_branch_datetime_operator.py
[2025-01-07T11:51:02.573+0000] {processor.py:914} INFO - Processing file /home/airflow/.local/lib/python3.12/site-packages/airflow/example_dags/example_branch_datetime_operator.py for tasks to queue
[2025-01-07T11:51:02.576+0000] {logging_mixin.py:190} INFO - [2025-01-07T11:51:02.576+0000] {dagbag.py:588} INFO - Filling up the DagBag from /home/airflow/.local/lib/python3.12/site-packages/airflow/example_dags/example_branch_datetime_operator.py
[2025-01-07T11:51:02.596+0000] {processor.py:925} INFO - DAG(s) 'example_branch_datetime_operator_3', 'example_branch_datetime_operator', 'example_branch_datetime_operator_2' retrieved from /home/airflow/.local/lib/python3.12/site-packages/airflow/example_dags/example_branch_datetime_operator.py
[2025-01-07T11:51:02.642+0000] {logging_mixin.py:190} INFO - [2025-01-07T11:51:02.641+0000] {dag.py:3239} INFO - Sync 3 DAGs
[2025-01-07T11:51:02.674+0000] {logging_mixin.py:190} INFO - [2025-01-07T11:51:02.674+0000] {dag.py:4180} INFO - Setting next_dagrun for example_branch_datetime_operator to 2025-01-06 00:00:00+00:00, run_after=2025-01-07 00:00:00+00:00
[2025-01-07T11:51:02.679+0000] {logging_mixin.py:190} INFO - [2025-01-07T11:51:02.679+0000] {dag.py:4180} INFO - Setting next_dagrun for example_branch_datetime_operator_2 to 2025-01-06 00:00:00+00:00, run_after=2025-01-07 00:00:00+00:00
[2025-01-07T11:51:02.682+0000] {logging_mixin.py:190} INFO - [2025-01-07T11:51:02.682+0000] {dag.py:4180} INFO - Setting next_dagrun for example_branch_datetime_operator_3 to 2025-01-06 00:00:00+00:00, run_after=2025-01-07 00:00:00+00:00
[2025-01-07T11:51:02.700+0000] {processor.py:208} INFO - Processing /home/airflow/.local/lib/python3.12/site-packages/airflow/example_dags/example_branch_datetime_operator.py took 0.140 seconds
[2025-01-07T11:51:33.977+0000] {processor.py:186} INFO - Started process (PID=528) to work on /home/airflow/.local/lib/python3.12/site-packages/airflow/example_dags/example_branch_datetime_operator.py
[2025-01-07T11:51:33.978+0000] {processor.py:914} INFO - Processing file /home/airflow/.local/lib/python3.12/site-packages/airflow/example_dags/example_branch_datetime_operator.py for tasks to queue
[2025-01-07T11:51:33.981+0000] {logging_mixin.py:190} INFO - [2025-01-07T11:51:33.981+0000] {dagbag.py:588} INFO - Filling up the DagBag from /home/airflow/.local/lib/python3.12/site-packages/airflow/example_dags/example_branch_datetime_operator.py
[2025-01-07T11:51:33.997+0000] {processor.py:925} INFO - DAG(s) 'example_branch_datetime_operator_3', 'example_branch_datetime_operator', 'example_branch_datetime_operator_2' retrieved from /home/airflow/.local/lib/python3.12/site-packages/airflow/example_dags/example_branch_datetime_operator.py
[2025-01-07T11:51:34.026+0000] {logging_mixin.py:190} INFO - [2025-01-07T11:51:34.026+0000] {dag.py:3239} INFO - Sync 3 DAGs
[2025-01-07T11:51:34.054+0000] {logging_mixin.py:190} INFO - [2025-01-07T11:51:34.053+0000] {dag.py:4180} INFO - Setting next_dagrun for example_branch_datetime_operator to 2025-01-06 00:00:00+00:00, run_after=2025-01-07 00:00:00+00:00
[2025-01-07T11:51:34.060+0000] {logging_mixin.py:190} INFO - [2025-01-07T11:51:34.059+0000] {dag.py:4180} INFO - Setting next_dagrun for example_branch_datetime_operator_2 to 2025-01-06 00:00:00+00:00, run_after=2025-01-07 00:00:00+00:00
[2025-01-07T11:51:34.064+0000] {logging_mixin.py:190} INFO - [2025-01-07T11:51:34.063+0000] {dag.py:4180} INFO - Setting next_dagrun for example_branch_datetime_operator_3 to 2025-01-06 00:00:00+00:00, run_after=2025-01-07 00:00:00+00:00
[2025-01-07T11:51:34.087+0000] {processor.py:208} INFO - Processing /home/airflow/.local/lib/python3.12/site-packages/airflow/example_dags/example_branch_datetime_operator.py took 0.117 seconds
[2025-01-07T11:52:04.252+0000] {processor.py:186} INFO - Started process (PID=591) to work on /home/airflow/.local/lib/python3.12/site-packages/airflow/example_dags/example_branch_datetime_operator.py
[2025-01-07T11:52:04.253+0000] {processor.py:914} INFO - Processing file /home/airflow/.local/lib/python3.12/site-packages/airflow/example_dags/example_branch_datetime_operator.py for tasks to queue
[2025-01-07T11:52:04.256+0000] {logging_mixin.py:190} INFO - [2025-01-07T11:52:04.256+0000] {dagbag.py:588} INFO - Filling up the DagBag from /home/airflow/.local/lib/python3.12/site-packages/airflow/example_dags/example_branch_datetime_operator.py
[2025-01-07T11:52:04.268+0000] {processor.py:925} INFO - DAG(s) 'example_branch_datetime_operator', 'example_branch_datetime_operator_3', 'example_branch_datetime_operator_2' retrieved from /home/airflow/.local/lib/python3.12/site-packages/airflow/example_dags/example_branch_datetime_operator.py
[2025-01-07T11:52:04.295+0000] {logging_mixin.py:190} INFO - [2025-01-07T11:52:04.294+0000] {dag.py:3239} INFO - Sync 3 DAGs
[2025-01-07T11:52:04.318+0000] {logging_mixin.py:190} INFO - [2025-01-07T11:52:04.318+0000] {dag.py:4180} INFO - Setting next_dagrun for example_branch_datetime_operator to 2025-01-06 00:00:00+00:00, run_after=2025-01-07 00:00:00+00:00
[2025-01-07T11:52:04.323+0000] {logging_mixin.py:190} INFO - [2025-01-07T11:52:04.323+0000] {dag.py:4180} INFO - Setting next_dagrun for example_branch_datetime_operator_2 to 2025-01-06 00:00:00+00:00, run_after=2025-01-07 00:00:00+00:00
[2025-01-07T11:52:04.325+0000] {logging_mixin.py:190} INFO - [2025-01-07T11:52:04.325+0000] {dag.py:4180} INFO - Setting next_dagrun for example_branch_datetime_operator_3 to 2025-01-06 00:00:00+00:00, run_after=2025-01-07 00:00:00+00:00
[2025-01-07T11:52:04.343+0000] {processor.py:208} INFO - Processing /home/airflow/.local/lib/python3.12/site-packages/airflow/example_dags/example_branch_datetime_operator.py took 0.097 seconds
[2025-01-07T11:52:34.822+0000] {processor.py:186} INFO - Started process (PID=654) to work on /home/airflow/.local/lib/python3.12/site-packages/airflow/example_dags/example_branch_datetime_operator.py
[2025-01-07T11:52:34.823+0000] {processor.py:914} INFO - Processing file /home/airflow/.local/lib/python3.12/site-packages/airflow/example_dags/example_branch_datetime_operator.py for tasks to queue
[2025-01-07T11:52:34.826+0000] {logging_mixin.py:190} INFO - [2025-01-07T11:52:34.825+0000] {dagbag.py:588} INFO - Filling up the DagBag from /home/airflow/.local/lib/python3.12/site-packages/airflow/example_dags/example_branch_datetime_operator.py
[2025-01-07T11:52:34.840+0000] {processor.py:925} INFO - DAG(s) 'example_branch_datetime_operator_3', 'example_branch_datetime_operator', 'example_branch_datetime_operator_2' retrieved from /home/airflow/.local/lib/python3.12/site-packages/airflow/example_dags/example_branch_datetime_operator.py
[2025-01-07T11:52:34.874+0000] {logging_mixin.py:190} INFO - [2025-01-07T11:52:34.873+0000] {dag.py:3239} INFO - Sync 3 DAGs
[2025-01-07T11:52:34.900+0000] {logging_mixin.py:190} INFO - [2025-01-07T11:52:34.900+0000] {dag.py:4180} INFO - Setting next_dagrun for example_branch_datetime_operator to 2025-01-06 00:00:00+00:00, run_after=2025-01-07 00:00:00+00:00
[2025-01-07T11:52:34.905+0000] {logging_mixin.py:190} INFO - [2025-01-07T11:52:34.905+0000] {dag.py:4180} INFO - Setting next_dagrun for example_branch_datetime_operator_2 to 2025-01-06 00:00:00+00:00, run_after=2025-01-07 00:00:00+00:00
[2025-01-07T11:52:34.908+0000] {logging_mixin.py:190} INFO - [2025-01-07T11:52:34.908+0000] {dag.py:4180} INFO - Setting next_dagrun for example_branch_datetime_operator_3 to 2025-01-06 00:00:00+00:00, run_after=2025-01-07 00:00:00+00:00
[2025-01-07T11:52:34.928+0000] {processor.py:208} INFO - Processing /home/airflow/.local/lib/python3.12/site-packages/airflow/example_dags/example_branch_datetime_operator.py took 0.113 seconds
[2025-01-07T11:53:05.228+0000] {processor.py:186} INFO - Started process (PID=717) to work on /home/airflow/.local/lib/python3.12/site-packages/airflow/example_dags/example_branch_datetime_operator.py
[2025-01-07T11:53:05.229+0000] {processor.py:914} INFO - Processing file /home/airflow/.local/lib/python3.12/site-packages/airflow/example_dags/example_branch_datetime_operator.py for tasks to queue
[2025-01-07T11:53:05.232+0000] {logging_mixin.py:190} INFO - [2025-01-07T11:53:05.231+0000] {dagbag.py:588} INFO - Filling up the DagBag from /home/airflow/.local/lib/python3.12/site-packages/airflow/example_dags/example_branch_datetime_operator.py
[2025-01-07T11:53:05.245+0000] {processor.py:925} INFO - DAG(s) 'example_branch_datetime_operator_2', 'example_branch_datetime_operator', 'example_branch_datetime_operator_3' retrieved from /home/airflow/.local/lib/python3.12/site-packages/airflow/example_dags/example_branch_datetime_operator.py
[2025-01-07T11:53:05.272+0000] {logging_mixin.py:190} INFO - [2025-01-07T11:53:05.272+0000] {dag.py:3239} INFO - Sync 3 DAGs
[2025-01-07T11:53:05.298+0000] {logging_mixin.py:190} INFO - [2025-01-07T11:53:05.298+0000] {dag.py:4180} INFO - Setting next_dagrun for example_branch_datetime_operator to 2025-01-06 00:00:00+00:00, run_after=2025-01-07 00:00:00+00:00
[2025-01-07T11:53:05.303+0000] {logging_mixin.py:190} INFO - [2025-01-07T11:53:05.303+0000] {dag.py:4180} INFO - Setting next_dagrun for example_branch_datetime_operator_2 to 2025-01-06 00:00:00+00:00, run_after=2025-01-07 00:00:00+00:00
[2025-01-07T11:53:05.305+0000] {logging_mixin.py:190} INFO - [2025-01-07T11:53:05.305+0000] {dag.py:4180} INFO - Setting next_dagrun for example_branch_datetime_operator_3 to 2025-01-06 00:00:00+00:00, run_after=2025-01-07 00:00:00+00:00
[2025-01-07T11:53:05.327+0000] {processor.py:208} INFO - Processing /home/airflow/.local/lib/python3.12/site-packages/airflow/example_dags/example_branch_datetime_operator.py took 0.106 seconds
[2025-01-07T11:53:35.486+0000] {processor.py:186} INFO - Started process (PID=779) to work on /home/airflow/.local/lib/python3.12/site-packages/airflow/example_dags/example_branch_datetime_operator.py
[2025-01-07T11:53:35.487+0000] {processor.py:914} INFO - Processing file /home/airflow/.local/lib/python3.12/site-packages/airflow/example_dags/example_branch_datetime_operator.py for tasks to queue
[2025-01-07T11:53:35.490+0000] {logging_mixin.py:190} INFO - [2025-01-07T11:53:35.489+0000] {dagbag.py:588} INFO - Filling up the DagBag from /home/airflow/.local/lib/python3.12/site-packages/airflow/example_dags/example_branch_datetime_operator.py
[2025-01-07T11:53:35.504+0000] {processor.py:925} INFO - DAG(s) 'example_branch_datetime_operator_3', 'example_branch_datetime_operator', 'example_branch_datetime_operator_2' retrieved from /home/airflow/.local/lib/python3.12/site-packages/airflow/example_dags/example_branch_datetime_operator.py
[2025-01-07T11:53:35.529+0000] {logging_mixin.py:190} INFO - [2025-01-07T11:53:35.528+0000] {dag.py:3239} INFO - Sync 3 DAGs
[2025-01-07T11:53:35.552+0000] {logging_mixin.py:190} INFO - [2025-01-07T11:53:35.551+0000] {dag.py:4180} INFO - Setting next_dagrun for example_branch_datetime_operator to 2025-01-06 00:00:00+00:00, run_after=2025-01-07 00:00:00+00:00
[2025-01-07T11:53:35.557+0000] {logging_mixin.py:190} INFO - [2025-01-07T11:53:35.556+0000] {dag.py:4180} INFO - Setting next_dagrun for example_branch_datetime_operator_2 to 2025-01-06 00:00:00+00:00, run_after=2025-01-07 00:00:00+00:00
[2025-01-07T11:53:35.559+0000] {logging_mixin.py:190} INFO - [2025-01-07T11:53:35.559+0000] {dag.py:4180} INFO - Setting next_dagrun for example_branch_datetime_operator_3 to 2025-01-06 00:00:00+00:00, run_after=2025-01-07 00:00:00+00:00
[2025-01-07T11:53:35.575+0000] {processor.py:208} INFO - Processing /home/airflow/.local/lib/python3.12/site-packages/airflow/example_dags/example_branch_datetime_operator.py took 0.096 seconds
[2025-01-07T11:54:06.307+0000] {processor.py:186} INFO - Started process (PID=842) to work on /home/airflow/.local/lib/python3.12/site-packages/airflow/example_dags/example_branch_datetime_operator.py
[2025-01-07T11:54:06.308+0000] {processor.py:914} INFO - Processing file /home/airflow/.local/lib/python3.12/site-packages/airflow/example_dags/example_branch_datetime_operator.py for tasks to queue
[2025-01-07T11:54:06.310+0000] {logging_mixin.py:190} INFO - [2025-01-07T11:54:06.310+0000] {dagbag.py:588} INFO - Filling up the DagBag from /home/airflow/.local/lib/python3.12/site-packages/airflow/example_dags/example_branch_datetime_operator.py
[2025-01-07T11:54:06.322+0000] {processor.py:925} INFO - DAG(s) 'example_branch_datetime_operator_3', 'example_branch_datetime_operator_2', 'example_branch_datetime_operator' retrieved from /home/airflow/.local/lib/python3.12/site-packages/airflow/example_dags/example_branch_datetime_operator.py
[2025-01-07T11:54:06.347+0000] {logging_mixin.py:190} INFO - [2025-01-07T11:54:06.347+0000] {dag.py:3239} INFO - Sync 3 DAGs
[2025-01-07T11:54:06.373+0000] {logging_mixin.py:190} INFO - [2025-01-07T11:54:06.373+0000] {dag.py:4180} INFO - Setting next_dagrun for example_branch_datetime_operator to 2025-01-06 00:00:00+00:00, run_after=2025-01-07 00:00:00+00:00
[2025-01-07T11:54:06.378+0000] {logging_mixin.py:190} INFO - [2025-01-07T11:54:06.377+0000] {dag.py:4180} INFO - Setting next_dagrun for example_branch_datetime_operator_2 to 2025-01-06 00:00:00+00:00, run_after=2025-01-07 00:00:00+00:00
[2025-01-07T11:54:06.380+0000] {logging_mixin.py:190} INFO - [2025-01-07T11:54:06.380+0000] {dag.py:4180} INFO - Setting next_dagrun for example_branch_datetime_operator_3 to 2025-01-06 00:00:00+00:00, run_after=2025-01-07 00:00:00+00:00
[2025-01-07T11:54:06.395+0000] {processor.py:208} INFO - Processing /home/airflow/.local/lib/python3.12/site-packages/airflow/example_dags/example_branch_datetime_operator.py took 0.094 seconds
[2025-01-07T11:54:37.099+0000] {processor.py:186} INFO - Started process (PID=905) to work on /home/airflow/.local/lib/python3.12/site-packages/airflow/example_dags/example_branch_datetime_operator.py
[2025-01-07T11:54:37.100+0000] {processor.py:914} INFO - Processing file /home/airflow/.local/lib/python3.12/site-packages/airflow/example_dags/example_branch_datetime_operator.py for tasks to queue
[2025-01-07T11:54:37.103+0000] {logging_mixin.py:190} INFO - [2025-01-07T11:54:37.102+0000] {dagbag.py:588} INFO - Filling up the DagBag from /home/airflow/.local/lib/python3.12/site-packages/airflow/example_dags/example_branch_datetime_operator.py
[2025-01-07T11:54:37.116+0000] {processor.py:925} INFO - DAG(s) 'example_branch_datetime_operator_3', 'example_branch_datetime_operator', 'example_branch_datetime_operator_2' retrieved from /home/airflow/.local/lib/python3.12/site-packages/airflow/example_dags/example_branch_datetime_operator.py
[2025-01-07T11:54:37.170+0000] {logging_mixin.py:190} INFO - [2025-01-07T11:54:37.170+0000] {dag.py:3239} INFO - Sync 3 DAGs
[2025-01-07T11:54:37.210+0000] {logging_mixin.py:190} INFO - [2025-01-07T11:54:37.210+0000] {dag.py:4180} INFO - Setting next_dagrun for example_branch_datetime_operator to 2025-01-06 00:00:00+00:00, run_after=2025-01-07 00:00:00+00:00
[2025-01-07T11:54:37.216+0000] {logging_mixin.py:190} INFO - [2025-01-07T11:54:37.216+0000] {dag.py:4180} INFO - Setting next_dagrun for example_branch_datetime_operator_2 to 2025-01-06 00:00:00+00:00, run_after=2025-01-07 00:00:00+00:00
[2025-01-07T11:54:37.220+0000] {logging_mixin.py:190} INFO - [2025-01-07T11:54:37.219+0000] {dag.py:4180} INFO - Setting next_dagrun for example_branch_datetime_operator_3 to 2025-01-06 00:00:00+00:00, run_after=2025-01-07 00:00:00+00:00
[2025-01-07T11:54:37.239+0000] {processor.py:208} INFO - Processing /home/airflow/.local/lib/python3.12/site-packages/airflow/example_dags/example_branch_datetime_operator.py took 0.146 seconds
[2025-01-07T11:55:07.477+0000] {processor.py:186} INFO - Started process (PID=968) to work on /home/airflow/.local/lib/python3.12/site-packages/airflow/example_dags/example_branch_datetime_operator.py
[2025-01-07T11:55:07.478+0000] {processor.py:914} INFO - Processing file /home/airflow/.local/lib/python3.12/site-packages/airflow/example_dags/example_branch_datetime_operator.py for tasks to queue
[2025-01-07T11:55:07.481+0000] {logging_mixin.py:190} INFO - [2025-01-07T11:55:07.480+0000] {dagbag.py:588} INFO - Filling up the DagBag from /home/airflow/.local/lib/python3.12/site-packages/airflow/example_dags/example_branch_datetime_operator.py
[2025-01-07T11:55:07.492+0000] {processor.py:925} INFO - DAG(s) 'example_branch_datetime_operator_2', 'example_branch_datetime_operator', 'example_branch_datetime_operator_3' retrieved from /home/airflow/.local/lib/python3.12/site-packages/airflow/example_dags/example_branch_datetime_operator.py
[2025-01-07T11:55:07.519+0000] {logging_mixin.py:190} INFO - [2025-01-07T11:55:07.518+0000] {dag.py:3239} INFO - Sync 3 DAGs
[2025-01-07T11:55:07.545+0000] {logging_mixin.py:190} INFO - [2025-01-07T11:55:07.545+0000] {dag.py:4180} INFO - Setting next_dagrun for example_branch_datetime_operator to 2025-01-06 00:00:00+00:00, run_after=2025-01-07 00:00:00+00:00
[2025-01-07T11:55:07.550+0000] {logging_mixin.py:190} INFO - [2025-01-07T11:55:07.550+0000] {dag.py:4180} INFO - Setting next_dagrun for example_branch_datetime_operator_2 to 2025-01-06 00:00:00+00:00, run_after=2025-01-07 00:00:00+00:00
[2025-01-07T11:55:07.552+0000] {logging_mixin.py:190} INFO - [2025-01-07T11:55:07.552+0000] {dag.py:4180} INFO - Setting next_dagrun for example_branch_datetime_operator_3 to 2025-01-06 00:00:00+00:00, run_after=2025-01-07 00:00:00+00:00
[2025-01-07T11:55:07.568+0000] {processor.py:208} INFO - Processing /home/airflow/.local/lib/python3.12/site-packages/airflow/example_dags/example_branch_datetime_operator.py took 0.097 seconds
[2025-01-07T11:55:38.199+0000] {processor.py:186} INFO - Started process (PID=1031) to work on /home/airflow/.local/lib/python3.12/site-packages/airflow/example_dags/example_branch_datetime_operator.py
[2025-01-07T11:55:38.200+0000] {processor.py:914} INFO - Processing file /home/airflow/.local/lib/python3.12/site-packages/airflow/example_dags/example_branch_datetime_operator.py for tasks to queue
[2025-01-07T11:55:38.202+0000] {logging_mixin.py:190} INFO - [2025-01-07T11:55:38.202+0000] {dagbag.py:588} INFO - Filling up the DagBag from /home/airflow/.local/lib/python3.12/site-packages/airflow/example_dags/example_branch_datetime_operator.py
[2025-01-07T11:55:38.213+0000] {processor.py:925} INFO - DAG(s) 'example_branch_datetime_operator_2', 'example_branch_datetime_operator', 'example_branch_datetime_operator_3' retrieved from /home/airflow/.local/lib/python3.12/site-packages/airflow/example_dags/example_branch_datetime_operator.py
[2025-01-07T11:55:38.241+0000] {logging_mixin.py:190} INFO - [2025-01-07T11:55:38.240+0000] {dag.py:3239} INFO - Sync 3 DAGs
[2025-01-07T11:55:38.269+0000] {logging_mixin.py:190} INFO - [2025-01-07T11:55:38.268+0000] {dag.py:4180} INFO - Setting next_dagrun for example_branch_datetime_operator to 2025-01-06 00:00:00+00:00, run_after=2025-01-07 00:00:00+00:00
[2025-01-07T11:55:38.274+0000] {logging_mixin.py:190} INFO - [2025-01-07T11:55:38.274+0000] {dag.py:4180} INFO - Setting next_dagrun for example_branch_datetime_operator_2 to 2025-01-06 00:00:00+00:00, run_after=2025-01-07 00:00:00+00:00
[2025-01-07T11:55:38.277+0000] {logging_mixin.py:190} INFO - [2025-01-07T11:55:38.277+0000] {dag.py:4180} INFO - Setting next_dagrun for example_branch_datetime_operator_3 to 2025-01-06 00:00:00+00:00, run_after=2025-01-07 00:00:00+00:00
[2025-01-07T11:55:38.293+0000] {processor.py:208} INFO - Processing /home/airflow/.local/lib/python3.12/site-packages/airflow/example_dags/example_branch_datetime_operator.py took 0.100 seconds
[2025-01-07T11:56:08.746+0000] {processor.py:186} INFO - Started process (PID=1094) to work on /home/airflow/.local/lib/python3.12/site-packages/airflow/example_dags/example_branch_datetime_operator.py
[2025-01-07T11:56:08.747+0000] {processor.py:914} INFO - Processing file /home/airflow/.local/lib/python3.12/site-packages/airflow/example_dags/example_branch_datetime_operator.py for tasks to queue
[2025-01-07T11:56:08.750+0000] {logging_mixin.py:190} INFO - [2025-01-07T11:56:08.749+0000] {dagbag.py:588} INFO - Filling up the DagBag from /home/airflow/.local/lib/python3.12/site-packages/airflow/example_dags/example_branch_datetime_operator.py
[2025-01-07T11:56:08.762+0000] {processor.py:925} INFO - DAG(s) 'example_branch_datetime_operator_3', 'example_branch_datetime_operator', 'example_branch_datetime_operator_2' retrieved from /home/airflow/.local/lib/python3.12/site-packages/airflow/example_dags/example_branch_datetime_operator.py
[2025-01-07T11:56:08.795+0000] {logging_mixin.py:190} INFO - [2025-01-07T11:56:08.794+0000] {dag.py:3239} INFO - Sync 3 DAGs
[2025-01-07T11:56:08.824+0000] {logging_mixin.py:190} INFO - [2025-01-07T11:56:08.824+0000] {dag.py:4180} INFO - Setting next_dagrun for example_branch_datetime_operator to 2025-01-06 00:00:00+00:00, run_after=2025-01-07 00:00:00+00:00
[2025-01-07T11:56:08.829+0000] {logging_mixin.py:190} INFO - [2025-01-07T11:56:08.829+0000] {dag.py:4180} INFO - Setting next_dagrun for example_branch_datetime_operator_2 to 2025-01-06 00:00:00+00:00, run_after=2025-01-07 00:00:00+00:00
[2025-01-07T11:56:08.832+0000] {logging_mixin.py:190} INFO - [2025-01-07T11:56:08.831+0000] {dag.py:4180} INFO - Setting next_dagrun for example_branch_datetime_operator_3 to 2025-01-06 00:00:00+00:00, run_after=2025-01-07 00:00:00+00:00
[2025-01-07T11:56:08.853+0000] {processor.py:208} INFO - Processing /home/airflow/.local/lib/python3.12/site-packages/airflow/example_dags/example_branch_datetime_operator.py took 0.113 seconds
[2025-01-07T11:56:39.561+0000] {processor.py:186} INFO - Started process (PID=1157) to work on /home/airflow/.local/lib/python3.12/site-packages/airflow/example_dags/example_branch_datetime_operator.py
[2025-01-07T11:56:39.562+0000] {processor.py:914} INFO - Processing file /home/airflow/.local/lib/python3.12/site-packages/airflow/example_dags/example_branch_datetime_operator.py for tasks to queue
[2025-01-07T11:56:39.564+0000] {logging_mixin.py:190} INFO - [2025-01-07T11:56:39.564+0000] {dagbag.py:588} INFO - Filling up the DagBag from /home/airflow/.local/lib/python3.12/site-packages/airflow/example_dags/example_branch_datetime_operator.py
[2025-01-07T11:56:39.575+0000] {processor.py:925} INFO - DAG(s) 'example_branch_datetime_operator_2', 'example_branch_datetime_operator', 'example_branch_datetime_operator_3' retrieved from /home/airflow/.local/lib/python3.12/site-packages/airflow/example_dags/example_branch_datetime_operator.py
[2025-01-07T11:56:39.608+0000] {logging_mixin.py:190} INFO - [2025-01-07T11:56:39.608+0000] {dag.py:3239} INFO - Sync 3 DAGs
[2025-01-07T11:56:39.634+0000] {logging_mixin.py:190} INFO - [2025-01-07T11:56:39.634+0000] {dag.py:4180} INFO - Setting next_dagrun for example_branch_datetime_operator to 2025-01-06 00:00:00+00:00, run_after=2025-01-07 00:00:00+00:00
[2025-01-07T11:56:39.640+0000] {logging_mixin.py:190} INFO - [2025-01-07T11:56:39.640+0000] {dag.py:4180} INFO - Setting next_dagrun for example_branch_datetime_operator_2 to 2025-01-06 00:00:00+00:00, run_after=2025-01-07 00:00:00+00:00
[2025-01-07T11:56:39.643+0000] {logging_mixin.py:190} INFO - [2025-01-07T11:56:39.643+0000] {dag.py:4180} INFO - Setting next_dagrun for example_branch_datetime_operator_3 to 2025-01-06 00:00:00+00:00, run_after=2025-01-07 00:00:00+00:00
[2025-01-07T11:56:39.662+0000] {processor.py:208} INFO - Processing /home/airflow/.local/lib/python3.12/site-packages/airflow/example_dags/example_branch_datetime_operator.py took 0.106 seconds
[2025-01-07T11:57:09.895+0000] {processor.py:186} INFO - Started process (PID=1220) to work on /home/airflow/.local/lib/python3.12/site-packages/airflow/example_dags/example_branch_datetime_operator.py
[2025-01-07T11:57:09.896+0000] {processor.py:914} INFO - Processing file /home/airflow/.local/lib/python3.12/site-packages/airflow/example_dags/example_branch_datetime_operator.py for tasks to queue
[2025-01-07T11:57:09.899+0000] {logging_mixin.py:190} INFO - [2025-01-07T11:57:09.898+0000] {dagbag.py:588} INFO - Filling up the DagBag from /home/airflow/.local/lib/python3.12/site-packages/airflow/example_dags/example_branch_datetime_operator.py
[2025-01-07T11:57:09.910+0000] {processor.py:925} INFO - DAG(s) 'example_branch_datetime_operator', 'example_branch_datetime_operator_3', 'example_branch_datetime_operator_2' retrieved from /home/airflow/.local/lib/python3.12/site-packages/airflow/example_dags/example_branch_datetime_operator.py
[2025-01-07T11:57:09.938+0000] {logging_mixin.py:190} INFO - [2025-01-07T11:57:09.937+0000] {dag.py:3239} INFO - Sync 3 DAGs
[2025-01-07T11:57:09.962+0000] {logging_mixin.py:190} INFO - [2025-01-07T11:57:09.962+0000] {dag.py:4180} INFO - Setting next_dagrun for example_branch_datetime_operator to 2025-01-06 00:00:00+00:00, run_after=2025-01-07 00:00:00+00:00
[2025-01-07T11:57:09.967+0000] {logging_mixin.py:190} INFO - [2025-01-07T11:57:09.966+0000] {dag.py:4180} INFO - Setting next_dagrun for example_branch_datetime_operator_2 to 2025-01-06 00:00:00+00:00, run_after=2025-01-07 00:00:00+00:00
[2025-01-07T11:57:09.969+0000] {logging_mixin.py:190} INFO - [2025-01-07T11:57:09.969+0000] {dag.py:4180} INFO - Setting next_dagrun for example_branch_datetime_operator_3 to 2025-01-06 00:00:00+00:00, run_after=2025-01-07 00:00:00+00:00
[2025-01-07T11:57:09.985+0000] {processor.py:208} INFO - Processing /home/airflow/.local/lib/python3.12/site-packages/airflow/example_dags/example_branch_datetime_operator.py took 0.095 seconds
[2025-01-07T11:57:40.816+0000] {processor.py:186} INFO - Started process (PID=1291) to work on /home/airflow/.local/lib/python3.12/site-packages/airflow/example_dags/example_branch_datetime_operator.py
[2025-01-07T11:57:40.818+0000] {processor.py:914} INFO - Processing file /home/airflow/.local/lib/python3.12/site-packages/airflow/example_dags/example_branch_datetime_operator.py for tasks to queue
[2025-01-07T11:57:40.824+0000] {logging_mixin.py:190} INFO - [2025-01-07T11:57:40.824+0000] {dagbag.py:588} INFO - Filling up the DagBag from /home/airflow/.local/lib/python3.12/site-packages/airflow/example_dags/example_branch_datetime_operator.py
[2025-01-07T11:57:40.852+0000] {processor.py:925} INFO - DAG(s) 'example_branch_datetime_operator', 'example_branch_datetime_operator_3', 'example_branch_datetime_operator_2' retrieved from /home/airflow/.local/lib/python3.12/site-packages/airflow/example_dags/example_branch_datetime_operator.py
[2025-01-07T11:57:40.937+0000] {logging_mixin.py:190} INFO - [2025-01-07T11:57:40.936+0000] {dag.py:3239} INFO - Sync 3 DAGs
[2025-01-07T11:57:41.012+0000] {logging_mixin.py:190} INFO - [2025-01-07T11:57:41.012+0000] {dag.py:4180} INFO - Setting next_dagrun for example_branch_datetime_operator to 2025-01-06 00:00:00+00:00, run_after=2025-01-07 00:00:00+00:00
[2025-01-07T11:57:41.027+0000] {logging_mixin.py:190} INFO - [2025-01-07T11:57:41.027+0000] {dag.py:4180} INFO - Setting next_dagrun for example_branch_datetime_operator_2 to 2025-01-06 00:00:00+00:00, run_after=2025-01-07 00:00:00+00:00
[2025-01-07T11:57:41.036+0000] {logging_mixin.py:190} INFO - [2025-01-07T11:57:41.035+0000] {dag.py:4180} INFO - Setting next_dagrun for example_branch_datetime_operator_3 to 2025-01-06 00:00:00+00:00, run_after=2025-01-07 00:00:00+00:00
[2025-01-07T11:57:41.096+0000] {processor.py:208} INFO - Processing /home/airflow/.local/lib/python3.12/site-packages/airflow/example_dags/example_branch_datetime_operator.py took 0.289 seconds
[2025-01-07T11:58:11.189+0000] {processor.py:186} INFO - Started process (PID=1354) to work on /home/airflow/.local/lib/python3.12/site-packages/airflow/example_dags/example_branch_datetime_operator.py
[2025-01-07T11:58:11.190+0000] {processor.py:914} INFO - Processing file /home/airflow/.local/lib/python3.12/site-packages/airflow/example_dags/example_branch_datetime_operator.py for tasks to queue
[2025-01-07T11:58:11.193+0000] {logging_mixin.py:190} INFO - [2025-01-07T11:58:11.192+0000] {dagbag.py:588} INFO - Filling up the DagBag from /home/airflow/.local/lib/python3.12/site-packages/airflow/example_dags/example_branch_datetime_operator.py
[2025-01-07T11:58:11.205+0000] {processor.py:925} INFO - DAG(s) 'example_branch_datetime_operator_2', 'example_branch_datetime_operator_3', 'example_branch_datetime_operator' retrieved from /home/airflow/.local/lib/python3.12/site-packages/airflow/example_dags/example_branch_datetime_operator.py
[2025-01-07T11:58:11.235+0000] {logging_mixin.py:190} INFO - [2025-01-07T11:58:11.235+0000] {dag.py:3239} INFO - Sync 3 DAGs
[2025-01-07T11:58:11.259+0000] {logging_mixin.py:190} INFO - [2025-01-07T11:58:11.259+0000] {dag.py:4180} INFO - Setting next_dagrun for example_branch_datetime_operator to 2025-01-06 00:00:00+00:00, run_after=2025-01-07 00:00:00+00:00
[2025-01-07T11:58:11.265+0000] {logging_mixin.py:190} INFO - [2025-01-07T11:58:11.264+0000] {dag.py:4180} INFO - Setting next_dagrun for example_branch_datetime_operator_2 to 2025-01-06 00:00:00+00:00, run_after=2025-01-07 00:00:00+00:00
[2025-01-07T11:58:11.268+0000] {logging_mixin.py:190} INFO - [2025-01-07T11:58:11.268+0000] {dag.py:4180} INFO - Setting next_dagrun for example_branch_datetime_operator_3 to 2025-01-06 00:00:00+00:00, run_after=2025-01-07 00:00:00+00:00
[2025-01-07T11:58:11.286+0000] {processor.py:208} INFO - Processing /home/airflow/.local/lib/python3.12/site-packages/airflow/example_dags/example_branch_datetime_operator.py took 0.103 seconds
[2025-01-07T11:58:41.524+0000] {processor.py:186} INFO - Started process (PID=1417) to work on /home/airflow/.local/lib/python3.12/site-packages/airflow/example_dags/example_branch_datetime_operator.py
[2025-01-07T11:58:41.525+0000] {processor.py:914} INFO - Processing file /home/airflow/.local/lib/python3.12/site-packages/airflow/example_dags/example_branch_datetime_operator.py for tasks to queue
[2025-01-07T11:58:41.528+0000] {logging_mixin.py:190} INFO - [2025-01-07T11:58:41.527+0000] {dagbag.py:588} INFO - Filling up the DagBag from /home/airflow/.local/lib/python3.12/site-packages/airflow/example_dags/example_branch_datetime_operator.py
[2025-01-07T11:58:41.543+0000] {processor.py:925} INFO - DAG(s) 'example_branch_datetime_operator_3', 'example_branch_datetime_operator', 'example_branch_datetime_operator_2' retrieved from /home/airflow/.local/lib/python3.12/site-packages/airflow/example_dags/example_branch_datetime_operator.py
[2025-01-07T11:58:41.572+0000] {logging_mixin.py:190} INFO - [2025-01-07T11:58:41.572+0000] {dag.py:3239} INFO - Sync 3 DAGs
[2025-01-07T11:58:41.596+0000] {logging_mixin.py:190} INFO - [2025-01-07T11:58:41.596+0000] {dag.py:4180} INFO - Setting next_dagrun for example_branch_datetime_operator to 2025-01-06 00:00:00+00:00, run_after=2025-01-07 00:00:00+00:00
[2025-01-07T11:58:41.603+0000] {logging_mixin.py:190} INFO - [2025-01-07T11:58:41.603+0000] {dag.py:4180} INFO - Setting next_dagrun for example_branch_datetime_operator_2 to 2025-01-06 00:00:00+00:00, run_after=2025-01-07 00:00:00+00:00
[2025-01-07T11:58:41.607+0000] {logging_mixin.py:190} INFO - [2025-01-07T11:58:41.606+0000] {dag.py:4180} INFO - Setting next_dagrun for example_branch_datetime_operator_3 to 2025-01-06 00:00:00+00:00, run_after=2025-01-07 00:00:00+00:00
[2025-01-07T11:58:41.625+0000] {processor.py:208} INFO - Processing /home/airflow/.local/lib/python3.12/site-packages/airflow/example_dags/example_branch_datetime_operator.py took 0.110 seconds
[2025-01-07T11:59:11.738+0000] {processor.py:186} INFO - Started process (PID=1480) to work on /home/airflow/.local/lib/python3.12/site-packages/airflow/example_dags/example_branch_datetime_operator.py
[2025-01-07T11:59:11.739+0000] {processor.py:914} INFO - Processing file /home/airflow/.local/lib/python3.12/site-packages/airflow/example_dags/example_branch_datetime_operator.py for tasks to queue
[2025-01-07T11:59:11.742+0000] {logging_mixin.py:190} INFO - [2025-01-07T11:59:11.741+0000] {dagbag.py:588} INFO - Filling up the DagBag from /home/airflow/.local/lib/python3.12/site-packages/airflow/example_dags/example_branch_datetime_operator.py
[2025-01-07T11:59:11.756+0000] {processor.py:925} INFO - DAG(s) 'example_branch_datetime_operator_2', 'example_branch_datetime_operator', 'example_branch_datetime_operator_3' retrieved from /home/airflow/.local/lib/python3.12/site-packages/airflow/example_dags/example_branch_datetime_operator.py
[2025-01-07T11:59:11.786+0000] {logging_mixin.py:190} INFO - [2025-01-07T11:59:11.785+0000] {dag.py:3239} INFO - Sync 3 DAGs
[2025-01-07T11:59:11.809+0000] {logging_mixin.py:190} INFO - [2025-01-07T11:59:11.809+0000] {dag.py:4180} INFO - Setting next_dagrun for example_branch_datetime_operator to 2025-01-06 00:00:00+00:00, run_after=2025-01-07 00:00:00+00:00
[2025-01-07T11:59:11.814+0000] {logging_mixin.py:190} INFO - [2025-01-07T11:59:11.814+0000] {dag.py:4180} INFO - Setting next_dagrun for example_branch_datetime_operator_2 to 2025-01-06 00:00:00+00:00, run_after=2025-01-07 00:00:00+00:00
[2025-01-07T11:59:11.817+0000] {logging_mixin.py:190} INFO - [2025-01-07T11:59:11.816+0000] {dag.py:4180} INFO - Setting next_dagrun for example_branch_datetime_operator_3 to 2025-01-06 00:00:00+00:00, run_after=2025-01-07 00:00:00+00:00
[2025-01-07T11:59:11.832+0000] {processor.py:208} INFO - Processing /home/airflow/.local/lib/python3.12/site-packages/airflow/example_dags/example_branch_datetime_operator.py took 0.102 seconds
[2025-01-07T11:59:42.754+0000] {processor.py:186} INFO - Started process (PID=1544) to work on /home/airflow/.local/lib/python3.12/site-packages/airflow/example_dags/example_branch_datetime_operator.py
[2025-01-07T11:59:42.755+0000] {processor.py:914} INFO - Processing file /home/airflow/.local/lib/python3.12/site-packages/airflow/example_dags/example_branch_datetime_operator.py for tasks to queue
[2025-01-07T11:59:42.758+0000] {logging_mixin.py:190} INFO - [2025-01-07T11:59:42.758+0000] {dagbag.py:588} INFO - Filling up the DagBag from /home/airflow/.local/lib/python3.12/site-packages/airflow/example_dags/example_branch_datetime_operator.py
[2025-01-07T11:59:42.770+0000] {processor.py:925} INFO - DAG(s) 'example_branch_datetime_operator_3', 'example_branch_datetime_operator', 'example_branch_datetime_operator_2' retrieved from /home/airflow/.local/lib/python3.12/site-packages/airflow/example_dags/example_branch_datetime_operator.py
[2025-01-07T11:59:42.795+0000] {logging_mixin.py:190} INFO - [2025-01-07T11:59:42.794+0000] {dag.py:3239} INFO - Sync 3 DAGs
[2025-01-07T11:59:42.817+0000] {logging_mixin.py:190} INFO - [2025-01-07T11:59:42.817+0000] {dag.py:4180} INFO - Setting next_dagrun for example_branch_datetime_operator to 2025-01-06 00:00:00+00:00, run_after=2025-01-07 00:00:00+00:00
[2025-01-07T11:59:42.822+0000] {logging_mixin.py:190} INFO - [2025-01-07T11:59:42.821+0000] {dag.py:4180} INFO - Setting next_dagrun for example_branch_datetime_operator_2 to 2025-01-06 00:00:00+00:00, run_after=2025-01-07 00:00:00+00:00
[2025-01-07T11:59:42.824+0000] {logging_mixin.py:190} INFO - [2025-01-07T11:59:42.824+0000] {dag.py:4180} INFO - Setting next_dagrun for example_branch_datetime_operator_3 to 2025-01-06 00:00:00+00:00, run_after=2025-01-07 00:00:00+00:00
[2025-01-07T11:59:42.841+0000] {processor.py:208} INFO - Processing /home/airflow/.local/lib/python3.12/site-packages/airflow/example_dags/example_branch_datetime_operator.py took 0.093 seconds
[2025-01-07T12:00:13.139+0000] {processor.py:186} INFO - Started process (PID=1607) to work on /home/airflow/.local/lib/python3.12/site-packages/airflow/example_dags/example_branch_datetime_operator.py
[2025-01-07T12:00:13.140+0000] {processor.py:914} INFO - Processing file /home/airflow/.local/lib/python3.12/site-packages/airflow/example_dags/example_branch_datetime_operator.py for tasks to queue
[2025-01-07T12:00:13.142+0000] {logging_mixin.py:190} INFO - [2025-01-07T12:00:13.142+0000] {dagbag.py:588} INFO - Filling up the DagBag from /home/airflow/.local/lib/python3.12/site-packages/airflow/example_dags/example_branch_datetime_operator.py
[2025-01-07T12:00:13.154+0000] {processor.py:925} INFO - DAG(s) 'example_branch_datetime_operator_2', 'example_branch_datetime_operator', 'example_branch_datetime_operator_3' retrieved from /home/airflow/.local/lib/python3.12/site-packages/airflow/example_dags/example_branch_datetime_operator.py
[2025-01-07T12:00:13.181+0000] {logging_mixin.py:190} INFO - [2025-01-07T12:00:13.181+0000] {dag.py:3239} INFO - Sync 3 DAGs
[2025-01-07T12:00:13.216+0000] {logging_mixin.py:190} INFO - [2025-01-07T12:00:13.215+0000] {dag.py:4180} INFO - Setting next_dagrun for example_branch_datetime_operator to 2025-01-06 00:00:00+00:00, run_after=2025-01-07 00:00:00+00:00
[2025-01-07T12:00:13.221+0000] {logging_mixin.py:190} INFO - [2025-01-07T12:00:13.221+0000] {dag.py:4180} INFO - Setting next_dagrun for example_branch_datetime_operator_2 to 2025-01-06 00:00:00+00:00, run_after=2025-01-07 00:00:00+00:00
[2025-01-07T12:00:13.224+0000] {logging_mixin.py:190} INFO - [2025-01-07T12:00:13.224+0000] {dag.py:4180} INFO - Setting next_dagrun for example_branch_datetime_operator_3 to 2025-01-06 00:00:00+00:00, run_after=2025-01-07 00:00:00+00:00
[2025-01-07T12:00:13.242+0000] {processor.py:208} INFO - Processing /home/airflow/.local/lib/python3.12/site-packages/airflow/example_dags/example_branch_datetime_operator.py took 0.109 seconds
[2025-01-07T12:00:43.346+0000] {processor.py:186} INFO - Started process (PID=1670) to work on /home/airflow/.local/lib/python3.12/site-packages/airflow/example_dags/example_branch_datetime_operator.py
[2025-01-07T12:00:43.347+0000] {processor.py:914} INFO - Processing file /home/airflow/.local/lib/python3.12/site-packages/airflow/example_dags/example_branch_datetime_operator.py for tasks to queue
[2025-01-07T12:00:43.350+0000] {logging_mixin.py:190} INFO - [2025-01-07T12:00:43.350+0000] {dagbag.py:588} INFO - Filling up the DagBag from /home/airflow/.local/lib/python3.12/site-packages/airflow/example_dags/example_branch_datetime_operator.py
[2025-01-07T12:00:43.362+0000] {processor.py:925} INFO - DAG(s) 'example_branch_datetime_operator_2', 'example_branch_datetime_operator', 'example_branch_datetime_operator_3' retrieved from /home/airflow/.local/lib/python3.12/site-packages/airflow/example_dags/example_branch_datetime_operator.py
[2025-01-07T12:00:43.395+0000] {logging_mixin.py:190} INFO - [2025-01-07T12:00:43.395+0000] {dag.py:3239} INFO - Sync 3 DAGs
[2025-01-07T12:00:43.422+0000] {logging_mixin.py:190} INFO - [2025-01-07T12:00:43.422+0000] {dag.py:4180} INFO - Setting next_dagrun for example_branch_datetime_operator to 2025-01-06 00:00:00+00:00, run_after=2025-01-07 00:00:00+00:00
[2025-01-07T12:00:43.429+0000] {logging_mixin.py:190} INFO - [2025-01-07T12:00:43.428+0000] {dag.py:4180} INFO - Setting next_dagrun for example_branch_datetime_operator_2 to 2025-01-06 00:00:00+00:00, run_after=2025-01-07 00:00:00+00:00
[2025-01-07T12:00:43.432+0000] {logging_mixin.py:190} INFO - [2025-01-07T12:00:43.432+0000] {dag.py:4180} INFO - Setting next_dagrun for example_branch_datetime_operator_3 to 2025-01-06 00:00:00+00:00, run_after=2025-01-07 00:00:00+00:00
[2025-01-07T12:00:43.451+0000] {processor.py:208} INFO - Processing /home/airflow/.local/lib/python3.12/site-packages/airflow/example_dags/example_branch_datetime_operator.py took 0.111 seconds
[2025-01-07T12:01:14.464+0000] {processor.py:186} INFO - Started process (PID=1733) to work on /home/airflow/.local/lib/python3.12/site-packages/airflow/example_dags/example_branch_datetime_operator.py
[2025-01-07T12:01:14.465+0000] {processor.py:914} INFO - Processing file /home/airflow/.local/lib/python3.12/site-packages/airflow/example_dags/example_branch_datetime_operator.py for tasks to queue
[2025-01-07T12:01:14.468+0000] {logging_mixin.py:190} INFO - [2025-01-07T12:01:14.468+0000] {dagbag.py:588} INFO - Filling up the DagBag from /home/airflow/.local/lib/python3.12/site-packages/airflow/example_dags/example_branch_datetime_operator.py
[2025-01-07T12:01:14.485+0000] {processor.py:925} INFO - DAG(s) 'example_branch_datetime_operator_2', 'example_branch_datetime_operator', 'example_branch_datetime_operator_3' retrieved from /home/airflow/.local/lib/python3.12/site-packages/airflow/example_dags/example_branch_datetime_operator.py
[2025-01-07T12:01:14.515+0000] {logging_mixin.py:190} INFO - [2025-01-07T12:01:14.515+0000] {dag.py:3239} INFO - Sync 3 DAGs
[2025-01-07T12:01:14.540+0000] {logging_mixin.py:190} INFO - [2025-01-07T12:01:14.540+0000] {dag.py:4180} INFO - Setting next_dagrun for example_branch_datetime_operator to 2025-01-06 00:00:00+00:00, run_after=2025-01-07 00:00:00+00:00
[2025-01-07T12:01:14.545+0000] {logging_mixin.py:190} INFO - [2025-01-07T12:01:14.545+0000] {dag.py:4180} INFO - Setting next_dagrun for example_branch_datetime_operator_2 to 2025-01-06 00:00:00+00:00, run_after=2025-01-07 00:00:00+00:00
[2025-01-07T12:01:14.548+0000] {logging_mixin.py:190} INFO - [2025-01-07T12:01:14.548+0000] {dag.py:4180} INFO - Setting next_dagrun for example_branch_datetime_operator_3 to 2025-01-06 00:00:00+00:00, run_after=2025-01-07 00:00:00+00:00
[2025-01-07T12:01:14.566+0000] {processor.py:208} INFO - Processing /home/airflow/.local/lib/python3.12/site-packages/airflow/example_dags/example_branch_datetime_operator.py took 0.109 seconds
[2025-01-07T12:01:45.599+0000] {processor.py:186} INFO - Started process (PID=1796) to work on /home/airflow/.local/lib/python3.12/site-packages/airflow/example_dags/example_branch_datetime_operator.py
[2025-01-07T12:01:45.600+0000] {processor.py:914} INFO - Processing file /home/airflow/.local/lib/python3.12/site-packages/airflow/example_dags/example_branch_datetime_operator.py for tasks to queue
[2025-01-07T12:01:45.602+0000] {logging_mixin.py:190} INFO - [2025-01-07T12:01:45.602+0000] {dagbag.py:588} INFO - Filling up the DagBag from /home/airflow/.local/lib/python3.12/site-packages/airflow/example_dags/example_branch_datetime_operator.py
[2025-01-07T12:01:45.614+0000] {processor.py:925} INFO - DAG(s) 'example_branch_datetime_operator_2', 'example_branch_datetime_operator_3', 'example_branch_datetime_operator' retrieved from /home/airflow/.local/lib/python3.12/site-packages/airflow/example_dags/example_branch_datetime_operator.py
[2025-01-07T12:01:45.638+0000] {logging_mixin.py:190} INFO - [2025-01-07T12:01:45.638+0000] {dag.py:3239} INFO - Sync 3 DAGs
[2025-01-07T12:01:45.661+0000] {logging_mixin.py:190} INFO - [2025-01-07T12:01:45.661+0000] {dag.py:4180} INFO - Setting next_dagrun for example_branch_datetime_operator to 2025-01-06 00:00:00+00:00, run_after=2025-01-07 00:00:00+00:00
[2025-01-07T12:01:45.666+0000] {logging_mixin.py:190} INFO - [2025-01-07T12:01:45.666+0000] {dag.py:4180} INFO - Setting next_dagrun for example_branch_datetime_operator_2 to 2025-01-06 00:00:00+00:00, run_after=2025-01-07 00:00:00+00:00
[2025-01-07T12:01:45.668+0000] {logging_mixin.py:190} INFO - [2025-01-07T12:01:45.668+0000] {dag.py:4180} INFO - Setting next_dagrun for example_branch_datetime_operator_3 to 2025-01-06 00:00:00+00:00, run_after=2025-01-07 00:00:00+00:00
[2025-01-07T12:01:45.685+0000] {processor.py:208} INFO - Processing /home/airflow/.local/lib/python3.12/site-packages/airflow/example_dags/example_branch_datetime_operator.py took 0.092 seconds
[2025-01-07T12:02:16.961+0000] {processor.py:186} INFO - Started process (PID=1859) to work on /home/airflow/.local/lib/python3.12/site-packages/airflow/example_dags/example_branch_datetime_operator.py
[2025-01-07T12:02:16.962+0000] {processor.py:914} INFO - Processing file /home/airflow/.local/lib/python3.12/site-packages/airflow/example_dags/example_branch_datetime_operator.py for tasks to queue
[2025-01-07T12:02:16.965+0000] {logging_mixin.py:190} INFO - [2025-01-07T12:02:16.964+0000] {dagbag.py:588} INFO - Filling up the DagBag from /home/airflow/.local/lib/python3.12/site-packages/airflow/example_dags/example_branch_datetime_operator.py
[2025-01-07T12:02:16.976+0000] {processor.py:925} INFO - DAG(s) 'example_branch_datetime_operator_2', 'example_branch_datetime_operator_3', 'example_branch_datetime_operator' retrieved from /home/airflow/.local/lib/python3.12/site-packages/airflow/example_dags/example_branch_datetime_operator.py
[2025-01-07T12:02:17.007+0000] {logging_mixin.py:190} INFO - [2025-01-07T12:02:17.007+0000] {dag.py:3239} INFO - Sync 3 DAGs
[2025-01-07T12:02:17.030+0000] {logging_mixin.py:190} INFO - [2025-01-07T12:02:17.030+0000] {dag.py:4180} INFO - Setting next_dagrun for example_branch_datetime_operator to 2025-01-06 00:00:00+00:00, run_after=2025-01-07 00:00:00+00:00
[2025-01-07T12:02:17.036+0000] {logging_mixin.py:190} INFO - [2025-01-07T12:02:17.036+0000] {dag.py:4180} INFO - Setting next_dagrun for example_branch_datetime_operator_2 to 2025-01-06 00:00:00+00:00, run_after=2025-01-07 00:00:00+00:00
[2025-01-07T12:02:17.039+0000] {logging_mixin.py:190} INFO - [2025-01-07T12:02:17.039+0000] {dag.py:4180} INFO - Setting next_dagrun for example_branch_datetime_operator_3 to 2025-01-06 00:00:00+00:00, run_after=2025-01-07 00:00:00+00:00
[2025-01-07T12:02:17.065+0000] {processor.py:208} INFO - Processing /home/airflow/.local/lib/python3.12/site-packages/airflow/example_dags/example_branch_datetime_operator.py took 0.109 seconds
[2025-01-07T12:02:47.775+0000] {processor.py:186} INFO - Started process (PID=1922) to work on /home/airflow/.local/lib/python3.12/site-packages/airflow/example_dags/example_branch_datetime_operator.py
[2025-01-07T12:02:47.776+0000] {processor.py:914} INFO - Processing file /home/airflow/.local/lib/python3.12/site-packages/airflow/example_dags/example_branch_datetime_operator.py for tasks to queue
[2025-01-07T12:02:47.779+0000] {logging_mixin.py:190} INFO - [2025-01-07T12:02:47.779+0000] {dagbag.py:588} INFO - Filling up the DagBag from /home/airflow/.local/lib/python3.12/site-packages/airflow/example_dags/example_branch_datetime_operator.py
[2025-01-07T12:02:47.793+0000] {processor.py:925} INFO - DAG(s) 'example_branch_datetime_operator', 'example_branch_datetime_operator_3', 'example_branch_datetime_operator_2' retrieved from /home/airflow/.local/lib/python3.12/site-packages/airflow/example_dags/example_branch_datetime_operator.py
[2025-01-07T12:02:47.825+0000] {logging_mixin.py:190} INFO - [2025-01-07T12:02:47.825+0000] {dag.py:3239} INFO - Sync 3 DAGs
[2025-01-07T12:02:47.851+0000] {logging_mixin.py:190} INFO - [2025-01-07T12:02:47.850+0000] {dag.py:4180} INFO - Setting next_dagrun for example_branch_datetime_operator to 2025-01-06 00:00:00+00:00, run_after=2025-01-07 00:00:00+00:00
[2025-01-07T12:02:47.856+0000] {logging_mixin.py:190} INFO - [2025-01-07T12:02:47.856+0000] {dag.py:4180} INFO - Setting next_dagrun for example_branch_datetime_operator_2 to 2025-01-06 00:00:00+00:00, run_after=2025-01-07 00:00:00+00:00
[2025-01-07T12:02:47.860+0000] {logging_mixin.py:190} INFO - [2025-01-07T12:02:47.859+0000] {dag.py:4180} INFO - Setting next_dagrun for example_branch_datetime_operator_3 to 2025-01-06 00:00:00+00:00, run_after=2025-01-07 00:00:00+00:00
[2025-01-07T12:02:47.879+0000] {processor.py:208} INFO - Processing /home/airflow/.local/lib/python3.12/site-packages/airflow/example_dags/example_branch_datetime_operator.py took 0.112 seconds
[2025-01-07T12:03:18.850+0000] {processor.py:186} INFO - Started process (PID=1991) to work on /home/airflow/.local/lib/python3.12/site-packages/airflow/example_dags/example_branch_datetime_operator.py
[2025-01-07T12:03:18.852+0000] {processor.py:914} INFO - Processing file /home/airflow/.local/lib/python3.12/site-packages/airflow/example_dags/example_branch_datetime_operator.py for tasks to queue
[2025-01-07T12:03:18.855+0000] {logging_mixin.py:190} INFO - [2025-01-07T12:03:18.854+0000] {dagbag.py:588} INFO - Filling up the DagBag from /home/airflow/.local/lib/python3.12/site-packages/airflow/example_dags/example_branch_datetime_operator.py
[2025-01-07T12:03:18.869+0000] {processor.py:925} INFO - DAG(s) 'example_branch_datetime_operator_2', 'example_branch_datetime_operator_3', 'example_branch_datetime_operator' retrieved from /home/airflow/.local/lib/python3.12/site-packages/airflow/example_dags/example_branch_datetime_operator.py
[2025-01-07T12:03:18.897+0000] {logging_mixin.py:190} INFO - [2025-01-07T12:03:18.897+0000] {dag.py:3239} INFO - Sync 3 DAGs
[2025-01-07T12:03:18.922+0000] {logging_mixin.py:190} INFO - [2025-01-07T12:03:18.922+0000] {dag.py:4180} INFO - Setting next_dagrun for example_branch_datetime_operator to 2025-01-06 00:00:00+00:00, run_after=2025-01-07 00:00:00+00:00
[2025-01-07T12:03:18.928+0000] {logging_mixin.py:190} INFO - [2025-01-07T12:03:18.928+0000] {dag.py:4180} INFO - Setting next_dagrun for example_branch_datetime_operator_2 to 2025-01-06 00:00:00+00:00, run_after=2025-01-07 00:00:00+00:00
[2025-01-07T12:03:18.931+0000] {logging_mixin.py:190} INFO - [2025-01-07T12:03:18.930+0000] {dag.py:4180} INFO - Setting next_dagrun for example_branch_datetime_operator_3 to 2025-01-06 00:00:00+00:00, run_after=2025-01-07 00:00:00+00:00
[2025-01-07T12:03:18.949+0000] {processor.py:208} INFO - Processing /home/airflow/.local/lib/python3.12/site-packages/airflow/example_dags/example_branch_datetime_operator.py took 0.107 seconds
[2025-01-07T12:03:49.506+0000] {processor.py:186} INFO - Started process (PID=2054) to work on /home/airflow/.local/lib/python3.12/site-packages/airflow/example_dags/example_branch_datetime_operator.py
[2025-01-07T12:03:49.507+0000] {processor.py:914} INFO - Processing file /home/airflow/.local/lib/python3.12/site-packages/airflow/example_dags/example_branch_datetime_operator.py for tasks to queue
[2025-01-07T12:03:49.510+0000] {logging_mixin.py:190} INFO - [2025-01-07T12:03:49.509+0000] {dagbag.py:588} INFO - Filling up the DagBag from /home/airflow/.local/lib/python3.12/site-packages/airflow/example_dags/example_branch_datetime_operator.py
[2025-01-07T12:03:49.521+0000] {processor.py:925} INFO - DAG(s) 'example_branch_datetime_operator_2', 'example_branch_datetime_operator', 'example_branch_datetime_operator_3' retrieved from /home/airflow/.local/lib/python3.12/site-packages/airflow/example_dags/example_branch_datetime_operator.py
[2025-01-07T12:03:49.545+0000] {logging_mixin.py:190} INFO - [2025-01-07T12:03:49.545+0000] {dag.py:3239} INFO - Sync 3 DAGs
[2025-01-07T12:03:49.574+0000] {logging_mixin.py:190} INFO - [2025-01-07T12:03:49.574+0000] {dag.py:4180} INFO - Setting next_dagrun for example_branch_datetime_operator to 2025-01-06 00:00:00+00:00, run_after=2025-01-07 00:00:00+00:00
[2025-01-07T12:03:49.579+0000] {logging_mixin.py:190} INFO - [2025-01-07T12:03:49.579+0000] {dag.py:4180} INFO - Setting next_dagrun for example_branch_datetime_operator_2 to 2025-01-06 00:00:00+00:00, run_after=2025-01-07 00:00:00+00:00
[2025-01-07T12:03:49.582+0000] {logging_mixin.py:190} INFO - [2025-01-07T12:03:49.581+0000] {dag.py:4180} INFO - Setting next_dagrun for example_branch_datetime_operator_3 to 2025-01-06 00:00:00+00:00, run_after=2025-01-07 00:00:00+00:00
[2025-01-07T12:03:49.600+0000] {processor.py:208} INFO - Processing /home/airflow/.local/lib/python3.12/site-packages/airflow/example_dags/example_branch_datetime_operator.py took 0.099 seconds
[2025-01-07T12:04:20.765+0000] {processor.py:186} INFO - Started process (PID=2117) to work on /home/airflow/.local/lib/python3.12/site-packages/airflow/example_dags/example_branch_datetime_operator.py
[2025-01-07T12:04:20.766+0000] {processor.py:914} INFO - Processing file /home/airflow/.local/lib/python3.12/site-packages/airflow/example_dags/example_branch_datetime_operator.py for tasks to queue
[2025-01-07T12:04:20.769+0000] {logging_mixin.py:190} INFO - [2025-01-07T12:04:20.769+0000] {dagbag.py:588} INFO - Filling up the DagBag from /home/airflow/.local/lib/python3.12/site-packages/airflow/example_dags/example_branch_datetime_operator.py
[2025-01-07T12:04:20.783+0000] {processor.py:925} INFO - DAG(s) 'example_branch_datetime_operator', 'example_branch_datetime_operator_2', 'example_branch_datetime_operator_3' retrieved from /home/airflow/.local/lib/python3.12/site-packages/airflow/example_dags/example_branch_datetime_operator.py
[2025-01-07T12:04:20.816+0000] {logging_mixin.py:190} INFO - [2025-01-07T12:04:20.816+0000] {dag.py:3239} INFO - Sync 3 DAGs
[2025-01-07T12:04:20.842+0000] {logging_mixin.py:190} INFO - [2025-01-07T12:04:20.841+0000] {dag.py:4180} INFO - Setting next_dagrun for example_branch_datetime_operator to 2025-01-06 00:00:00+00:00, run_after=2025-01-07 00:00:00+00:00
[2025-01-07T12:04:20.847+0000] {logging_mixin.py:190} INFO - [2025-01-07T12:04:20.847+0000] {dag.py:4180} INFO - Setting next_dagrun for example_branch_datetime_operator_2 to 2025-01-06 00:00:00+00:00, run_after=2025-01-07 00:00:00+00:00
[2025-01-07T12:04:20.850+0000] {logging_mixin.py:190} INFO - [2025-01-07T12:04:20.850+0000] {dag.py:4180} INFO - Setting next_dagrun for example_branch_datetime_operator_3 to 2025-01-06 00:00:00+00:00, run_after=2025-01-07 00:00:00+00:00
[2025-01-07T12:04:20.866+0000] {processor.py:208} INFO - Processing /home/airflow/.local/lib/python3.12/site-packages/airflow/example_dags/example_branch_datetime_operator.py took 0.108 seconds
[2025-01-07T12:04:52.030+0000] {processor.py:186} INFO - Started process (PID=2180) to work on /home/airflow/.local/lib/python3.12/site-packages/airflow/example_dags/example_branch_datetime_operator.py
[2025-01-07T12:04:52.031+0000] {processor.py:914} INFO - Processing file /home/airflow/.local/lib/python3.12/site-packages/airflow/example_dags/example_branch_datetime_operator.py for tasks to queue
[2025-01-07T12:04:52.034+0000] {logging_mixin.py:190} INFO - [2025-01-07T12:04:52.034+0000] {dagbag.py:588} INFO - Filling up the DagBag from /home/airflow/.local/lib/python3.12/site-packages/airflow/example_dags/example_branch_datetime_operator.py
[2025-01-07T12:04:52.048+0000] {processor.py:925} INFO - DAG(s) 'example_branch_datetime_operator_3', 'example_branch_datetime_operator_2', 'example_branch_datetime_operator' retrieved from /home/airflow/.local/lib/python3.12/site-packages/airflow/example_dags/example_branch_datetime_operator.py
[2025-01-07T12:04:52.077+0000] {logging_mixin.py:190} INFO - [2025-01-07T12:04:52.077+0000] {dag.py:3239} INFO - Sync 3 DAGs
[2025-01-07T12:04:52.100+0000] {logging_mixin.py:190} INFO - [2025-01-07T12:04:52.100+0000] {dag.py:4180} INFO - Setting next_dagrun for example_branch_datetime_operator to 2025-01-06 00:00:00+00:00, run_after=2025-01-07 00:00:00+00:00
[2025-01-07T12:04:52.106+0000] {logging_mixin.py:190} INFO - [2025-01-07T12:04:52.105+0000] {dag.py:4180} INFO - Setting next_dagrun for example_branch_datetime_operator_2 to 2025-01-06 00:00:00+00:00, run_after=2025-01-07 00:00:00+00:00
[2025-01-07T12:04:52.109+0000] {logging_mixin.py:190} INFO - [2025-01-07T12:04:52.108+0000] {dag.py:4180} INFO - Setting next_dagrun for example_branch_datetime_operator_3 to 2025-01-06 00:00:00+00:00, run_after=2025-01-07 00:00:00+00:00
[2025-01-07T12:04:52.129+0000] {processor.py:208} INFO - Processing /home/airflow/.local/lib/python3.12/site-packages/airflow/example_dags/example_branch_datetime_operator.py took 0.106 seconds
[2025-01-07T12:05:23.760+0000] {processor.py:186} INFO - Started process (PID=2243) to work on /home/airflow/.local/lib/python3.12/site-packages/airflow/example_dags/example_branch_datetime_operator.py
[2025-01-07T12:05:23.761+0000] {processor.py:914} INFO - Processing file /home/airflow/.local/lib/python3.12/site-packages/airflow/example_dags/example_branch_datetime_operator.py for tasks to queue
[2025-01-07T12:05:23.764+0000] {logging_mixin.py:190} INFO - [2025-01-07T12:05:23.764+0000] {dagbag.py:588} INFO - Filling up the DagBag from /home/airflow/.local/lib/python3.12/site-packages/airflow/example_dags/example_branch_datetime_operator.py
[2025-01-07T12:05:23.777+0000] {processor.py:925} INFO - DAG(s) 'example_branch_datetime_operator_3', 'example_branch_datetime_operator_2', 'example_branch_datetime_operator' retrieved from /home/airflow/.local/lib/python3.12/site-packages/airflow/example_dags/example_branch_datetime_operator.py
[2025-01-07T12:05:23.804+0000] {logging_mixin.py:190} INFO - [2025-01-07T12:05:23.804+0000] {dag.py:3239} INFO - Sync 3 DAGs
[2025-01-07T12:05:23.830+0000] {logging_mixin.py:190} INFO - [2025-01-07T12:05:23.830+0000] {dag.py:4180} INFO - Setting next_dagrun for example_branch_datetime_operator to 2025-01-06 00:00:00+00:00, run_after=2025-01-07 00:00:00+00:00
[2025-01-07T12:05:23.835+0000] {logging_mixin.py:190} INFO - [2025-01-07T12:05:23.835+0000] {dag.py:4180} INFO - Setting next_dagrun for example_branch_datetime_operator_2 to 2025-01-06 00:00:00+00:00, run_after=2025-01-07 00:00:00+00:00
[2025-01-07T12:05:23.838+0000] {logging_mixin.py:190} INFO - [2025-01-07T12:05:23.838+0000] {dag.py:4180} INFO - Setting next_dagrun for example_branch_datetime_operator_3 to 2025-01-06 00:00:00+00:00, run_after=2025-01-07 00:00:00+00:00
[2025-01-07T12:05:23.853+0000] {processor.py:208} INFO - Processing /home/airflow/.local/lib/python3.12/site-packages/airflow/example_dags/example_branch_datetime_operator.py took 0.099 seconds
[2025-01-07T12:05:55.950+0000] {processor.py:186} INFO - Started process (PID=2309) to work on /home/airflow/.local/lib/python3.12/site-packages/airflow/example_dags/example_branch_datetime_operator.py
[2025-01-07T12:05:55.951+0000] {processor.py:914} INFO - Processing file /home/airflow/.local/lib/python3.12/site-packages/airflow/example_dags/example_branch_datetime_operator.py for tasks to queue
[2025-01-07T12:05:55.954+0000] {logging_mixin.py:190} INFO - [2025-01-07T12:05:55.954+0000] {dagbag.py:588} INFO - Filling up the DagBag from /home/airflow/.local/lib/python3.12/site-packages/airflow/example_dags/example_branch_datetime_operator.py
[2025-01-07T12:05:55.970+0000] {processor.py:925} INFO - DAG(s) 'example_branch_datetime_operator_3', 'example_branch_datetime_operator_2', 'example_branch_datetime_operator' retrieved from /home/airflow/.local/lib/python3.12/site-packages/airflow/example_dags/example_branch_datetime_operator.py
[2025-01-07T12:05:56.007+0000] {logging_mixin.py:190} INFO - [2025-01-07T12:05:56.007+0000] {dag.py:3239} INFO - Sync 3 DAGs
[2025-01-07T12:05:56.038+0000] {logging_mixin.py:190} INFO - [2025-01-07T12:05:56.037+0000] {dag.py:4180} INFO - Setting next_dagrun for example_branch_datetime_operator to 2025-01-06 00:00:00+00:00, run_after=2025-01-07 00:00:00+00:00
[2025-01-07T12:05:56.044+0000] {logging_mixin.py:190} INFO - [2025-01-07T12:05:56.044+0000] {dag.py:4180} INFO - Setting next_dagrun for example_branch_datetime_operator_2 to 2025-01-06 00:00:00+00:00, run_after=2025-01-07 00:00:00+00:00
[2025-01-07T12:05:56.047+0000] {logging_mixin.py:190} INFO - [2025-01-07T12:05:56.047+0000] {dag.py:4180} INFO - Setting next_dagrun for example_branch_datetime_operator_3 to 2025-01-06 00:00:00+00:00, run_after=2025-01-07 00:00:00+00:00
[2025-01-07T12:05:56.078+0000] {processor.py:208} INFO - Processing /home/airflow/.local/lib/python3.12/site-packages/airflow/example_dags/example_branch_datetime_operator.py took 0.135 seconds
[2025-01-07T12:06:26.713+0000] {processor.py:186} INFO - Started process (PID=2372) to work on /home/airflow/.local/lib/python3.12/site-packages/airflow/example_dags/example_branch_datetime_operator.py
[2025-01-07T12:06:26.714+0000] {processor.py:914} INFO - Processing file /home/airflow/.local/lib/python3.12/site-packages/airflow/example_dags/example_branch_datetime_operator.py for tasks to queue
[2025-01-07T12:06:26.722+0000] {logging_mixin.py:190} INFO - [2025-01-07T12:06:26.721+0000] {dagbag.py:588} INFO - Filling up the DagBag from /home/airflow/.local/lib/python3.12/site-packages/airflow/example_dags/example_branch_datetime_operator.py
[2025-01-07T12:06:26.735+0000] {processor.py:925} INFO - DAG(s) 'example_branch_datetime_operator_2', 'example_branch_datetime_operator_3', 'example_branch_datetime_operator' retrieved from /home/airflow/.local/lib/python3.12/site-packages/airflow/example_dags/example_branch_datetime_operator.py
[2025-01-07T12:06:26.763+0000] {logging_mixin.py:190} INFO - [2025-01-07T12:06:26.763+0000] {dag.py:3239} INFO - Sync 3 DAGs
[2025-01-07T12:06:26.787+0000] {logging_mixin.py:190} INFO - [2025-01-07T12:06:26.787+0000] {dag.py:4180} INFO - Setting next_dagrun for example_branch_datetime_operator to 2025-01-06 00:00:00+00:00, run_after=2025-01-07 00:00:00+00:00
[2025-01-07T12:06:26.792+0000] {logging_mixin.py:190} INFO - [2025-01-07T12:06:26.792+0000] {dag.py:4180} INFO - Setting next_dagrun for example_branch_datetime_operator_2 to 2025-01-06 00:00:00+00:00, run_after=2025-01-07 00:00:00+00:00
[2025-01-07T12:06:26.796+0000] {logging_mixin.py:190} INFO - [2025-01-07T12:06:26.796+0000] {dag.py:4180} INFO - Setting next_dagrun for example_branch_datetime_operator_3 to 2025-01-06 00:00:00+00:00, run_after=2025-01-07 00:00:00+00:00
[2025-01-07T12:06:26.812+0000] {processor.py:208} INFO - Processing /home/airflow/.local/lib/python3.12/site-packages/airflow/example_dags/example_branch_datetime_operator.py took 0.106 seconds
[2025-01-07T12:06:57.420+0000] {processor.py:186} INFO - Started process (PID=2435) to work on /home/airflow/.local/lib/python3.12/site-packages/airflow/example_dags/example_branch_datetime_operator.py
[2025-01-07T12:06:57.422+0000] {processor.py:914} INFO - Processing file /home/airflow/.local/lib/python3.12/site-packages/airflow/example_dags/example_branch_datetime_operator.py for tasks to queue
[2025-01-07T12:06:57.425+0000] {logging_mixin.py:190} INFO - [2025-01-07T12:06:57.424+0000] {dagbag.py:588} INFO - Filling up the DagBag from /home/airflow/.local/lib/python3.12/site-packages/airflow/example_dags/example_branch_datetime_operator.py
[2025-01-07T12:06:57.440+0000] {processor.py:925} INFO - DAG(s) 'example_branch_datetime_operator_3', 'example_branch_datetime_operator_2', 'example_branch_datetime_operator' retrieved from /home/airflow/.local/lib/python3.12/site-packages/airflow/example_dags/example_branch_datetime_operator.py
[2025-01-07T12:06:57.468+0000] {logging_mixin.py:190} INFO - [2025-01-07T12:06:57.468+0000] {dag.py:3239} INFO - Sync 3 DAGs
[2025-01-07T12:06:57.493+0000] {logging_mixin.py:190} INFO - [2025-01-07T12:06:57.493+0000] {dag.py:4180} INFO - Setting next_dagrun for example_branch_datetime_operator to 2025-01-06 00:00:00+00:00, run_after=2025-01-07 00:00:00+00:00
[2025-01-07T12:06:57.499+0000] {logging_mixin.py:190} INFO - [2025-01-07T12:06:57.499+0000] {dag.py:4180} INFO - Setting next_dagrun for example_branch_datetime_operator_2 to 2025-01-06 00:00:00+00:00, run_after=2025-01-07 00:00:00+00:00
[2025-01-07T12:06:57.502+0000] {logging_mixin.py:190} INFO - [2025-01-07T12:06:57.501+0000] {dag.py:4180} INFO - Setting next_dagrun for example_branch_datetime_operator_3 to 2025-01-06 00:00:00+00:00, run_after=2025-01-07 00:00:00+00:00
[2025-01-07T12:06:57.518+0000] {processor.py:208} INFO - Processing /home/airflow/.local/lib/python3.12/site-packages/airflow/example_dags/example_branch_datetime_operator.py took 0.104 seconds
[2025-01-07T12:07:28.794+0000] {processor.py:186} INFO - Started process (PID=2499) to work on /home/airflow/.local/lib/python3.12/site-packages/airflow/example_dags/example_branch_datetime_operator.py
[2025-01-07T12:07:28.795+0000] {processor.py:914} INFO - Processing file /home/airflow/.local/lib/python3.12/site-packages/airflow/example_dags/example_branch_datetime_operator.py for tasks to queue
[2025-01-07T12:07:28.797+0000] {logging_mixin.py:190} INFO - [2025-01-07T12:07:28.797+0000] {dagbag.py:588} INFO - Filling up the DagBag from /home/airflow/.local/lib/python3.12/site-packages/airflow/example_dags/example_branch_datetime_operator.py
[2025-01-07T12:07:28.811+0000] {processor.py:925} INFO - DAG(s) 'example_branch_datetime_operator', 'example_branch_datetime_operator_3', 'example_branch_datetime_operator_2' retrieved from /home/airflow/.local/lib/python3.12/site-packages/airflow/example_dags/example_branch_datetime_operator.py
[2025-01-07T12:07:28.839+0000] {logging_mixin.py:190} INFO - [2025-01-07T12:07:28.839+0000] {dag.py:3239} INFO - Sync 3 DAGs
[2025-01-07T12:07:28.867+0000] {logging_mixin.py:190} INFO - [2025-01-07T12:07:28.866+0000] {dag.py:4180} INFO - Setting next_dagrun for example_branch_datetime_operator to 2025-01-06 00:00:00+00:00, run_after=2025-01-07 00:00:00+00:00
[2025-01-07T12:07:28.872+0000] {logging_mixin.py:190} INFO - [2025-01-07T12:07:28.871+0000] {dag.py:4180} INFO - Setting next_dagrun for example_branch_datetime_operator_2 to 2025-01-06 00:00:00+00:00, run_after=2025-01-07 00:00:00+00:00
[2025-01-07T12:07:28.874+0000] {logging_mixin.py:190} INFO - [2025-01-07T12:07:28.874+0000] {dag.py:4180} INFO - Setting next_dagrun for example_branch_datetime_operator_3 to 2025-01-06 00:00:00+00:00, run_after=2025-01-07 00:00:00+00:00
[2025-01-07T12:07:28.891+0000] {processor.py:208} INFO - Processing /home/airflow/.local/lib/python3.12/site-packages/airflow/example_dags/example_branch_datetime_operator.py took 0.103 seconds
[2025-01-07T12:08:01.967+0000] {processor.py:186} INFO - Started process (PID=2564) to work on /home/airflow/.local/lib/python3.12/site-packages/airflow/example_dags/example_branch_datetime_operator.py
[2025-01-07T12:08:01.969+0000] {processor.py:914} INFO - Processing file /home/airflow/.local/lib/python3.12/site-packages/airflow/example_dags/example_branch_datetime_operator.py for tasks to queue
[2025-01-07T12:08:01.972+0000] {logging_mixin.py:190} INFO - [2025-01-07T12:08:01.972+0000] {dagbag.py:588} INFO - Filling up the DagBag from /home/airflow/.local/lib/python3.12/site-packages/airflow/example_dags/example_branch_datetime_operator.py
[2025-01-07T12:08:01.984+0000] {processor.py:925} INFO - DAG(s) 'example_branch_datetime_operator_2', 'example_branch_datetime_operator', 'example_branch_datetime_operator_3' retrieved from /home/airflow/.local/lib/python3.12/site-packages/airflow/example_dags/example_branch_datetime_operator.py
[2025-01-07T12:08:02.016+0000] {logging_mixin.py:190} INFO - [2025-01-07T12:08:02.016+0000] {dag.py:3239} INFO - Sync 3 DAGs
[2025-01-07T12:08:02.043+0000] {logging_mixin.py:190} INFO - [2025-01-07T12:08:02.042+0000] {dag.py:4180} INFO - Setting next_dagrun for example_branch_datetime_operator to 2025-01-06 00:00:00+00:00, run_after=2025-01-07 00:00:00+00:00
[2025-01-07T12:08:02.047+0000] {logging_mixin.py:190} INFO - [2025-01-07T12:08:02.047+0000] {dag.py:4180} INFO - Setting next_dagrun for example_branch_datetime_operator_2 to 2025-01-06 00:00:00+00:00, run_after=2025-01-07 00:00:00+00:00
[2025-01-07T12:08:02.050+0000] {logging_mixin.py:190} INFO - [2025-01-07T12:08:02.049+0000] {dag.py:4180} INFO - Setting next_dagrun for example_branch_datetime_operator_3 to 2025-01-06 00:00:00+00:00, run_after=2025-01-07 00:00:00+00:00
[2025-01-07T12:08:02.065+0000] {processor.py:208} INFO - Processing /home/airflow/.local/lib/python3.12/site-packages/airflow/example_dags/example_branch_datetime_operator.py took 0.103 seconds
[2025-01-07T12:08:32.376+0000] {processor.py:186} INFO - Started process (PID=2628) to work on /home/airflow/.local/lib/python3.12/site-packages/airflow/example_dags/example_branch_datetime_operator.py
[2025-01-07T12:08:32.378+0000] {processor.py:914} INFO - Processing file /home/airflow/.local/lib/python3.12/site-packages/airflow/example_dags/example_branch_datetime_operator.py for tasks to queue
[2025-01-07T12:08:32.381+0000] {logging_mixin.py:190} INFO - [2025-01-07T12:08:32.381+0000] {dagbag.py:588} INFO - Filling up the DagBag from /home/airflow/.local/lib/python3.12/site-packages/airflow/example_dags/example_branch_datetime_operator.py
[2025-01-07T12:08:32.397+0000] {processor.py:925} INFO - DAG(s) 'example_branch_datetime_operator', 'example_branch_datetime_operator_3', 'example_branch_datetime_operator_2' retrieved from /home/airflow/.local/lib/python3.12/site-packages/airflow/example_dags/example_branch_datetime_operator.py
[2025-01-07T12:08:32.435+0000] {logging_mixin.py:190} INFO - [2025-01-07T12:08:32.434+0000] {dag.py:3239} INFO - Sync 3 DAGs
[2025-01-07T12:08:32.465+0000] {logging_mixin.py:190} INFO - [2025-01-07T12:08:32.465+0000] {dag.py:4180} INFO - Setting next_dagrun for example_branch_datetime_operator to 2025-01-06 00:00:00+00:00, run_after=2025-01-07 00:00:00+00:00
[2025-01-07T12:08:32.472+0000] {logging_mixin.py:190} INFO - [2025-01-07T12:08:32.472+0000] {dag.py:4180} INFO - Setting next_dagrun for example_branch_datetime_operator_2 to 2025-01-06 00:00:00+00:00, run_after=2025-01-07 00:00:00+00:00
[2025-01-07T12:08:32.476+0000] {logging_mixin.py:190} INFO - [2025-01-07T12:08:32.476+0000] {dag.py:4180} INFO - Setting next_dagrun for example_branch_datetime_operator_3 to 2025-01-06 00:00:00+00:00, run_after=2025-01-07 00:00:00+00:00
[2025-01-07T12:08:32.498+0000] {processor.py:208} INFO - Processing /home/airflow/.local/lib/python3.12/site-packages/airflow/example_dags/example_branch_datetime_operator.py took 0.129 seconds
[2025-01-07T12:09:05.198+0000] {processor.py:186} INFO - Started process (PID=2691) to work on /home/airflow/.local/lib/python3.12/site-packages/airflow/example_dags/example_branch_datetime_operator.py
[2025-01-07T12:09:05.200+0000] {processor.py:914} INFO - Processing file /home/airflow/.local/lib/python3.12/site-packages/airflow/example_dags/example_branch_datetime_operator.py for tasks to queue
[2025-01-07T12:09:05.206+0000] {logging_mixin.py:190} INFO - [2025-01-07T12:09:05.205+0000] {dagbag.py:588} INFO - Filling up the DagBag from /home/airflow/.local/lib/python3.12/site-packages/airflow/example_dags/example_branch_datetime_operator.py
[2025-01-07T12:09:05.230+0000] {processor.py:925} INFO - DAG(s) 'example_branch_datetime_operator', 'example_branch_datetime_operator_3', 'example_branch_datetime_operator_2' retrieved from /home/airflow/.local/lib/python3.12/site-packages/airflow/example_dags/example_branch_datetime_operator.py
[2025-01-07T12:09:05.286+0000] {logging_mixin.py:190} INFO - [2025-01-07T12:09:05.285+0000] {dag.py:3239} INFO - Sync 3 DAGs
[2025-01-07T12:09:05.347+0000] {logging_mixin.py:190} INFO - [2025-01-07T12:09:05.347+0000] {dag.py:4180} INFO - Setting next_dagrun for example_branch_datetime_operator to 2025-01-06 00:00:00+00:00, run_after=2025-01-07 00:00:00+00:00
[2025-01-07T12:09:05.359+0000] {logging_mixin.py:190} INFO - [2025-01-07T12:09:05.359+0000] {dag.py:4180} INFO - Setting next_dagrun for example_branch_datetime_operator_2 to 2025-01-06 00:00:00+00:00, run_after=2025-01-07 00:00:00+00:00
[2025-01-07T12:09:05.366+0000] {logging_mixin.py:190} INFO - [2025-01-07T12:09:05.365+0000] {dag.py:4180} INFO - Setting next_dagrun for example_branch_datetime_operator_3 to 2025-01-06 00:00:00+00:00, run_after=2025-01-07 00:00:00+00:00
[2025-01-07T12:09:05.396+0000] {processor.py:208} INFO - Processing /home/airflow/.local/lib/python3.12/site-packages/airflow/example_dags/example_branch_datetime_operator.py took 0.209 seconds
[2025-01-07T12:09:36.223+0000] {processor.py:186} INFO - Started process (PID=2754) to work on /home/airflow/.local/lib/python3.12/site-packages/airflow/example_dags/example_branch_datetime_operator.py
[2025-01-07T12:09:36.225+0000] {processor.py:914} INFO - Processing file /home/airflow/.local/lib/python3.12/site-packages/airflow/example_dags/example_branch_datetime_operator.py for tasks to queue
[2025-01-07T12:09:36.229+0000] {logging_mixin.py:190} INFO - [2025-01-07T12:09:36.229+0000] {dagbag.py:588} INFO - Filling up the DagBag from /home/airflow/.local/lib/python3.12/site-packages/airflow/example_dags/example_branch_datetime_operator.py
[2025-01-07T12:09:36.250+0000] {processor.py:925} INFO - DAG(s) 'example_branch_datetime_operator_3', 'example_branch_datetime_operator_2', 'example_branch_datetime_operator' retrieved from /home/airflow/.local/lib/python3.12/site-packages/airflow/example_dags/example_branch_datetime_operator.py
[2025-01-07T12:09:36.301+0000] {logging_mixin.py:190} INFO - [2025-01-07T12:09:36.301+0000] {dag.py:3239} INFO - Sync 3 DAGs
[2025-01-07T12:09:36.350+0000] {logging_mixin.py:190} INFO - [2025-01-07T12:09:36.350+0000] {dag.py:4180} INFO - Setting next_dagrun for example_branch_datetime_operator to 2025-01-06 00:00:00+00:00, run_after=2025-01-07 00:00:00+00:00
[2025-01-07T12:09:36.359+0000] {logging_mixin.py:190} INFO - [2025-01-07T12:09:36.358+0000] {dag.py:4180} INFO - Setting next_dagrun for example_branch_datetime_operator_2 to 2025-01-06 00:00:00+00:00, run_after=2025-01-07 00:00:00+00:00
[2025-01-07T12:09:36.366+0000] {logging_mixin.py:190} INFO - [2025-01-07T12:09:36.366+0000] {dag.py:4180} INFO - Setting next_dagrun for example_branch_datetime_operator_3 to 2025-01-06 00:00:00+00:00, run_after=2025-01-07 00:00:00+00:00
[2025-01-07T12:09:36.401+0000] {processor.py:208} INFO - Processing /home/airflow/.local/lib/python3.12/site-packages/airflow/example_dags/example_branch_datetime_operator.py took 0.188 seconds
[2025-01-07T12:10:07.356+0000] {processor.py:186} INFO - Started process (PID=2817) to work on /home/airflow/.local/lib/python3.12/site-packages/airflow/example_dags/example_branch_datetime_operator.py
[2025-01-07T12:10:07.357+0000] {processor.py:914} INFO - Processing file /home/airflow/.local/lib/python3.12/site-packages/airflow/example_dags/example_branch_datetime_operator.py for tasks to queue
[2025-01-07T12:10:07.361+0000] {logging_mixin.py:190} INFO - [2025-01-07T12:10:07.360+0000] {dagbag.py:588} INFO - Filling up the DagBag from /home/airflow/.local/lib/python3.12/site-packages/airflow/example_dags/example_branch_datetime_operator.py
[2025-01-07T12:10:07.382+0000] {processor.py:925} INFO - DAG(s) 'example_branch_datetime_operator_3', 'example_branch_datetime_operator', 'example_branch_datetime_operator_2' retrieved from /home/airflow/.local/lib/python3.12/site-packages/airflow/example_dags/example_branch_datetime_operator.py
[2025-01-07T12:10:07.430+0000] {logging_mixin.py:190} INFO - [2025-01-07T12:10:07.429+0000] {dag.py:3239} INFO - Sync 3 DAGs
[2025-01-07T12:10:07.485+0000] {logging_mixin.py:190} INFO - [2025-01-07T12:10:07.484+0000] {dag.py:4180} INFO - Setting next_dagrun for example_branch_datetime_operator to 2025-01-06 00:00:00+00:00, run_after=2025-01-07 00:00:00+00:00
[2025-01-07T12:10:07.496+0000] {logging_mixin.py:190} INFO - [2025-01-07T12:10:07.495+0000] {dag.py:4180} INFO - Setting next_dagrun for example_branch_datetime_operator_2 to 2025-01-06 00:00:00+00:00, run_after=2025-01-07 00:00:00+00:00
[2025-01-07T12:10:07.501+0000] {logging_mixin.py:190} INFO - [2025-01-07T12:10:07.501+0000] {dag.py:4180} INFO - Setting next_dagrun for example_branch_datetime_operator_3 to 2025-01-06 00:00:00+00:00, run_after=2025-01-07 00:00:00+00:00
[2025-01-07T12:10:07.540+0000] {processor.py:208} INFO - Processing /home/airflow/.local/lib/python3.12/site-packages/airflow/example_dags/example_branch_datetime_operator.py took 0.194 seconds
[2025-01-07T12:10:38.633+0000] {processor.py:186} INFO - Started process (PID=2881) to work on /home/airflow/.local/lib/python3.12/site-packages/airflow/example_dags/example_branch_datetime_operator.py
[2025-01-07T12:10:38.635+0000] {processor.py:914} INFO - Processing file /home/airflow/.local/lib/python3.12/site-packages/airflow/example_dags/example_branch_datetime_operator.py for tasks to queue
[2025-01-07T12:10:38.639+0000] {logging_mixin.py:190} INFO - [2025-01-07T12:10:38.638+0000] {dagbag.py:588} INFO - Filling up the DagBag from /home/airflow/.local/lib/python3.12/site-packages/airflow/example_dags/example_branch_datetime_operator.py
[2025-01-07T12:10:38.663+0000] {processor.py:925} INFO - DAG(s) 'example_branch_datetime_operator', 'example_branch_datetime_operator_2', 'example_branch_datetime_operator_3' retrieved from /home/airflow/.local/lib/python3.12/site-packages/airflow/example_dags/example_branch_datetime_operator.py
[2025-01-07T12:10:38.721+0000] {logging_mixin.py:190} INFO - [2025-01-07T12:10:38.720+0000] {dag.py:3239} INFO - Sync 3 DAGs
[2025-01-07T12:10:38.791+0000] {logging_mixin.py:190} INFO - [2025-01-07T12:10:38.789+0000] {dag.py:4180} INFO - Setting next_dagrun for example_branch_datetime_operator to 2025-01-06 00:00:00+00:00, run_after=2025-01-07 00:00:00+00:00
[2025-01-07T12:10:38.805+0000] {logging_mixin.py:190} INFO - [2025-01-07T12:10:38.805+0000] {dag.py:4180} INFO - Setting next_dagrun for example_branch_datetime_operator_2 to 2025-01-06 00:00:00+00:00, run_after=2025-01-07 00:00:00+00:00
[2025-01-07T12:10:38.813+0000] {logging_mixin.py:190} INFO - [2025-01-07T12:10:38.812+0000] {dag.py:4180} INFO - Setting next_dagrun for example_branch_datetime_operator_3 to 2025-01-06 00:00:00+00:00, run_after=2025-01-07 00:00:00+00:00
[2025-01-07T12:10:38.859+0000] {processor.py:208} INFO - Processing /home/airflow/.local/lib/python3.12/site-packages/airflow/example_dags/example_branch_datetime_operator.py took 0.235 seconds
[2025-01-07T12:11:11.554+0000] {processor.py:186} INFO - Started process (PID=2947) to work on /home/airflow/.local/lib/python3.12/site-packages/airflow/example_dags/example_branch_datetime_operator.py
[2025-01-07T12:11:11.556+0000] {processor.py:914} INFO - Processing file /home/airflow/.local/lib/python3.12/site-packages/airflow/example_dags/example_branch_datetime_operator.py for tasks to queue
[2025-01-07T12:11:11.560+0000] {logging_mixin.py:190} INFO - [2025-01-07T12:11:11.559+0000] {dagbag.py:588} INFO - Filling up the DagBag from /home/airflow/.local/lib/python3.12/site-packages/airflow/example_dags/example_branch_datetime_operator.py
[2025-01-07T12:11:11.580+0000] {processor.py:925} INFO - DAG(s) 'example_branch_datetime_operator', 'example_branch_datetime_operator_3', 'example_branch_datetime_operator_2' retrieved from /home/airflow/.local/lib/python3.12/site-packages/airflow/example_dags/example_branch_datetime_operator.py
[2025-01-07T12:11:11.626+0000] {logging_mixin.py:190} INFO - [2025-01-07T12:11:11.626+0000] {dag.py:3239} INFO - Sync 3 DAGs
[2025-01-07T12:11:11.681+0000] {logging_mixin.py:190} INFO - [2025-01-07T12:11:11.680+0000] {dag.py:4180} INFO - Setting next_dagrun for example_branch_datetime_operator to 2025-01-06 00:00:00+00:00, run_after=2025-01-07 00:00:00+00:00
[2025-01-07T12:11:11.689+0000] {logging_mixin.py:190} INFO - [2025-01-07T12:11:11.689+0000] {dag.py:4180} INFO - Setting next_dagrun for example_branch_datetime_operator_2 to 2025-01-06 00:00:00+00:00, run_after=2025-01-07 00:00:00+00:00
[2025-01-07T12:11:11.694+0000] {logging_mixin.py:190} INFO - [2025-01-07T12:11:11.693+0000] {dag.py:4180} INFO - Setting next_dagrun for example_branch_datetime_operator_3 to 2025-01-06 00:00:00+00:00, run_after=2025-01-07 00:00:00+00:00
[2025-01-07T12:11:11.722+0000] {processor.py:208} INFO - Processing /home/airflow/.local/lib/python3.12/site-packages/airflow/example_dags/example_branch_datetime_operator.py took 0.179 seconds
[2025-01-07T12:11:42.338+0000] {processor.py:186} INFO - Started process (PID=3010) to work on /home/airflow/.local/lib/python3.12/site-packages/airflow/example_dags/example_branch_datetime_operator.py
[2025-01-07T12:11:42.341+0000] {processor.py:914} INFO - Processing file /home/airflow/.local/lib/python3.12/site-packages/airflow/example_dags/example_branch_datetime_operator.py for tasks to queue
[2025-01-07T12:11:42.345+0000] {logging_mixin.py:190} INFO - [2025-01-07T12:11:42.344+0000] {dagbag.py:588} INFO - Filling up the DagBag from /home/airflow/.local/lib/python3.12/site-packages/airflow/example_dags/example_branch_datetime_operator.py
[2025-01-07T12:11:42.364+0000] {processor.py:925} INFO - DAG(s) 'example_branch_datetime_operator', 'example_branch_datetime_operator_2', 'example_branch_datetime_operator_3' retrieved from /home/airflow/.local/lib/python3.12/site-packages/airflow/example_dags/example_branch_datetime_operator.py
[2025-01-07T12:11:42.413+0000] {logging_mixin.py:190} INFO - [2025-01-07T12:11:42.413+0000] {dag.py:3239} INFO - Sync 3 DAGs
[2025-01-07T12:11:42.450+0000] {logging_mixin.py:190} INFO - [2025-01-07T12:11:42.450+0000] {dag.py:4180} INFO - Setting next_dagrun for example_branch_datetime_operator to 2025-01-06 00:00:00+00:00, run_after=2025-01-07 00:00:00+00:00
[2025-01-07T12:11:42.459+0000] {logging_mixin.py:190} INFO - [2025-01-07T12:11:42.459+0000] {dag.py:4180} INFO - Setting next_dagrun for example_branch_datetime_operator_2 to 2025-01-06 00:00:00+00:00, run_after=2025-01-07 00:00:00+00:00
[2025-01-07T12:11:42.464+0000] {logging_mixin.py:190} INFO - [2025-01-07T12:11:42.463+0000] {dag.py:4180} INFO - Setting next_dagrun for example_branch_datetime_operator_3 to 2025-01-06 00:00:00+00:00, run_after=2025-01-07 00:00:00+00:00
[2025-01-07T12:11:42.793+0000] {processor.py:208} INFO - Processing /home/airflow/.local/lib/python3.12/site-packages/airflow/example_dags/example_branch_datetime_operator.py took 0.467 seconds
[2025-01-07T12:12:13.341+0000] {processor.py:186} INFO - Started process (PID=3073) to work on /home/airflow/.local/lib/python3.12/site-packages/airflow/example_dags/example_branch_datetime_operator.py
[2025-01-07T12:12:13.343+0000] {processor.py:914} INFO - Processing file /home/airflow/.local/lib/python3.12/site-packages/airflow/example_dags/example_branch_datetime_operator.py for tasks to queue
[2025-01-07T12:12:13.347+0000] {logging_mixin.py:190} INFO - [2025-01-07T12:12:13.346+0000] {dagbag.py:588} INFO - Filling up the DagBag from /home/airflow/.local/lib/python3.12/site-packages/airflow/example_dags/example_branch_datetime_operator.py
[2025-01-07T12:12:13.367+0000] {processor.py:925} INFO - DAG(s) 'example_branch_datetime_operator', 'example_branch_datetime_operator_3', 'example_branch_datetime_operator_2' retrieved from /home/airflow/.local/lib/python3.12/site-packages/airflow/example_dags/example_branch_datetime_operator.py
[2025-01-07T12:12:13.411+0000] {logging_mixin.py:190} INFO - [2025-01-07T12:12:13.410+0000] {dag.py:3239} INFO - Sync 3 DAGs
[2025-01-07T12:12:13.454+0000] {logging_mixin.py:190} INFO - [2025-01-07T12:12:13.454+0000] {dag.py:4180} INFO - Setting next_dagrun for example_branch_datetime_operator to 2025-01-06 00:00:00+00:00, run_after=2025-01-07 00:00:00+00:00
[2025-01-07T12:12:13.465+0000] {logging_mixin.py:190} INFO - [2025-01-07T12:12:13.465+0000] {dag.py:4180} INFO - Setting next_dagrun for example_branch_datetime_operator_2 to 2025-01-06 00:00:00+00:00, run_after=2025-01-07 00:00:00+00:00
[2025-01-07T12:12:13.470+0000] {logging_mixin.py:190} INFO - [2025-01-07T12:12:13.470+0000] {dag.py:4180} INFO - Setting next_dagrun for example_branch_datetime_operator_3 to 2025-01-06 00:00:00+00:00, run_after=2025-01-07 00:00:00+00:00
[2025-01-07T12:12:13.499+0000] {processor.py:208} INFO - Processing /home/airflow/.local/lib/python3.12/site-packages/airflow/example_dags/example_branch_datetime_operator.py took 0.167 seconds
[2025-01-07T12:12:45.052+0000] {processor.py:186} INFO - Started process (PID=3137) to work on /home/airflow/.local/lib/python3.12/site-packages/airflow/example_dags/example_branch_datetime_operator.py
[2025-01-07T12:12:45.055+0000] {processor.py:914} INFO - Processing file /home/airflow/.local/lib/python3.12/site-packages/airflow/example_dags/example_branch_datetime_operator.py for tasks to queue
[2025-01-07T12:12:45.058+0000] {logging_mixin.py:190} INFO - [2025-01-07T12:12:45.058+0000] {dagbag.py:588} INFO - Filling up the DagBag from /home/airflow/.local/lib/python3.12/site-packages/airflow/example_dags/example_branch_datetime_operator.py
[2025-01-07T12:12:45.079+0000] {processor.py:925} INFO - DAG(s) 'example_branch_datetime_operator_2', 'example_branch_datetime_operator', 'example_branch_datetime_operator_3' retrieved from /home/airflow/.local/lib/python3.12/site-packages/airflow/example_dags/example_branch_datetime_operator.py
[2025-01-07T12:12:45.125+0000] {logging_mixin.py:190} INFO - [2025-01-07T12:12:45.124+0000] {dag.py:3239} INFO - Sync 3 DAGs
[2025-01-07T12:12:45.169+0000] {logging_mixin.py:190} INFO - [2025-01-07T12:12:45.168+0000] {dag.py:4180} INFO - Setting next_dagrun for example_branch_datetime_operator to 2025-01-06 00:00:00+00:00, run_after=2025-01-07 00:00:00+00:00
[2025-01-07T12:12:45.178+0000] {logging_mixin.py:190} INFO - [2025-01-07T12:12:45.177+0000] {dag.py:4180} INFO - Setting next_dagrun for example_branch_datetime_operator_2 to 2025-01-06 00:00:00+00:00, run_after=2025-01-07 00:00:00+00:00
[2025-01-07T12:12:45.184+0000] {logging_mixin.py:190} INFO - [2025-01-07T12:12:45.183+0000] {dag.py:4180} INFO - Setting next_dagrun for example_branch_datetime_operator_3 to 2025-01-06 00:00:00+00:00, run_after=2025-01-07 00:00:00+00:00
[2025-01-07T12:12:45.210+0000] {processor.py:208} INFO - Processing /home/airflow/.local/lib/python3.12/site-packages/airflow/example_dags/example_branch_datetime_operator.py took 0.169 seconds
[2025-01-07T12:43:16.340+0000] {processor.py:186} INFO - Started process (PID=3203) to work on /home/airflow/.local/lib/python3.12/site-packages/airflow/example_dags/example_branch_datetime_operator.py
[2025-01-07T12:43:16.342+0000] {processor.py:914} INFO - Processing file /home/airflow/.local/lib/python3.12/site-packages/airflow/example_dags/example_branch_datetime_operator.py for tasks to queue
[2025-01-07T12:43:16.356+0000] {logging_mixin.py:190} INFO - [2025-01-07T12:43:16.355+0000] {dagbag.py:588} INFO - Filling up the DagBag from /home/airflow/.local/lib/python3.12/site-packages/airflow/example_dags/example_branch_datetime_operator.py
[2025-01-07T12:43:16.400+0000] {processor.py:925} INFO - DAG(s) 'example_branch_datetime_operator_2', 'example_branch_datetime_operator_3', 'example_branch_datetime_operator' retrieved from /home/airflow/.local/lib/python3.12/site-packages/airflow/example_dags/example_branch_datetime_operator.py
[2025-01-07T12:43:16.477+0000] {logging_mixin.py:190} INFO - [2025-01-07T12:43:16.477+0000] {dag.py:3239} INFO - Sync 3 DAGs
[2025-01-07T12:43:16.555+0000] {logging_mixin.py:190} INFO - [2025-01-07T12:43:16.555+0000] {dag.py:4180} INFO - Setting next_dagrun for example_branch_datetime_operator to 2025-01-06 00:00:00+00:00, run_after=2025-01-07 00:00:00+00:00
[2025-01-07T12:43:16.574+0000] {logging_mixin.py:190} INFO - [2025-01-07T12:43:16.574+0000] {dag.py:4180} INFO - Setting next_dagrun for example_branch_datetime_operator_2 to 2025-01-06 00:00:00+00:00, run_after=2025-01-07 00:00:00+00:00
[2025-01-07T12:43:16.583+0000] {logging_mixin.py:190} INFO - [2025-01-07T12:43:16.583+0000] {dag.py:4180} INFO - Setting next_dagrun for example_branch_datetime_operator_3 to 2025-01-06 00:00:00+00:00, run_after=2025-01-07 00:00:00+00:00
[2025-01-07T12:43:16.629+0000] {processor.py:208} INFO - Processing /home/airflow/.local/lib/python3.12/site-packages/airflow/example_dags/example_branch_datetime_operator.py took 0.299 seconds
