[2025-01-07T11:47:35.412+0000] {processor.py:186} INFO - Started process (PID=89) to work on /home/airflow/.local/lib/python3.12/site-packages/airflow/example_dags/example_dataset_alias_with_no_taskflow.py
[2025-01-07T11:47:35.413+0000] {processor.py:914} INFO - Processing file /home/airflow/.local/lib/python3.12/site-packages/airflow/example_dags/example_dataset_alias_with_no_taskflow.py for tasks to queue
[2025-01-07T11:47:35.417+0000] {logging_mixin.py:190} INFO - [2025-01-07T11:47:35.416+0000] {dagbag.py:588} INFO - Filling up the DagBag from /home/airflow/.local/lib/python3.12/site-packages/airflow/example_dags/example_dataset_alias_with_no_taskflow.py
[2025-01-07T11:47:36.784+0000] {processor.py:925} INFO - DAG(s) 'dataset_alias_example_alias_producer_with_no_taskflow', 'dataset_s3_bucket_producer_with_no_taskflow', 'dataset_s3_bucket_consumer_with_no_taskflow', 'dataset_alias_example_alias_consumer_with_no_taskflow' retrieved from /home/airflow/.local/lib/python3.12/site-packages/airflow/example_dags/example_dataset_alias_with_no_taskflow.py
[2025-01-07T11:47:37.781+0000] {logging_mixin.py:190} INFO - [2025-01-07T11:47:37.779+0000] {override.py:1911} INFO - Created Permission View: can read on DAG:dataset_alias_example_alias_producer_with_no_taskflow
[2025-01-07T11:47:37.797+0000] {logging_mixin.py:190} INFO - [2025-01-07T11:47:37.796+0000] {override.py:1911} INFO - Created Permission View: can delete on DAG:dataset_alias_example_alias_producer_with_no_taskflow
[2025-01-07T11:47:37.807+0000] {logging_mixin.py:190} INFO - [2025-01-07T11:47:37.806+0000] {override.py:1911} INFO - Created Permission View: can edit on DAG:dataset_alias_example_alias_producer_with_no_taskflow
[2025-01-07T11:47:37.818+0000] {logging_mixin.py:190} INFO - [2025-01-07T11:47:37.818+0000] {override.py:1911} INFO - Created Permission View: menu access on DAG Run:dataset_alias_example_alias_producer_with_no_taskflow
[2025-01-07T11:47:37.829+0000] {logging_mixin.py:190} INFO - [2025-01-07T11:47:37.829+0000] {override.py:1911} INFO - Created Permission View: can read on DAG Run:dataset_alias_example_alias_producer_with_no_taskflow
[2025-01-07T11:47:37.842+0000] {logging_mixin.py:190} INFO - [2025-01-07T11:47:37.841+0000] {override.py:1911} INFO - Created Permission View: can delete on DAG Run:dataset_alias_example_alias_producer_with_no_taskflow
[2025-01-07T11:47:37.855+0000] {logging_mixin.py:190} INFO - [2025-01-07T11:47:37.855+0000] {override.py:1911} INFO - Created Permission View: can create on DAG Run:dataset_alias_example_alias_producer_with_no_taskflow
[2025-01-07T11:47:37.880+0000] {logging_mixin.py:190} INFO - [2025-01-07T11:47:37.879+0000] {override.py:1911} INFO - Created Permission View: can read on DAG:dataset_s3_bucket_producer_with_no_taskflow
[2025-01-07T11:47:37.890+0000] {logging_mixin.py:190} INFO - [2025-01-07T11:47:37.890+0000] {override.py:1911} INFO - Created Permission View: can delete on DAG:dataset_s3_bucket_producer_with_no_taskflow
[2025-01-07T11:47:37.901+0000] {logging_mixin.py:190} INFO - [2025-01-07T11:47:37.900+0000] {override.py:1911} INFO - Created Permission View: can edit on DAG:dataset_s3_bucket_producer_with_no_taskflow
[2025-01-07T11:47:37.912+0000] {logging_mixin.py:190} INFO - [2025-01-07T11:47:37.911+0000] {override.py:1911} INFO - Created Permission View: menu access on DAG Run:dataset_s3_bucket_producer_with_no_taskflow
[2025-01-07T11:47:37.924+0000] {logging_mixin.py:190} INFO - [2025-01-07T11:47:37.923+0000] {override.py:1911} INFO - Created Permission View: can read on DAG Run:dataset_s3_bucket_producer_with_no_taskflow
[2025-01-07T11:47:37.937+0000] {logging_mixin.py:190} INFO - [2025-01-07T11:47:37.937+0000] {override.py:1911} INFO - Created Permission View: can delete on DAG Run:dataset_s3_bucket_producer_with_no_taskflow
[2025-01-07T11:47:37.955+0000] {logging_mixin.py:190} INFO - [2025-01-07T11:47:37.954+0000] {override.py:1911} INFO - Created Permission View: can create on DAG Run:dataset_s3_bucket_producer_with_no_taskflow
[2025-01-07T11:47:37.977+0000] {logging_mixin.py:190} INFO - [2025-01-07T11:47:37.976+0000] {override.py:1911} INFO - Created Permission View: can read on DAG:dataset_s3_bucket_consumer_with_no_taskflow
[2025-01-07T11:47:37.988+0000] {logging_mixin.py:190} INFO - [2025-01-07T11:47:37.988+0000] {override.py:1911} INFO - Created Permission View: can delete on DAG:dataset_s3_bucket_consumer_with_no_taskflow
[2025-01-07T11:47:38.005+0000] {logging_mixin.py:190} INFO - [2025-01-07T11:47:38.005+0000] {override.py:1911} INFO - Created Permission View: can edit on DAG:dataset_s3_bucket_consumer_with_no_taskflow
[2025-01-07T11:47:38.021+0000] {logging_mixin.py:190} INFO - [2025-01-07T11:47:38.020+0000] {override.py:1911} INFO - Created Permission View: menu access on DAG Run:dataset_s3_bucket_consumer_with_no_taskflow
[2025-01-07T11:47:38.039+0000] {logging_mixin.py:190} INFO - [2025-01-07T11:47:38.038+0000] {override.py:1911} INFO - Created Permission View: can read on DAG Run:dataset_s3_bucket_consumer_with_no_taskflow
[2025-01-07T11:47:38.056+0000] {logging_mixin.py:190} INFO - [2025-01-07T11:47:38.055+0000] {override.py:1911} INFO - Created Permission View: can delete on DAG Run:dataset_s3_bucket_consumer_with_no_taskflow
[2025-01-07T11:47:38.070+0000] {logging_mixin.py:190} INFO - [2025-01-07T11:47:38.069+0000] {override.py:1911} INFO - Created Permission View: can create on DAG Run:dataset_s3_bucket_consumer_with_no_taskflow
[2025-01-07T11:47:38.097+0000] {logging_mixin.py:190} INFO - [2025-01-07T11:47:38.097+0000] {override.py:1911} INFO - Created Permission View: can read on DAG:dataset_alias_example_alias_consumer_with_no_taskflow
[2025-01-07T11:47:38.109+0000] {logging_mixin.py:190} INFO - [2025-01-07T11:47:38.108+0000] {override.py:1911} INFO - Created Permission View: can delete on DAG:dataset_alias_example_alias_consumer_with_no_taskflow
[2025-01-07T11:47:38.125+0000] {logging_mixin.py:190} INFO - [2025-01-07T11:47:38.124+0000] {override.py:1911} INFO - Created Permission View: can edit on DAG:dataset_alias_example_alias_consumer_with_no_taskflow
[2025-01-07T11:47:38.140+0000] {logging_mixin.py:190} INFO - [2025-01-07T11:47:38.139+0000] {override.py:1911} INFO - Created Permission View: menu access on DAG Run:dataset_alias_example_alias_consumer_with_no_taskflow
[2025-01-07T11:47:38.153+0000] {logging_mixin.py:190} INFO - [2025-01-07T11:47:38.152+0000] {override.py:1911} INFO - Created Permission View: can read on DAG Run:dataset_alias_example_alias_consumer_with_no_taskflow
[2025-01-07T11:47:38.168+0000] {logging_mixin.py:190} INFO - [2025-01-07T11:47:38.167+0000] {override.py:1911} INFO - Created Permission View: can delete on DAG Run:dataset_alias_example_alias_consumer_with_no_taskflow
[2025-01-07T11:47:38.183+0000] {logging_mixin.py:190} INFO - [2025-01-07T11:47:38.183+0000] {override.py:1911} INFO - Created Permission View: can create on DAG Run:dataset_alias_example_alias_consumer_with_no_taskflow
[2025-01-07T11:47:38.185+0000] {logging_mixin.py:190} INFO - [2025-01-07T11:47:38.184+0000] {dag.py:3239} INFO - Sync 4 DAGs
[2025-01-07T11:47:38.205+0000] {logging_mixin.py:190} INFO - [2025-01-07T11:47:38.204+0000] {dag.py:3262} INFO - Creating ORM DAG for dataset_s3_bucket_producer_with_no_taskflow
[2025-01-07T11:47:38.206+0000] {logging_mixin.py:190} INFO - [2025-01-07T11:47:38.206+0000] {dag.py:3262} INFO - Creating ORM DAG for dataset_alias_example_alias_producer_with_no_taskflow
[2025-01-07T11:47:38.208+0000] {logging_mixin.py:190} INFO - [2025-01-07T11:47:38.207+0000] {dag.py:3262} INFO - Creating ORM DAG for dataset_s3_bucket_consumer_with_no_taskflow
[2025-01-07T11:47:38.229+0000] {logging_mixin.py:190} INFO - [2025-01-07T11:47:38.229+0000] {dag.py:3262} INFO - Creating ORM DAG for dataset_alias_example_alias_consumer_with_no_taskflow
[2025-01-07T11:47:38.243+0000] {logging_mixin.py:190} INFO - [2025-01-07T11:47:38.242+0000] {dag.py:4180} INFO - Setting next_dagrun for dataset_alias_example_alias_consumer_with_no_taskflow to None, run_after=None
[2025-01-07T11:47:38.244+0000] {logging_mixin.py:190} INFO - [2025-01-07T11:47:38.243+0000] {dag.py:4180} INFO - Setting next_dagrun for dataset_alias_example_alias_producer_with_no_taskflow to None, run_after=None
[2025-01-07T11:47:38.244+0000] {logging_mixin.py:190} INFO - [2025-01-07T11:47:38.244+0000] {dag.py:4180} INFO - Setting next_dagrun for dataset_s3_bucket_consumer_with_no_taskflow to None, run_after=None
[2025-01-07T11:47:38.245+0000] {logging_mixin.py:190} INFO - [2025-01-07T11:47:38.245+0000] {dag.py:4180} INFO - Setting next_dagrun for dataset_s3_bucket_producer_with_no_taskflow to None, run_after=None
[2025-01-07T11:47:38.314+0000] {processor.py:208} INFO - Processing /home/airflow/.local/lib/python3.12/site-packages/airflow/example_dags/example_dataset_alias_with_no_taskflow.py took 2.910 seconds
[2025-01-07T11:48:29.704+0000] {processor.py:186} INFO - Started process (PID=158) to work on /home/airflow/.local/lib/python3.12/site-packages/airflow/example_dags/example_dataset_alias_with_no_taskflow.py
[2025-01-07T11:48:29.706+0000] {processor.py:914} INFO - Processing file /home/airflow/.local/lib/python3.12/site-packages/airflow/example_dags/example_dataset_alias_with_no_taskflow.py for tasks to queue
[2025-01-07T11:48:29.720+0000] {logging_mixin.py:190} INFO - [2025-01-07T11:48:29.719+0000] {dagbag.py:588} INFO - Filling up the DagBag from /home/airflow/.local/lib/python3.12/site-packages/airflow/example_dags/example_dataset_alias_with_no_taskflow.py
[2025-01-07T11:48:30.674+0000] {processor.py:925} INFO - DAG(s) 'dataset_alias_example_alias_consumer_with_no_taskflow', 'dataset_alias_example_alias_producer_with_no_taskflow', 'dataset_s3_bucket_producer_with_no_taskflow', 'dataset_s3_bucket_consumer_with_no_taskflow' retrieved from /home/airflow/.local/lib/python3.12/site-packages/airflow/example_dags/example_dataset_alias_with_no_taskflow.py
[2025-01-07T11:48:30.714+0000] {logging_mixin.py:190} INFO - [2025-01-07T11:48:30.713+0000] {dag.py:3239} INFO - Sync 4 DAGs
[2025-01-07T11:48:30.767+0000] {logging_mixin.py:190} INFO - [2025-01-07T11:48:30.767+0000] {dag.py:4180} INFO - Setting next_dagrun for dataset_alias_example_alias_consumer_with_no_taskflow to None, run_after=None
[2025-01-07T11:48:30.784+0000] {logging_mixin.py:190} INFO - [2025-01-07T11:48:30.782+0000] {dag.py:4180} INFO - Setting next_dagrun for dataset_alias_example_alias_producer_with_no_taskflow to None, run_after=None
[2025-01-07T11:48:30.796+0000] {logging_mixin.py:190} INFO - [2025-01-07T11:48:30.792+0000] {dag.py:4180} INFO - Setting next_dagrun for dataset_s3_bucket_consumer_with_no_taskflow to None, run_after=None
[2025-01-07T11:48:30.799+0000] {logging_mixin.py:190} INFO - [2025-01-07T11:48:30.799+0000] {dag.py:4180} INFO - Setting next_dagrun for dataset_s3_bucket_producer_with_no_taskflow to None, run_after=None
[2025-01-07T11:48:30.871+0000] {processor.py:208} INFO - Processing /home/airflow/.local/lib/python3.12/site-packages/airflow/example_dags/example_dataset_alias_with_no_taskflow.py took 1.176 seconds
[2025-01-07T11:49:01.210+0000] {processor.py:186} INFO - Started process (PID=222) to work on /home/airflow/.local/lib/python3.12/site-packages/airflow/example_dags/example_dataset_alias_with_no_taskflow.py
[2025-01-07T11:49:01.212+0000] {processor.py:914} INFO - Processing file /home/airflow/.local/lib/python3.12/site-packages/airflow/example_dags/example_dataset_alias_with_no_taskflow.py for tasks to queue
[2025-01-07T11:49:01.214+0000] {logging_mixin.py:190} INFO - [2025-01-07T11:49:01.214+0000] {dagbag.py:588} INFO - Filling up the DagBag from /home/airflow/.local/lib/python3.12/site-packages/airflow/example_dags/example_dataset_alias_with_no_taskflow.py
[2025-01-07T11:49:01.749+0000] {processor.py:925} INFO - DAG(s) 'dataset_s3_bucket_consumer_with_no_taskflow', 'dataset_alias_example_alias_consumer_with_no_taskflow', 'dataset_s3_bucket_producer_with_no_taskflow', 'dataset_alias_example_alias_producer_with_no_taskflow' retrieved from /home/airflow/.local/lib/python3.12/site-packages/airflow/example_dags/example_dataset_alias_with_no_taskflow.py
[2025-01-07T11:49:01.771+0000] {logging_mixin.py:190} INFO - [2025-01-07T11:49:01.771+0000] {dag.py:3239} INFO - Sync 4 DAGs
[2025-01-07T11:49:01.792+0000] {logging_mixin.py:190} INFO - [2025-01-07T11:49:01.792+0000] {dag.py:4180} INFO - Setting next_dagrun for dataset_alias_example_alias_consumer_with_no_taskflow to None, run_after=None
[2025-01-07T11:49:01.796+0000] {logging_mixin.py:190} INFO - [2025-01-07T11:49:01.796+0000] {dag.py:4180} INFO - Setting next_dagrun for dataset_alias_example_alias_producer_with_no_taskflow to None, run_after=None
[2025-01-07T11:49:01.798+0000] {logging_mixin.py:190} INFO - [2025-01-07T11:49:01.798+0000] {dag.py:4180} INFO - Setting next_dagrun for dataset_s3_bucket_consumer_with_no_taskflow to None, run_after=None
[2025-01-07T11:49:01.800+0000] {logging_mixin.py:190} INFO - [2025-01-07T11:49:01.800+0000] {dag.py:4180} INFO - Setting next_dagrun for dataset_s3_bucket_producer_with_no_taskflow to None, run_after=None
[2025-01-07T11:49:01.820+0000] {processor.py:208} INFO - Processing /home/airflow/.local/lib/python3.12/site-packages/airflow/example_dags/example_dataset_alias_with_no_taskflow.py took 0.616 seconds
[2025-01-07T11:49:32.031+0000] {processor.py:186} INFO - Started process (PID=288) to work on /home/airflow/.local/lib/python3.12/site-packages/airflow/example_dags/example_dataset_alias_with_no_taskflow.py
[2025-01-07T11:49:32.033+0000] {processor.py:914} INFO - Processing file /home/airflow/.local/lib/python3.12/site-packages/airflow/example_dags/example_dataset_alias_with_no_taskflow.py for tasks to queue
[2025-01-07T11:49:32.035+0000] {logging_mixin.py:190} INFO - [2025-01-07T11:49:32.035+0000] {dagbag.py:588} INFO - Filling up the DagBag from /home/airflow/.local/lib/python3.12/site-packages/airflow/example_dags/example_dataset_alias_with_no_taskflow.py
[2025-01-07T11:49:32.610+0000] {processor.py:925} INFO - DAG(s) 'dataset_s3_bucket_producer_with_no_taskflow', 'dataset_alias_example_alias_consumer_with_no_taskflow', 'dataset_alias_example_alias_producer_with_no_taskflow', 'dataset_s3_bucket_consumer_with_no_taskflow' retrieved from /home/airflow/.local/lib/python3.12/site-packages/airflow/example_dags/example_dataset_alias_with_no_taskflow.py
[2025-01-07T11:49:32.629+0000] {logging_mixin.py:190} INFO - [2025-01-07T11:49:32.629+0000] {dag.py:3239} INFO - Sync 4 DAGs
[2025-01-07T11:49:32.649+0000] {logging_mixin.py:190} INFO - [2025-01-07T11:49:32.648+0000] {dag.py:4180} INFO - Setting next_dagrun for dataset_alias_example_alias_consumer_with_no_taskflow to None, run_after=None
[2025-01-07T11:49:32.652+0000] {logging_mixin.py:190} INFO - [2025-01-07T11:49:32.652+0000] {dag.py:4180} INFO - Setting next_dagrun for dataset_alias_example_alias_producer_with_no_taskflow to None, run_after=None
[2025-01-07T11:49:32.654+0000] {logging_mixin.py:190} INFO - [2025-01-07T11:49:32.654+0000] {dag.py:4180} INFO - Setting next_dagrun for dataset_s3_bucket_consumer_with_no_taskflow to None, run_after=None
[2025-01-07T11:49:32.656+0000] {logging_mixin.py:190} INFO - [2025-01-07T11:49:32.656+0000] {dag.py:4180} INFO - Setting next_dagrun for dataset_s3_bucket_producer_with_no_taskflow to None, run_after=None
[2025-01-07T11:49:32.683+0000] {processor.py:208} INFO - Processing /home/airflow/.local/lib/python3.12/site-packages/airflow/example_dags/example_dataset_alias_with_no_taskflow.py took 0.659 seconds
[2025-01-07T11:50:02.760+0000] {processor.py:186} INFO - Started process (PID=351) to work on /home/airflow/.local/lib/python3.12/site-packages/airflow/example_dags/example_dataset_alias_with_no_taskflow.py
[2025-01-07T11:50:02.761+0000] {processor.py:914} INFO - Processing file /home/airflow/.local/lib/python3.12/site-packages/airflow/example_dags/example_dataset_alias_with_no_taskflow.py for tasks to queue
[2025-01-07T11:50:02.763+0000] {logging_mixin.py:190} INFO - [2025-01-07T11:50:02.763+0000] {dagbag.py:588} INFO - Filling up the DagBag from /home/airflow/.local/lib/python3.12/site-packages/airflow/example_dags/example_dataset_alias_with_no_taskflow.py
[2025-01-07T11:50:03.307+0000] {processor.py:925} INFO - DAG(s) 'dataset_s3_bucket_consumer_with_no_taskflow', 'dataset_alias_example_alias_consumer_with_no_taskflow', 'dataset_s3_bucket_producer_with_no_taskflow', 'dataset_alias_example_alias_producer_with_no_taskflow' retrieved from /home/airflow/.local/lib/python3.12/site-packages/airflow/example_dags/example_dataset_alias_with_no_taskflow.py
[2025-01-07T11:50:03.334+0000] {logging_mixin.py:190} INFO - [2025-01-07T11:50:03.333+0000] {dag.py:3239} INFO - Sync 4 DAGs
[2025-01-07T11:50:03.354+0000] {logging_mixin.py:190} INFO - [2025-01-07T11:50:03.354+0000] {dag.py:4180} INFO - Setting next_dagrun for dataset_alias_example_alias_consumer_with_no_taskflow to None, run_after=None
[2025-01-07T11:50:03.357+0000] {logging_mixin.py:190} INFO - [2025-01-07T11:50:03.357+0000] {dag.py:4180} INFO - Setting next_dagrun for dataset_alias_example_alias_producer_with_no_taskflow to None, run_after=None
[2025-01-07T11:50:03.359+0000] {logging_mixin.py:190} INFO - [2025-01-07T11:50:03.359+0000] {dag.py:4180} INFO - Setting next_dagrun for dataset_s3_bucket_consumer_with_no_taskflow to None, run_after=None
[2025-01-07T11:50:03.361+0000] {logging_mixin.py:190} INFO - [2025-01-07T11:50:03.361+0000] {dag.py:4180} INFO - Setting next_dagrun for dataset_s3_bucket_producer_with_no_taskflow to None, run_after=None
[2025-01-07T11:50:03.383+0000] {processor.py:208} INFO - Processing /home/airflow/.local/lib/python3.12/site-packages/airflow/example_dags/example_dataset_alias_with_no_taskflow.py took 0.628 seconds
[2025-01-07T11:50:34.033+0000] {processor.py:186} INFO - Started process (PID=414) to work on /home/airflow/.local/lib/python3.12/site-packages/airflow/example_dags/example_dataset_alias_with_no_taskflow.py
[2025-01-07T11:50:34.034+0000] {processor.py:914} INFO - Processing file /home/airflow/.local/lib/python3.12/site-packages/airflow/example_dags/example_dataset_alias_with_no_taskflow.py for tasks to queue
[2025-01-07T11:50:34.037+0000] {logging_mixin.py:190} INFO - [2025-01-07T11:50:34.037+0000] {dagbag.py:588} INFO - Filling up the DagBag from /home/airflow/.local/lib/python3.12/site-packages/airflow/example_dags/example_dataset_alias_with_no_taskflow.py
[2025-01-07T11:50:34.649+0000] {processor.py:925} INFO - DAG(s) 'dataset_alias_example_alias_producer_with_no_taskflow', 'dataset_s3_bucket_producer_with_no_taskflow', 'dataset_s3_bucket_consumer_with_no_taskflow', 'dataset_alias_example_alias_consumer_with_no_taskflow' retrieved from /home/airflow/.local/lib/python3.12/site-packages/airflow/example_dags/example_dataset_alias_with_no_taskflow.py
[2025-01-07T11:50:34.670+0000] {logging_mixin.py:190} INFO - [2025-01-07T11:50:34.670+0000] {dag.py:3239} INFO - Sync 4 DAGs
[2025-01-07T11:50:34.693+0000] {logging_mixin.py:190} INFO - [2025-01-07T11:50:34.693+0000] {dag.py:4180} INFO - Setting next_dagrun for dataset_alias_example_alias_consumer_with_no_taskflow to None, run_after=None
[2025-01-07T11:50:34.696+0000] {logging_mixin.py:190} INFO - [2025-01-07T11:50:34.696+0000] {dag.py:4180} INFO - Setting next_dagrun for dataset_alias_example_alias_producer_with_no_taskflow to None, run_after=None
[2025-01-07T11:50:34.697+0000] {logging_mixin.py:190} INFO - [2025-01-07T11:50:34.697+0000] {dag.py:4180} INFO - Setting next_dagrun for dataset_s3_bucket_consumer_with_no_taskflow to None, run_after=None
[2025-01-07T11:50:34.699+0000] {logging_mixin.py:190} INFO - [2025-01-07T11:50:34.699+0000] {dag.py:4180} INFO - Setting next_dagrun for dataset_s3_bucket_producer_with_no_taskflow to None, run_after=None
[2025-01-07T11:50:34.723+0000] {processor.py:208} INFO - Processing /home/airflow/.local/lib/python3.12/site-packages/airflow/example_dags/example_dataset_alias_with_no_taskflow.py took 0.697 seconds
[2025-01-07T11:51:05.255+0000] {processor.py:186} INFO - Started process (PID=477) to work on /home/airflow/.local/lib/python3.12/site-packages/airflow/example_dags/example_dataset_alias_with_no_taskflow.py
[2025-01-07T11:51:05.257+0000] {processor.py:914} INFO - Processing file /home/airflow/.local/lib/python3.12/site-packages/airflow/example_dags/example_dataset_alias_with_no_taskflow.py for tasks to queue
[2025-01-07T11:51:05.260+0000] {logging_mixin.py:190} INFO - [2025-01-07T11:51:05.259+0000] {dagbag.py:588} INFO - Filling up the DagBag from /home/airflow/.local/lib/python3.12/site-packages/airflow/example_dags/example_dataset_alias_with_no_taskflow.py
[2025-01-07T11:51:05.836+0000] {processor.py:925} INFO - DAG(s) 'dataset_alias_example_alias_producer_with_no_taskflow', 'dataset_alias_example_alias_consumer_with_no_taskflow', 'dataset_s3_bucket_consumer_with_no_taskflow', 'dataset_s3_bucket_producer_with_no_taskflow' retrieved from /home/airflow/.local/lib/python3.12/site-packages/airflow/example_dags/example_dataset_alias_with_no_taskflow.py
[2025-01-07T11:51:05.862+0000] {logging_mixin.py:190} INFO - [2025-01-07T11:51:05.861+0000] {dag.py:3239} INFO - Sync 4 DAGs
[2025-01-07T11:51:05.887+0000] {logging_mixin.py:190} INFO - [2025-01-07T11:51:05.887+0000] {dag.py:4180} INFO - Setting next_dagrun for dataset_alias_example_alias_consumer_with_no_taskflow to None, run_after=None
[2025-01-07T11:51:05.891+0000] {logging_mixin.py:190} INFO - [2025-01-07T11:51:05.890+0000] {dag.py:4180} INFO - Setting next_dagrun for dataset_alias_example_alias_producer_with_no_taskflow to None, run_after=None
[2025-01-07T11:51:05.893+0000] {logging_mixin.py:190} INFO - [2025-01-07T11:51:05.893+0000] {dag.py:4180} INFO - Setting next_dagrun for dataset_s3_bucket_consumer_with_no_taskflow to None, run_after=None
[2025-01-07T11:51:05.895+0000] {logging_mixin.py:190} INFO - [2025-01-07T11:51:05.894+0000] {dag.py:4180} INFO - Setting next_dagrun for dataset_s3_bucket_producer_with_no_taskflow to None, run_after=None
[2025-01-07T11:51:05.919+0000] {processor.py:208} INFO - Processing /home/airflow/.local/lib/python3.12/site-packages/airflow/example_dags/example_dataset_alias_with_no_taskflow.py took 0.672 seconds
[2025-01-07T11:51:36.826+0000] {processor.py:186} INFO - Started process (PID=540) to work on /home/airflow/.local/lib/python3.12/site-packages/airflow/example_dags/example_dataset_alias_with_no_taskflow.py
[2025-01-07T11:51:36.827+0000] {processor.py:914} INFO - Processing file /home/airflow/.local/lib/python3.12/site-packages/airflow/example_dags/example_dataset_alias_with_no_taskflow.py for tasks to queue
[2025-01-07T11:51:36.829+0000] {logging_mixin.py:190} INFO - [2025-01-07T11:51:36.829+0000] {dagbag.py:588} INFO - Filling up the DagBag from /home/airflow/.local/lib/python3.12/site-packages/airflow/example_dags/example_dataset_alias_with_no_taskflow.py
[2025-01-07T11:51:37.400+0000] {processor.py:925} INFO - DAG(s) 'dataset_alias_example_alias_consumer_with_no_taskflow', 'dataset_alias_example_alias_producer_with_no_taskflow', 'dataset_s3_bucket_consumer_with_no_taskflow', 'dataset_s3_bucket_producer_with_no_taskflow' retrieved from /home/airflow/.local/lib/python3.12/site-packages/airflow/example_dags/example_dataset_alias_with_no_taskflow.py
[2025-01-07T11:51:37.425+0000] {logging_mixin.py:190} INFO - [2025-01-07T11:51:37.425+0000] {dag.py:3239} INFO - Sync 4 DAGs
[2025-01-07T11:51:37.451+0000] {logging_mixin.py:190} INFO - [2025-01-07T11:51:37.451+0000] {dag.py:4180} INFO - Setting next_dagrun for dataset_alias_example_alias_consumer_with_no_taskflow to None, run_after=None
[2025-01-07T11:51:37.455+0000] {logging_mixin.py:190} INFO - [2025-01-07T11:51:37.455+0000] {dag.py:4180} INFO - Setting next_dagrun for dataset_alias_example_alias_producer_with_no_taskflow to None, run_after=None
[2025-01-07T11:51:37.457+0000] {logging_mixin.py:190} INFO - [2025-01-07T11:51:37.457+0000] {dag.py:4180} INFO - Setting next_dagrun for dataset_s3_bucket_consumer_with_no_taskflow to None, run_after=None
[2025-01-07T11:51:37.458+0000] {logging_mixin.py:190} INFO - [2025-01-07T11:51:37.458+0000] {dag.py:4180} INFO - Setting next_dagrun for dataset_s3_bucket_producer_with_no_taskflow to None, run_after=None
[2025-01-07T11:51:37.480+0000] {processor.py:208} INFO - Processing /home/airflow/.local/lib/python3.12/site-packages/airflow/example_dags/example_dataset_alias_with_no_taskflow.py took 0.659 seconds
[2025-01-07T11:52:07.993+0000] {processor.py:186} INFO - Started process (PID=603) to work on /home/airflow/.local/lib/python3.12/site-packages/airflow/example_dags/example_dataset_alias_with_no_taskflow.py
[2025-01-07T11:52:07.995+0000] {processor.py:914} INFO - Processing file /home/airflow/.local/lib/python3.12/site-packages/airflow/example_dags/example_dataset_alias_with_no_taskflow.py for tasks to queue
[2025-01-07T11:52:07.999+0000] {logging_mixin.py:190} INFO - [2025-01-07T11:52:07.998+0000] {dagbag.py:588} INFO - Filling up the DagBag from /home/airflow/.local/lib/python3.12/site-packages/airflow/example_dags/example_dataset_alias_with_no_taskflow.py
[2025-01-07T11:52:08.700+0000] {processor.py:925} INFO - DAG(s) 'dataset_alias_example_alias_producer_with_no_taskflow', 'dataset_s3_bucket_consumer_with_no_taskflow', 'dataset_s3_bucket_producer_with_no_taskflow', 'dataset_alias_example_alias_consumer_with_no_taskflow' retrieved from /home/airflow/.local/lib/python3.12/site-packages/airflow/example_dags/example_dataset_alias_with_no_taskflow.py
[2025-01-07T11:52:08.722+0000] {logging_mixin.py:190} INFO - [2025-01-07T11:52:08.722+0000] {dag.py:3239} INFO - Sync 4 DAGs
[2025-01-07T11:52:08.744+0000] {logging_mixin.py:190} INFO - [2025-01-07T11:52:08.744+0000] {dag.py:4180} INFO - Setting next_dagrun for dataset_alias_example_alias_consumer_with_no_taskflow to None, run_after=None
[2025-01-07T11:52:08.748+0000] {logging_mixin.py:190} INFO - [2025-01-07T11:52:08.748+0000] {dag.py:4180} INFO - Setting next_dagrun for dataset_alias_example_alias_producer_with_no_taskflow to None, run_after=None
[2025-01-07T11:52:08.750+0000] {logging_mixin.py:190} INFO - [2025-01-07T11:52:08.750+0000] {dag.py:4180} INFO - Setting next_dagrun for dataset_s3_bucket_consumer_with_no_taskflow to None, run_after=None
[2025-01-07T11:52:08.753+0000] {logging_mixin.py:190} INFO - [2025-01-07T11:52:08.752+0000] {dag.py:4180} INFO - Setting next_dagrun for dataset_s3_bucket_producer_with_no_taskflow to None, run_after=None
[2025-01-07T11:52:08.781+0000] {processor.py:208} INFO - Processing /home/airflow/.local/lib/python3.12/site-packages/airflow/example_dags/example_dataset_alias_with_no_taskflow.py took 0.796 seconds
[2025-01-07T11:52:39.606+0000] {processor.py:186} INFO - Started process (PID=666) to work on /home/airflow/.local/lib/python3.12/site-packages/airflow/example_dags/example_dataset_alias_with_no_taskflow.py
[2025-01-07T11:52:39.607+0000] {processor.py:914} INFO - Processing file /home/airflow/.local/lib/python3.12/site-packages/airflow/example_dags/example_dataset_alias_with_no_taskflow.py for tasks to queue
[2025-01-07T11:52:39.612+0000] {logging_mixin.py:190} INFO - [2025-01-07T11:52:39.611+0000] {dagbag.py:588} INFO - Filling up the DagBag from /home/airflow/.local/lib/python3.12/site-packages/airflow/example_dags/example_dataset_alias_with_no_taskflow.py
[2025-01-07T11:52:40.393+0000] {processor.py:925} INFO - DAG(s) 'dataset_s3_bucket_producer_with_no_taskflow', 'dataset_s3_bucket_consumer_with_no_taskflow', 'dataset_alias_example_alias_consumer_with_no_taskflow', 'dataset_alias_example_alias_producer_with_no_taskflow' retrieved from /home/airflow/.local/lib/python3.12/site-packages/airflow/example_dags/example_dataset_alias_with_no_taskflow.py
[2025-01-07T11:52:40.417+0000] {logging_mixin.py:190} INFO - [2025-01-07T11:52:40.417+0000] {dag.py:3239} INFO - Sync 4 DAGs
[2025-01-07T11:52:40.443+0000] {logging_mixin.py:190} INFO - [2025-01-07T11:52:40.443+0000] {dag.py:4180} INFO - Setting next_dagrun for dataset_alias_example_alias_consumer_with_no_taskflow to None, run_after=None
[2025-01-07T11:52:40.446+0000] {logging_mixin.py:190} INFO - [2025-01-07T11:52:40.446+0000] {dag.py:4180} INFO - Setting next_dagrun for dataset_alias_example_alias_producer_with_no_taskflow to None, run_after=None
[2025-01-07T11:52:40.448+0000] {logging_mixin.py:190} INFO - [2025-01-07T11:52:40.448+0000] {dag.py:4180} INFO - Setting next_dagrun for dataset_s3_bucket_consumer_with_no_taskflow to None, run_after=None
[2025-01-07T11:52:40.450+0000] {logging_mixin.py:190} INFO - [2025-01-07T11:52:40.450+0000] {dag.py:4180} INFO - Setting next_dagrun for dataset_s3_bucket_producer_with_no_taskflow to None, run_after=None
[2025-01-07T11:52:40.490+0000] {processor.py:208} INFO - Processing /home/airflow/.local/lib/python3.12/site-packages/airflow/example_dags/example_dataset_alias_with_no_taskflow.py took 0.892 seconds
[2025-01-07T11:53:11.260+0000] {processor.py:186} INFO - Started process (PID=730) to work on /home/airflow/.local/lib/python3.12/site-packages/airflow/example_dags/example_dataset_alias_with_no_taskflow.py
[2025-01-07T11:53:11.262+0000] {processor.py:914} INFO - Processing file /home/airflow/.local/lib/python3.12/site-packages/airflow/example_dags/example_dataset_alias_with_no_taskflow.py for tasks to queue
[2025-01-07T11:53:11.265+0000] {logging_mixin.py:190} INFO - [2025-01-07T11:53:11.264+0000] {dagbag.py:588} INFO - Filling up the DagBag from /home/airflow/.local/lib/python3.12/site-packages/airflow/example_dags/example_dataset_alias_with_no_taskflow.py
[2025-01-07T11:53:11.912+0000] {processor.py:925} INFO - DAG(s) 'dataset_s3_bucket_producer_with_no_taskflow', 'dataset_alias_example_alias_consumer_with_no_taskflow', 'dataset_s3_bucket_consumer_with_no_taskflow', 'dataset_alias_example_alias_producer_with_no_taskflow' retrieved from /home/airflow/.local/lib/python3.12/site-packages/airflow/example_dags/example_dataset_alias_with_no_taskflow.py
[2025-01-07T11:53:11.935+0000] {logging_mixin.py:190} INFO - [2025-01-07T11:53:11.934+0000] {dag.py:3239} INFO - Sync 4 DAGs
[2025-01-07T11:53:11.960+0000] {logging_mixin.py:190} INFO - [2025-01-07T11:53:11.960+0000] {dag.py:4180} INFO - Setting next_dagrun for dataset_alias_example_alias_consumer_with_no_taskflow to None, run_after=None
[2025-01-07T11:53:11.964+0000] {logging_mixin.py:190} INFO - [2025-01-07T11:53:11.963+0000] {dag.py:4180} INFO - Setting next_dagrun for dataset_alias_example_alias_producer_with_no_taskflow to None, run_after=None
[2025-01-07T11:53:11.966+0000] {logging_mixin.py:190} INFO - [2025-01-07T11:53:11.966+0000] {dag.py:4180} INFO - Setting next_dagrun for dataset_s3_bucket_consumer_with_no_taskflow to None, run_after=None
[2025-01-07T11:53:11.968+0000] {logging_mixin.py:190} INFO - [2025-01-07T11:53:11.968+0000] {dag.py:4180} INFO - Setting next_dagrun for dataset_s3_bucket_producer_with_no_taskflow to None, run_after=None
[2025-01-07T11:53:11.995+0000] {processor.py:208} INFO - Processing /home/airflow/.local/lib/python3.12/site-packages/airflow/example_dags/example_dataset_alias_with_no_taskflow.py took 0.744 seconds
[2025-01-07T11:53:42.781+0000] {processor.py:186} INFO - Started process (PID=794) to work on /home/airflow/.local/lib/python3.12/site-packages/airflow/example_dags/example_dataset_alias_with_no_taskflow.py
[2025-01-07T11:53:42.782+0000] {processor.py:914} INFO - Processing file /home/airflow/.local/lib/python3.12/site-packages/airflow/example_dags/example_dataset_alias_with_no_taskflow.py for tasks to queue
[2025-01-07T11:53:42.785+0000] {logging_mixin.py:190} INFO - [2025-01-07T11:53:42.784+0000] {dagbag.py:588} INFO - Filling up the DagBag from /home/airflow/.local/lib/python3.12/site-packages/airflow/example_dags/example_dataset_alias_with_no_taskflow.py
[2025-01-07T11:53:43.535+0000] {processor.py:925} INFO - DAG(s) 'dataset_alias_example_alias_consumer_with_no_taskflow', 'dataset_s3_bucket_consumer_with_no_taskflow', 'dataset_s3_bucket_producer_with_no_taskflow', 'dataset_alias_example_alias_producer_with_no_taskflow' retrieved from /home/airflow/.local/lib/python3.12/site-packages/airflow/example_dags/example_dataset_alias_with_no_taskflow.py
[2025-01-07T11:53:43.563+0000] {logging_mixin.py:190} INFO - [2025-01-07T11:53:43.562+0000] {dag.py:3239} INFO - Sync 4 DAGs
[2025-01-07T11:53:43.594+0000] {logging_mixin.py:190} INFO - [2025-01-07T11:53:43.593+0000] {dag.py:4180} INFO - Setting next_dagrun for dataset_alias_example_alias_consumer_with_no_taskflow to None, run_after=None
[2025-01-07T11:53:43.599+0000] {logging_mixin.py:190} INFO - [2025-01-07T11:53:43.599+0000] {dag.py:4180} INFO - Setting next_dagrun for dataset_alias_example_alias_producer_with_no_taskflow to None, run_after=None
[2025-01-07T11:53:43.601+0000] {logging_mixin.py:190} INFO - [2025-01-07T11:53:43.601+0000] {dag.py:4180} INFO - Setting next_dagrun for dataset_s3_bucket_consumer_with_no_taskflow to None, run_after=None
[2025-01-07T11:53:43.603+0000] {logging_mixin.py:190} INFO - [2025-01-07T11:53:43.603+0000] {dag.py:4180} INFO - Setting next_dagrun for dataset_s3_bucket_producer_with_no_taskflow to None, run_after=None
[2025-01-07T11:53:43.633+0000] {processor.py:208} INFO - Processing /home/airflow/.local/lib/python3.12/site-packages/airflow/example_dags/example_dataset_alias_with_no_taskflow.py took 0.863 seconds
[2025-01-07T11:54:14.480+0000] {processor.py:186} INFO - Started process (PID=859) to work on /home/airflow/.local/lib/python3.12/site-packages/airflow/example_dags/example_dataset_alias_with_no_taskflow.py
[2025-01-07T11:54:14.481+0000] {processor.py:914} INFO - Processing file /home/airflow/.local/lib/python3.12/site-packages/airflow/example_dags/example_dataset_alias_with_no_taskflow.py for tasks to queue
[2025-01-07T11:54:14.484+0000] {logging_mixin.py:190} INFO - [2025-01-07T11:54:14.484+0000] {dagbag.py:588} INFO - Filling up the DagBag from /home/airflow/.local/lib/python3.12/site-packages/airflow/example_dags/example_dataset_alias_with_no_taskflow.py
[2025-01-07T11:54:15.248+0000] {processor.py:925} INFO - DAG(s) 'dataset_s3_bucket_consumer_with_no_taskflow', 'dataset_alias_example_alias_consumer_with_no_taskflow', 'dataset_alias_example_alias_producer_with_no_taskflow', 'dataset_s3_bucket_producer_with_no_taskflow' retrieved from /home/airflow/.local/lib/python3.12/site-packages/airflow/example_dags/example_dataset_alias_with_no_taskflow.py
[2025-01-07T11:54:15.276+0000] {logging_mixin.py:190} INFO - [2025-01-07T11:54:15.275+0000] {dag.py:3239} INFO - Sync 4 DAGs
[2025-01-07T11:54:15.322+0000] {logging_mixin.py:190} INFO - [2025-01-07T11:54:15.321+0000] {dag.py:4180} INFO - Setting next_dagrun for dataset_alias_example_alias_consumer_with_no_taskflow to None, run_after=None
[2025-01-07T11:54:15.330+0000] {logging_mixin.py:190} INFO - [2025-01-07T11:54:15.330+0000] {dag.py:4180} INFO - Setting next_dagrun for dataset_alias_example_alias_producer_with_no_taskflow to None, run_after=None
[2025-01-07T11:54:15.333+0000] {logging_mixin.py:190} INFO - [2025-01-07T11:54:15.333+0000] {dag.py:4180} INFO - Setting next_dagrun for dataset_s3_bucket_consumer_with_no_taskflow to None, run_after=None
[2025-01-07T11:54:15.335+0000] {logging_mixin.py:190} INFO - [2025-01-07T11:54:15.335+0000] {dag.py:4180} INFO - Setting next_dagrun for dataset_s3_bucket_producer_with_no_taskflow to None, run_after=None
[2025-01-07T11:54:15.363+0000] {processor.py:208} INFO - Processing /home/airflow/.local/lib/python3.12/site-packages/airflow/example_dags/example_dataset_alias_with_no_taskflow.py took 0.891 seconds
[2025-01-07T11:54:45.983+0000] {processor.py:186} INFO - Started process (PID=922) to work on /home/airflow/.local/lib/python3.12/site-packages/airflow/example_dags/example_dataset_alias_with_no_taskflow.py
[2025-01-07T11:54:45.984+0000] {processor.py:914} INFO - Processing file /home/airflow/.local/lib/python3.12/site-packages/airflow/example_dags/example_dataset_alias_with_no_taskflow.py for tasks to queue
[2025-01-07T11:54:45.987+0000] {logging_mixin.py:190} INFO - [2025-01-07T11:54:45.986+0000] {dagbag.py:588} INFO - Filling up the DagBag from /home/airflow/.local/lib/python3.12/site-packages/airflow/example_dags/example_dataset_alias_with_no_taskflow.py
[2025-01-07T11:54:46.662+0000] {processor.py:925} INFO - DAG(s) 'dataset_s3_bucket_producer_with_no_taskflow', 'dataset_s3_bucket_consumer_with_no_taskflow', 'dataset_alias_example_alias_producer_with_no_taskflow', 'dataset_alias_example_alias_consumer_with_no_taskflow' retrieved from /home/airflow/.local/lib/python3.12/site-packages/airflow/example_dags/example_dataset_alias_with_no_taskflow.py
[2025-01-07T11:54:46.707+0000] {logging_mixin.py:190} INFO - [2025-01-07T11:54:46.706+0000] {dag.py:3239} INFO - Sync 4 DAGs
[2025-01-07T11:54:46.765+0000] {logging_mixin.py:190} INFO - [2025-01-07T11:54:46.765+0000] {dag.py:4180} INFO - Setting next_dagrun for dataset_alias_example_alias_consumer_with_no_taskflow to None, run_after=None
[2025-01-07T11:54:46.772+0000] {logging_mixin.py:190} INFO - [2025-01-07T11:54:46.771+0000] {dag.py:4180} INFO - Setting next_dagrun for dataset_alias_example_alias_producer_with_no_taskflow to None, run_after=None
[2025-01-07T11:54:46.776+0000] {logging_mixin.py:190} INFO - [2025-01-07T11:54:46.775+0000] {dag.py:4180} INFO - Setting next_dagrun for dataset_s3_bucket_consumer_with_no_taskflow to None, run_after=None
[2025-01-07T11:54:46.781+0000] {logging_mixin.py:190} INFO - [2025-01-07T11:54:46.781+0000] {dag.py:4180} INFO - Setting next_dagrun for dataset_s3_bucket_producer_with_no_taskflow to None, run_after=None
[2025-01-07T11:54:46.811+0000] {processor.py:208} INFO - Processing /home/airflow/.local/lib/python3.12/site-packages/airflow/example_dags/example_dataset_alias_with_no_taskflow.py took 0.836 seconds
[2025-01-07T11:55:17.113+0000] {processor.py:186} INFO - Started process (PID=997) to work on /home/airflow/.local/lib/python3.12/site-packages/airflow/example_dags/example_dataset_alias_with_no_taskflow.py
[2025-01-07T11:55:17.114+0000] {processor.py:914} INFO - Processing file /home/airflow/.local/lib/python3.12/site-packages/airflow/example_dags/example_dataset_alias_with_no_taskflow.py for tasks to queue
[2025-01-07T11:55:17.116+0000] {logging_mixin.py:190} INFO - [2025-01-07T11:55:17.116+0000] {dagbag.py:588} INFO - Filling up the DagBag from /home/airflow/.local/lib/python3.12/site-packages/airflow/example_dags/example_dataset_alias_with_no_taskflow.py
[2025-01-07T11:55:17.774+0000] {processor.py:925} INFO - DAG(s) 'dataset_s3_bucket_producer_with_no_taskflow', 'dataset_s3_bucket_consumer_with_no_taskflow', 'dataset_alias_example_alias_consumer_with_no_taskflow', 'dataset_alias_example_alias_producer_with_no_taskflow' retrieved from /home/airflow/.local/lib/python3.12/site-packages/airflow/example_dags/example_dataset_alias_with_no_taskflow.py
[2025-01-07T11:55:17.805+0000] {logging_mixin.py:190} INFO - [2025-01-07T11:55:17.805+0000] {dag.py:3239} INFO - Sync 4 DAGs
[2025-01-07T11:55:17.830+0000] {logging_mixin.py:190} INFO - [2025-01-07T11:55:17.829+0000] {dag.py:4180} INFO - Setting next_dagrun for dataset_alias_example_alias_consumer_with_no_taskflow to None, run_after=None
[2025-01-07T11:55:17.832+0000] {logging_mixin.py:190} INFO - [2025-01-07T11:55:17.832+0000] {dag.py:4180} INFO - Setting next_dagrun for dataset_alias_example_alias_producer_with_no_taskflow to None, run_after=None
[2025-01-07T11:55:17.834+0000] {logging_mixin.py:190} INFO - [2025-01-07T11:55:17.834+0000] {dag.py:4180} INFO - Setting next_dagrun for dataset_s3_bucket_consumer_with_no_taskflow to None, run_after=None
[2025-01-07T11:55:17.835+0000] {logging_mixin.py:190} INFO - [2025-01-07T11:55:17.835+0000] {dag.py:4180} INFO - Setting next_dagrun for dataset_s3_bucket_producer_with_no_taskflow to None, run_after=None
[2025-01-07T11:55:17.856+0000] {processor.py:208} INFO - Processing /home/airflow/.local/lib/python3.12/site-packages/airflow/example_dags/example_dataset_alias_with_no_taskflow.py took 0.750 seconds
[2025-01-07T11:55:47.975+0000] {processor.py:186} INFO - Started process (PID=1060) to work on /home/airflow/.local/lib/python3.12/site-packages/airflow/example_dags/example_dataset_alias_with_no_taskflow.py
[2025-01-07T11:55:47.976+0000] {processor.py:914} INFO - Processing file /home/airflow/.local/lib/python3.12/site-packages/airflow/example_dags/example_dataset_alias_with_no_taskflow.py for tasks to queue
[2025-01-07T11:55:47.979+0000] {logging_mixin.py:190} INFO - [2025-01-07T11:55:47.978+0000] {dagbag.py:588} INFO - Filling up the DagBag from /home/airflow/.local/lib/python3.12/site-packages/airflow/example_dags/example_dataset_alias_with_no_taskflow.py
[2025-01-07T11:55:48.612+0000] {processor.py:925} INFO - DAG(s) 'dataset_alias_example_alias_producer_with_no_taskflow', 'dataset_s3_bucket_consumer_with_no_taskflow', 'dataset_alias_example_alias_consumer_with_no_taskflow', 'dataset_s3_bucket_producer_with_no_taskflow' retrieved from /home/airflow/.local/lib/python3.12/site-packages/airflow/example_dags/example_dataset_alias_with_no_taskflow.py
[2025-01-07T11:55:48.643+0000] {logging_mixin.py:190} INFO - [2025-01-07T11:55:48.643+0000] {dag.py:3239} INFO - Sync 4 DAGs
[2025-01-07T11:55:48.682+0000] {logging_mixin.py:190} INFO - [2025-01-07T11:55:48.682+0000] {dag.py:4180} INFO - Setting next_dagrun for dataset_alias_example_alias_consumer_with_no_taskflow to None, run_after=None
[2025-01-07T11:55:48.686+0000] {logging_mixin.py:190} INFO - [2025-01-07T11:55:48.686+0000] {dag.py:4180} INFO - Setting next_dagrun for dataset_alias_example_alias_producer_with_no_taskflow to None, run_after=None
[2025-01-07T11:55:48.690+0000] {logging_mixin.py:190} INFO - [2025-01-07T11:55:48.689+0000] {dag.py:4180} INFO - Setting next_dagrun for dataset_s3_bucket_consumer_with_no_taskflow to None, run_after=None
[2025-01-07T11:55:48.693+0000] {logging_mixin.py:190} INFO - [2025-01-07T11:55:48.693+0000] {dag.py:4180} INFO - Setting next_dagrun for dataset_s3_bucket_producer_with_no_taskflow to None, run_after=None
[2025-01-07T11:55:48.726+0000] {processor.py:208} INFO - Processing /home/airflow/.local/lib/python3.12/site-packages/airflow/example_dags/example_dataset_alias_with_no_taskflow.py took 0.759 seconds
[2025-01-07T11:56:19.375+0000] {processor.py:186} INFO - Started process (PID=1125) to work on /home/airflow/.local/lib/python3.12/site-packages/airflow/example_dags/example_dataset_alias_with_no_taskflow.py
[2025-01-07T11:56:19.376+0000] {processor.py:914} INFO - Processing file /home/airflow/.local/lib/python3.12/site-packages/airflow/example_dags/example_dataset_alias_with_no_taskflow.py for tasks to queue
[2025-01-07T11:56:19.379+0000] {logging_mixin.py:190} INFO - [2025-01-07T11:56:19.379+0000] {dagbag.py:588} INFO - Filling up the DagBag from /home/airflow/.local/lib/python3.12/site-packages/airflow/example_dags/example_dataset_alias_with_no_taskflow.py
[2025-01-07T11:56:19.909+0000] {processor.py:925} INFO - DAG(s) 'dataset_s3_bucket_producer_with_no_taskflow', 'dataset_s3_bucket_consumer_with_no_taskflow', 'dataset_alias_example_alias_producer_with_no_taskflow', 'dataset_alias_example_alias_consumer_with_no_taskflow' retrieved from /home/airflow/.local/lib/python3.12/site-packages/airflow/example_dags/example_dataset_alias_with_no_taskflow.py
[2025-01-07T11:56:19.930+0000] {logging_mixin.py:190} INFO - [2025-01-07T11:56:19.929+0000] {dag.py:3239} INFO - Sync 4 DAGs
[2025-01-07T11:56:19.952+0000] {logging_mixin.py:190} INFO - [2025-01-07T11:56:19.952+0000] {dag.py:4180} INFO - Setting next_dagrun for dataset_alias_example_alias_consumer_with_no_taskflow to None, run_after=None
[2025-01-07T11:56:19.955+0000] {logging_mixin.py:190} INFO - [2025-01-07T11:56:19.955+0000] {dag.py:4180} INFO - Setting next_dagrun for dataset_alias_example_alias_producer_with_no_taskflow to None, run_after=None
[2025-01-07T11:56:19.957+0000] {logging_mixin.py:190} INFO - [2025-01-07T11:56:19.957+0000] {dag.py:4180} INFO - Setting next_dagrun for dataset_s3_bucket_consumer_with_no_taskflow to None, run_after=None
[2025-01-07T11:56:19.959+0000] {logging_mixin.py:190} INFO - [2025-01-07T11:56:19.958+0000] {dag.py:4180} INFO - Setting next_dagrun for dataset_s3_bucket_producer_with_no_taskflow to None, run_after=None
[2025-01-07T11:56:19.981+0000] {processor.py:208} INFO - Processing /home/airflow/.local/lib/python3.12/site-packages/airflow/example_dags/example_dataset_alias_with_no_taskflow.py took 0.611 seconds
[2025-01-07T11:56:50.726+0000] {processor.py:186} INFO - Started process (PID=1188) to work on /home/airflow/.local/lib/python3.12/site-packages/airflow/example_dags/example_dataset_alias_with_no_taskflow.py
[2025-01-07T11:56:50.727+0000] {processor.py:914} INFO - Processing file /home/airflow/.local/lib/python3.12/site-packages/airflow/example_dags/example_dataset_alias_with_no_taskflow.py for tasks to queue
[2025-01-07T11:56:50.731+0000] {logging_mixin.py:190} INFO - [2025-01-07T11:56:50.731+0000] {dagbag.py:588} INFO - Filling up the DagBag from /home/airflow/.local/lib/python3.12/site-packages/airflow/example_dags/example_dataset_alias_with_no_taskflow.py
[2025-01-07T11:56:51.278+0000] {processor.py:925} INFO - DAG(s) 'dataset_alias_example_alias_producer_with_no_taskflow', 'dataset_alias_example_alias_consumer_with_no_taskflow', 'dataset_s3_bucket_producer_with_no_taskflow', 'dataset_s3_bucket_consumer_with_no_taskflow' retrieved from /home/airflow/.local/lib/python3.12/site-packages/airflow/example_dags/example_dataset_alias_with_no_taskflow.py
[2025-01-07T11:56:51.299+0000] {logging_mixin.py:190} INFO - [2025-01-07T11:56:51.299+0000] {dag.py:3239} INFO - Sync 4 DAGs
[2025-01-07T11:56:51.326+0000] {logging_mixin.py:190} INFO - [2025-01-07T11:56:51.326+0000] {dag.py:4180} INFO - Setting next_dagrun for dataset_alias_example_alias_consumer_with_no_taskflow to None, run_after=None
[2025-01-07T11:56:51.329+0000] {logging_mixin.py:190} INFO - [2025-01-07T11:56:51.329+0000] {dag.py:4180} INFO - Setting next_dagrun for dataset_alias_example_alias_producer_with_no_taskflow to None, run_after=None
[2025-01-07T11:56:51.331+0000] {logging_mixin.py:190} INFO - [2025-01-07T11:56:51.331+0000] {dag.py:4180} INFO - Setting next_dagrun for dataset_s3_bucket_consumer_with_no_taskflow to None, run_after=None
[2025-01-07T11:56:51.333+0000] {logging_mixin.py:190} INFO - [2025-01-07T11:56:51.333+0000] {dag.py:4180} INFO - Setting next_dagrun for dataset_s3_bucket_producer_with_no_taskflow to None, run_after=None
[2025-01-07T11:56:51.356+0000] {processor.py:208} INFO - Processing /home/airflow/.local/lib/python3.12/site-packages/airflow/example_dags/example_dataset_alias_with_no_taskflow.py took 0.635 seconds
[2025-01-07T11:57:22.053+0000] {processor.py:186} INFO - Started process (PID=1251) to work on /home/airflow/.local/lib/python3.12/site-packages/airflow/example_dags/example_dataset_alias_with_no_taskflow.py
[2025-01-07T11:57:22.054+0000] {processor.py:914} INFO - Processing file /home/airflow/.local/lib/python3.12/site-packages/airflow/example_dags/example_dataset_alias_with_no_taskflow.py for tasks to queue
[2025-01-07T11:57:22.057+0000] {logging_mixin.py:190} INFO - [2025-01-07T11:57:22.056+0000] {dagbag.py:588} INFO - Filling up the DagBag from /home/airflow/.local/lib/python3.12/site-packages/airflow/example_dags/example_dataset_alias_with_no_taskflow.py
[2025-01-07T11:57:22.641+0000] {processor.py:925} INFO - DAG(s) 'dataset_s3_bucket_consumer_with_no_taskflow', 'dataset_alias_example_alias_consumer_with_no_taskflow', 'dataset_alias_example_alias_producer_with_no_taskflow', 'dataset_s3_bucket_producer_with_no_taskflow' retrieved from /home/airflow/.local/lib/python3.12/site-packages/airflow/example_dags/example_dataset_alias_with_no_taskflow.py
[2025-01-07T11:57:22.662+0000] {logging_mixin.py:190} INFO - [2025-01-07T11:57:22.661+0000] {dag.py:3239} INFO - Sync 4 DAGs
[2025-01-07T11:57:22.682+0000] {logging_mixin.py:190} INFO - [2025-01-07T11:57:22.682+0000] {dag.py:4180} INFO - Setting next_dagrun for dataset_alias_example_alias_consumer_with_no_taskflow to None, run_after=None
[2025-01-07T11:57:22.685+0000] {logging_mixin.py:190} INFO - [2025-01-07T11:57:22.685+0000] {dag.py:4180} INFO - Setting next_dagrun for dataset_alias_example_alias_producer_with_no_taskflow to None, run_after=None
[2025-01-07T11:57:22.687+0000] {logging_mixin.py:190} INFO - [2025-01-07T11:57:22.687+0000] {dag.py:4180} INFO - Setting next_dagrun for dataset_s3_bucket_consumer_with_no_taskflow to None, run_after=None
[2025-01-07T11:57:22.688+0000] {logging_mixin.py:190} INFO - [2025-01-07T11:57:22.688+0000] {dag.py:4180} INFO - Setting next_dagrun for dataset_s3_bucket_producer_with_no_taskflow to None, run_after=None
[2025-01-07T11:57:22.710+0000] {processor.py:208} INFO - Processing /home/airflow/.local/lib/python3.12/site-packages/airflow/example_dags/example_dataset_alias_with_no_taskflow.py took 0.662 seconds
[2025-01-07T11:57:53.479+0000] {processor.py:186} INFO - Started process (PID=1322) to work on /home/airflow/.local/lib/python3.12/site-packages/airflow/example_dags/example_dataset_alias_with_no_taskflow.py
[2025-01-07T11:57:53.483+0000] {processor.py:914} INFO - Processing file /home/airflow/.local/lib/python3.12/site-packages/airflow/example_dags/example_dataset_alias_with_no_taskflow.py for tasks to queue
[2025-01-07T11:57:53.507+0000] {logging_mixin.py:190} INFO - [2025-01-07T11:57:53.506+0000] {dagbag.py:588} INFO - Filling up the DagBag from /home/airflow/.local/lib/python3.12/site-packages/airflow/example_dags/example_dataset_alias_with_no_taskflow.py
[2025-01-07T11:57:56.804+0000] {processor.py:925} INFO - DAG(s) 'dataset_alias_example_alias_consumer_with_no_taskflow', 'dataset_alias_example_alias_producer_with_no_taskflow', 'dataset_s3_bucket_consumer_with_no_taskflow', 'dataset_s3_bucket_producer_with_no_taskflow' retrieved from /home/airflow/.local/lib/python3.12/site-packages/airflow/example_dags/example_dataset_alias_with_no_taskflow.py
[2025-01-07T11:57:56.833+0000] {logging_mixin.py:190} INFO - [2025-01-07T11:57:56.832+0000] {dag.py:3239} INFO - Sync 4 DAGs
[2025-01-07T11:57:56.864+0000] {logging_mixin.py:190} INFO - [2025-01-07T11:57:56.863+0000] {dag.py:4180} INFO - Setting next_dagrun for dataset_alias_example_alias_consumer_with_no_taskflow to None, run_after=None
[2025-01-07T11:57:56.867+0000] {logging_mixin.py:190} INFO - [2025-01-07T11:57:56.867+0000] {dag.py:4180} INFO - Setting next_dagrun for dataset_alias_example_alias_producer_with_no_taskflow to None, run_after=None
[2025-01-07T11:57:56.873+0000] {logging_mixin.py:190} INFO - [2025-01-07T11:57:56.873+0000] {dag.py:4180} INFO - Setting next_dagrun for dataset_s3_bucket_consumer_with_no_taskflow to None, run_after=None
[2025-01-07T11:57:56.875+0000] {logging_mixin.py:190} INFO - [2025-01-07T11:57:56.875+0000] {dag.py:4180} INFO - Setting next_dagrun for dataset_s3_bucket_producer_with_no_taskflow to None, run_after=None
[2025-01-07T11:57:56.901+0000] {processor.py:208} INFO - Processing /home/airflow/.local/lib/python3.12/site-packages/airflow/example_dags/example_dataset_alias_with_no_taskflow.py took 3.488 seconds
[2025-01-07T11:58:27.238+0000] {processor.py:186} INFO - Started process (PID=1386) to work on /home/airflow/.local/lib/python3.12/site-packages/airflow/example_dags/example_dataset_alias_with_no_taskflow.py
[2025-01-07T11:58:27.239+0000] {processor.py:914} INFO - Processing file /home/airflow/.local/lib/python3.12/site-packages/airflow/example_dags/example_dataset_alias_with_no_taskflow.py for tasks to queue
[2025-01-07T11:58:27.242+0000] {logging_mixin.py:190} INFO - [2025-01-07T11:58:27.242+0000] {dagbag.py:588} INFO - Filling up the DagBag from /home/airflow/.local/lib/python3.12/site-packages/airflow/example_dags/example_dataset_alias_with_no_taskflow.py
[2025-01-07T11:58:27.800+0000] {processor.py:925} INFO - DAG(s) 'dataset_s3_bucket_consumer_with_no_taskflow', 'dataset_alias_example_alias_producer_with_no_taskflow', 'dataset_s3_bucket_producer_with_no_taskflow', 'dataset_alias_example_alias_consumer_with_no_taskflow' retrieved from /home/airflow/.local/lib/python3.12/site-packages/airflow/example_dags/example_dataset_alias_with_no_taskflow.py
[2025-01-07T11:58:27.824+0000] {logging_mixin.py:190} INFO - [2025-01-07T11:58:27.823+0000] {dag.py:3239} INFO - Sync 4 DAGs
[2025-01-07T11:58:27.856+0000] {logging_mixin.py:190} INFO - [2025-01-07T11:58:27.856+0000] {dag.py:4180} INFO - Setting next_dagrun for dataset_alias_example_alias_consumer_with_no_taskflow to None, run_after=None
[2025-01-07T11:58:27.860+0000] {logging_mixin.py:190} INFO - [2025-01-07T11:58:27.860+0000] {dag.py:4180} INFO - Setting next_dagrun for dataset_alias_example_alias_producer_with_no_taskflow to None, run_after=None
[2025-01-07T11:58:27.871+0000] {logging_mixin.py:190} INFO - [2025-01-07T11:58:27.863+0000] {dag.py:4180} INFO - Setting next_dagrun for dataset_s3_bucket_consumer_with_no_taskflow to None, run_after=None
[2025-01-07T11:58:27.873+0000] {logging_mixin.py:190} INFO - [2025-01-07T11:58:27.873+0000] {dag.py:4180} INFO - Setting next_dagrun for dataset_s3_bucket_producer_with_no_taskflow to None, run_after=None
[2025-01-07T11:58:27.900+0000] {processor.py:208} INFO - Processing /home/airflow/.local/lib/python3.12/site-packages/airflow/example_dags/example_dataset_alias_with_no_taskflow.py took 0.667 seconds
[2025-01-07T11:58:58.704+0000] {processor.py:186} INFO - Started process (PID=1452) to work on /home/airflow/.local/lib/python3.12/site-packages/airflow/example_dags/example_dataset_alias_with_no_taskflow.py
[2025-01-07T11:58:58.706+0000] {processor.py:914} INFO - Processing file /home/airflow/.local/lib/python3.12/site-packages/airflow/example_dags/example_dataset_alias_with_no_taskflow.py for tasks to queue
[2025-01-07T11:58:58.709+0000] {logging_mixin.py:190} INFO - [2025-01-07T11:58:58.709+0000] {dagbag.py:588} INFO - Filling up the DagBag from /home/airflow/.local/lib/python3.12/site-packages/airflow/example_dags/example_dataset_alias_with_no_taskflow.py
[2025-01-07T11:58:59.358+0000] {processor.py:925} INFO - DAG(s) 'dataset_alias_example_alias_producer_with_no_taskflow', 'dataset_alias_example_alias_consumer_with_no_taskflow', 'dataset_s3_bucket_consumer_with_no_taskflow', 'dataset_s3_bucket_producer_with_no_taskflow' retrieved from /home/airflow/.local/lib/python3.12/site-packages/airflow/example_dags/example_dataset_alias_with_no_taskflow.py
[2025-01-07T11:58:59.385+0000] {logging_mixin.py:190} INFO - [2025-01-07T11:58:59.384+0000] {dag.py:3239} INFO - Sync 4 DAGs
[2025-01-07T11:58:59.411+0000] {logging_mixin.py:190} INFO - [2025-01-07T11:58:59.410+0000] {dag.py:4180} INFO - Setting next_dagrun for dataset_alias_example_alias_consumer_with_no_taskflow to None, run_after=None
[2025-01-07T11:58:59.415+0000] {logging_mixin.py:190} INFO - [2025-01-07T11:58:59.415+0000] {dag.py:4180} INFO - Setting next_dagrun for dataset_alias_example_alias_producer_with_no_taskflow to None, run_after=None
[2025-01-07T11:58:59.418+0000] {logging_mixin.py:190} INFO - [2025-01-07T11:58:59.417+0000] {dag.py:4180} INFO - Setting next_dagrun for dataset_s3_bucket_consumer_with_no_taskflow to None, run_after=None
[2025-01-07T11:58:59.419+0000] {logging_mixin.py:190} INFO - [2025-01-07T11:58:59.419+0000] {dag.py:4180} INFO - Setting next_dagrun for dataset_s3_bucket_producer_with_no_taskflow to None, run_after=None
[2025-01-07T11:58:59.443+0000] {processor.py:208} INFO - Processing /home/airflow/.local/lib/python3.12/site-packages/airflow/example_dags/example_dataset_alias_with_no_taskflow.py took 0.747 seconds
[2025-01-07T11:59:30.296+0000] {processor.py:186} INFO - Started process (PID=1520) to work on /home/airflow/.local/lib/python3.12/site-packages/airflow/example_dags/example_dataset_alias_with_no_taskflow.py
[2025-01-07T11:59:30.297+0000] {processor.py:914} INFO - Processing file /home/airflow/.local/lib/python3.12/site-packages/airflow/example_dags/example_dataset_alias_with_no_taskflow.py for tasks to queue
[2025-01-07T11:59:30.300+0000] {logging_mixin.py:190} INFO - [2025-01-07T11:59:30.299+0000] {dagbag.py:588} INFO - Filling up the DagBag from /home/airflow/.local/lib/python3.12/site-packages/airflow/example_dags/example_dataset_alias_with_no_taskflow.py
[2025-01-07T11:59:30.885+0000] {processor.py:925} INFO - DAG(s) 'dataset_s3_bucket_producer_with_no_taskflow', 'dataset_s3_bucket_consumer_with_no_taskflow', 'dataset_alias_example_alias_consumer_with_no_taskflow', 'dataset_alias_example_alias_producer_with_no_taskflow' retrieved from /home/airflow/.local/lib/python3.12/site-packages/airflow/example_dags/example_dataset_alias_with_no_taskflow.py
[2025-01-07T11:59:30.907+0000] {logging_mixin.py:190} INFO - [2025-01-07T11:59:30.907+0000] {dag.py:3239} INFO - Sync 4 DAGs
[2025-01-07T11:59:30.927+0000] {logging_mixin.py:190} INFO - [2025-01-07T11:59:30.927+0000] {dag.py:4180} INFO - Setting next_dagrun for dataset_alias_example_alias_consumer_with_no_taskflow to None, run_after=None
[2025-01-07T11:59:30.930+0000] {logging_mixin.py:190} INFO - [2025-01-07T11:59:30.930+0000] {dag.py:4180} INFO - Setting next_dagrun for dataset_alias_example_alias_producer_with_no_taskflow to None, run_after=None
[2025-01-07T11:59:30.932+0000] {logging_mixin.py:190} INFO - [2025-01-07T11:59:30.932+0000] {dag.py:4180} INFO - Setting next_dagrun for dataset_s3_bucket_consumer_with_no_taskflow to None, run_after=None
[2025-01-07T11:59:30.934+0000] {logging_mixin.py:190} INFO - [2025-01-07T11:59:30.934+0000] {dag.py:4180} INFO - Setting next_dagrun for dataset_s3_bucket_producer_with_no_taskflow to None, run_after=None
[2025-01-07T11:59:30.958+0000] {processor.py:208} INFO - Processing /home/airflow/.local/lib/python3.12/site-packages/airflow/example_dags/example_dataset_alias_with_no_taskflow.py took 0.669 seconds
[2025-01-07T12:00:01.091+0000] {processor.py:186} INFO - Started process (PID=1583) to work on /home/airflow/.local/lib/python3.12/site-packages/airflow/example_dags/example_dataset_alias_with_no_taskflow.py
[2025-01-07T12:00:01.092+0000] {processor.py:914} INFO - Processing file /home/airflow/.local/lib/python3.12/site-packages/airflow/example_dags/example_dataset_alias_with_no_taskflow.py for tasks to queue
[2025-01-07T12:00:01.095+0000] {logging_mixin.py:190} INFO - [2025-01-07T12:00:01.095+0000] {dagbag.py:588} INFO - Filling up the DagBag from /home/airflow/.local/lib/python3.12/site-packages/airflow/example_dags/example_dataset_alias_with_no_taskflow.py
[2025-01-07T12:00:01.817+0000] {processor.py:925} INFO - DAG(s) 'dataset_s3_bucket_consumer_with_no_taskflow', 'dataset_alias_example_alias_producer_with_no_taskflow', 'dataset_alias_example_alias_consumer_with_no_taskflow', 'dataset_s3_bucket_producer_with_no_taskflow' retrieved from /home/airflow/.local/lib/python3.12/site-packages/airflow/example_dags/example_dataset_alias_with_no_taskflow.py
[2025-01-07T12:00:01.840+0000] {logging_mixin.py:190} INFO - [2025-01-07T12:00:01.840+0000] {dag.py:3239} INFO - Sync 4 DAGs
[2025-01-07T12:00:01.862+0000] {logging_mixin.py:190} INFO - [2025-01-07T12:00:01.861+0000] {dag.py:4180} INFO - Setting next_dagrun for dataset_alias_example_alias_consumer_with_no_taskflow to None, run_after=None
[2025-01-07T12:00:01.865+0000] {logging_mixin.py:190} INFO - [2025-01-07T12:00:01.865+0000] {dag.py:4180} INFO - Setting next_dagrun for dataset_alias_example_alias_producer_with_no_taskflow to None, run_after=None
[2025-01-07T12:00:01.867+0000] {logging_mixin.py:190} INFO - [2025-01-07T12:00:01.867+0000] {dag.py:4180} INFO - Setting next_dagrun for dataset_s3_bucket_consumer_with_no_taskflow to None, run_after=None
[2025-01-07T12:00:01.869+0000] {logging_mixin.py:190} INFO - [2025-01-07T12:00:01.869+0000] {dag.py:4180} INFO - Setting next_dagrun for dataset_s3_bucket_producer_with_no_taskflow to None, run_after=None
[2025-01-07T12:00:01.905+0000] {processor.py:208} INFO - Processing /home/airflow/.local/lib/python3.12/site-packages/airflow/example_dags/example_dataset_alias_with_no_taskflow.py took 0.821 seconds
[2025-01-07T12:00:32.407+0000] {processor.py:186} INFO - Started process (PID=1646) to work on /home/airflow/.local/lib/python3.12/site-packages/airflow/example_dags/example_dataset_alias_with_no_taskflow.py
[2025-01-07T12:00:32.408+0000] {processor.py:914} INFO - Processing file /home/airflow/.local/lib/python3.12/site-packages/airflow/example_dags/example_dataset_alias_with_no_taskflow.py for tasks to queue
[2025-01-07T12:00:32.410+0000] {logging_mixin.py:190} INFO - [2025-01-07T12:00:32.410+0000] {dagbag.py:588} INFO - Filling up the DagBag from /home/airflow/.local/lib/python3.12/site-packages/airflow/example_dags/example_dataset_alias_with_no_taskflow.py
[2025-01-07T12:00:32.973+0000] {processor.py:925} INFO - DAG(s) 'dataset_s3_bucket_consumer_with_no_taskflow', 'dataset_s3_bucket_producer_with_no_taskflow', 'dataset_alias_example_alias_consumer_with_no_taskflow', 'dataset_alias_example_alias_producer_with_no_taskflow' retrieved from /home/airflow/.local/lib/python3.12/site-packages/airflow/example_dags/example_dataset_alias_with_no_taskflow.py
[2025-01-07T12:00:32.993+0000] {logging_mixin.py:190} INFO - [2025-01-07T12:00:32.993+0000] {dag.py:3239} INFO - Sync 4 DAGs
[2025-01-07T12:00:33.013+0000] {logging_mixin.py:190} INFO - [2025-01-07T12:00:33.013+0000] {dag.py:4180} INFO - Setting next_dagrun for dataset_alias_example_alias_consumer_with_no_taskflow to None, run_after=None
[2025-01-07T12:00:33.016+0000] {logging_mixin.py:190} INFO - [2025-01-07T12:00:33.016+0000] {dag.py:4180} INFO - Setting next_dagrun for dataset_alias_example_alias_producer_with_no_taskflow to None, run_after=None
[2025-01-07T12:00:33.018+0000] {logging_mixin.py:190} INFO - [2025-01-07T12:00:33.018+0000] {dag.py:4180} INFO - Setting next_dagrun for dataset_s3_bucket_consumer_with_no_taskflow to None, run_after=None
[2025-01-07T12:00:33.019+0000] {logging_mixin.py:190} INFO - [2025-01-07T12:00:33.019+0000] {dag.py:4180} INFO - Setting next_dagrun for dataset_s3_bucket_producer_with_no_taskflow to None, run_after=None
[2025-01-07T12:00:33.041+0000] {processor.py:208} INFO - Processing /home/airflow/.local/lib/python3.12/site-packages/airflow/example_dags/example_dataset_alias_with_no_taskflow.py took 0.640 seconds
[2025-01-07T12:01:03.602+0000] {processor.py:186} INFO - Started process (PID=1709) to work on /home/airflow/.local/lib/python3.12/site-packages/airflow/example_dags/example_dataset_alias_with_no_taskflow.py
[2025-01-07T12:01:03.604+0000] {processor.py:914} INFO - Processing file /home/airflow/.local/lib/python3.12/site-packages/airflow/example_dags/example_dataset_alias_with_no_taskflow.py for tasks to queue
[2025-01-07T12:01:03.606+0000] {logging_mixin.py:190} INFO - [2025-01-07T12:01:03.606+0000] {dagbag.py:588} INFO - Filling up the DagBag from /home/airflow/.local/lib/python3.12/site-packages/airflow/example_dags/example_dataset_alias_with_no_taskflow.py
[2025-01-07T12:01:04.135+0000] {processor.py:925} INFO - DAG(s) 'dataset_alias_example_alias_consumer_with_no_taskflow', 'dataset_s3_bucket_consumer_with_no_taskflow', 'dataset_s3_bucket_producer_with_no_taskflow', 'dataset_alias_example_alias_producer_with_no_taskflow' retrieved from /home/airflow/.local/lib/python3.12/site-packages/airflow/example_dags/example_dataset_alias_with_no_taskflow.py
[2025-01-07T12:01:04.156+0000] {logging_mixin.py:190} INFO - [2025-01-07T12:01:04.155+0000] {dag.py:3239} INFO - Sync 4 DAGs
[2025-01-07T12:01:04.176+0000] {logging_mixin.py:190} INFO - [2025-01-07T12:01:04.176+0000] {dag.py:4180} INFO - Setting next_dagrun for dataset_alias_example_alias_consumer_with_no_taskflow to None, run_after=None
[2025-01-07T12:01:04.179+0000] {logging_mixin.py:190} INFO - [2025-01-07T12:01:04.178+0000] {dag.py:4180} INFO - Setting next_dagrun for dataset_alias_example_alias_producer_with_no_taskflow to None, run_after=None
[2025-01-07T12:01:04.180+0000] {logging_mixin.py:190} INFO - [2025-01-07T12:01:04.180+0000] {dag.py:4180} INFO - Setting next_dagrun for dataset_s3_bucket_consumer_with_no_taskflow to None, run_after=None
[2025-01-07T12:01:04.182+0000] {logging_mixin.py:190} INFO - [2025-01-07T12:01:04.182+0000] {dag.py:4180} INFO - Setting next_dagrun for dataset_s3_bucket_producer_with_no_taskflow to None, run_after=None
[2025-01-07T12:01:04.202+0000] {processor.py:208} INFO - Processing /home/airflow/.local/lib/python3.12/site-packages/airflow/example_dags/example_dataset_alias_with_no_taskflow.py took 0.607 seconds
[2025-01-07T12:01:34.893+0000] {processor.py:186} INFO - Started process (PID=1772) to work on /home/airflow/.local/lib/python3.12/site-packages/airflow/example_dags/example_dataset_alias_with_no_taskflow.py
[2025-01-07T12:01:34.895+0000] {processor.py:914} INFO - Processing file /home/airflow/.local/lib/python3.12/site-packages/airflow/example_dags/example_dataset_alias_with_no_taskflow.py for tasks to queue
[2025-01-07T12:01:34.898+0000] {logging_mixin.py:190} INFO - [2025-01-07T12:01:34.897+0000] {dagbag.py:588} INFO - Filling up the DagBag from /home/airflow/.local/lib/python3.12/site-packages/airflow/example_dags/example_dataset_alias_with_no_taskflow.py
[2025-01-07T12:01:35.580+0000] {processor.py:925} INFO - DAG(s) 'dataset_alias_example_alias_producer_with_no_taskflow', 'dataset_alias_example_alias_consumer_with_no_taskflow', 'dataset_s3_bucket_consumer_with_no_taskflow', 'dataset_s3_bucket_producer_with_no_taskflow' retrieved from /home/airflow/.local/lib/python3.12/site-packages/airflow/example_dags/example_dataset_alias_with_no_taskflow.py
[2025-01-07T12:01:35.605+0000] {logging_mixin.py:190} INFO - [2025-01-07T12:01:35.604+0000] {dag.py:3239} INFO - Sync 4 DAGs
[2025-01-07T12:01:35.630+0000] {logging_mixin.py:190} INFO - [2025-01-07T12:01:35.629+0000] {dag.py:4180} INFO - Setting next_dagrun for dataset_alias_example_alias_consumer_with_no_taskflow to None, run_after=None
[2025-01-07T12:01:35.632+0000] {logging_mixin.py:190} INFO - [2025-01-07T12:01:35.632+0000] {dag.py:4180} INFO - Setting next_dagrun for dataset_alias_example_alias_producer_with_no_taskflow to None, run_after=None
[2025-01-07T12:01:35.634+0000] {logging_mixin.py:190} INFO - [2025-01-07T12:01:35.634+0000] {dag.py:4180} INFO - Setting next_dagrun for dataset_s3_bucket_consumer_with_no_taskflow to None, run_after=None
[2025-01-07T12:01:35.636+0000] {logging_mixin.py:190} INFO - [2025-01-07T12:01:35.636+0000] {dag.py:4180} INFO - Setting next_dagrun for dataset_s3_bucket_producer_with_no_taskflow to None, run_after=None
[2025-01-07T12:01:35.680+0000] {processor.py:208} INFO - Processing /home/airflow/.local/lib/python3.12/site-packages/airflow/example_dags/example_dataset_alias_with_no_taskflow.py took 0.795 seconds
[2025-01-07T12:02:06.485+0000] {processor.py:186} INFO - Started process (PID=1835) to work on /home/airflow/.local/lib/python3.12/site-packages/airflow/example_dags/example_dataset_alias_with_no_taskflow.py
[2025-01-07T12:02:06.487+0000] {processor.py:914} INFO - Processing file /home/airflow/.local/lib/python3.12/site-packages/airflow/example_dags/example_dataset_alias_with_no_taskflow.py for tasks to queue
[2025-01-07T12:02:06.489+0000] {logging_mixin.py:190} INFO - [2025-01-07T12:02:06.489+0000] {dagbag.py:588} INFO - Filling up the DagBag from /home/airflow/.local/lib/python3.12/site-packages/airflow/example_dags/example_dataset_alias_with_no_taskflow.py
[2025-01-07T12:02:07.172+0000] {processor.py:925} INFO - DAG(s) 'dataset_s3_bucket_producer_with_no_taskflow', 'dataset_alias_example_alias_consumer_with_no_taskflow', 'dataset_s3_bucket_consumer_with_no_taskflow', 'dataset_alias_example_alias_producer_with_no_taskflow' retrieved from /home/airflow/.local/lib/python3.12/site-packages/airflow/example_dags/example_dataset_alias_with_no_taskflow.py
[2025-01-07T12:02:07.196+0000] {logging_mixin.py:190} INFO - [2025-01-07T12:02:07.196+0000] {dag.py:3239} INFO - Sync 4 DAGs
[2025-01-07T12:02:07.222+0000] {logging_mixin.py:190} INFO - [2025-01-07T12:02:07.222+0000] {dag.py:4180} INFO - Setting next_dagrun for dataset_alias_example_alias_consumer_with_no_taskflow to None, run_after=None
[2025-01-07T12:02:07.225+0000] {logging_mixin.py:190} INFO - [2025-01-07T12:02:07.225+0000] {dag.py:4180} INFO - Setting next_dagrun for dataset_alias_example_alias_producer_with_no_taskflow to None, run_after=None
[2025-01-07T12:02:07.227+0000] {logging_mixin.py:190} INFO - [2025-01-07T12:02:07.227+0000] {dag.py:4180} INFO - Setting next_dagrun for dataset_s3_bucket_consumer_with_no_taskflow to None, run_after=None
[2025-01-07T12:02:07.229+0000] {logging_mixin.py:190} INFO - [2025-01-07T12:02:07.229+0000] {dag.py:4180} INFO - Setting next_dagrun for dataset_s3_bucket_producer_with_no_taskflow to None, run_after=None
[2025-01-07T12:02:07.253+0000] {processor.py:208} INFO - Processing /home/airflow/.local/lib/python3.12/site-packages/airflow/example_dags/example_dataset_alias_with_no_taskflow.py took 0.776 seconds
[2025-01-07T12:02:37.836+0000] {processor.py:186} INFO - Started process (PID=1898) to work on /home/airflow/.local/lib/python3.12/site-packages/airflow/example_dags/example_dataset_alias_with_no_taskflow.py
[2025-01-07T12:02:37.837+0000] {processor.py:914} INFO - Processing file /home/airflow/.local/lib/python3.12/site-packages/airflow/example_dags/example_dataset_alias_with_no_taskflow.py for tasks to queue
[2025-01-07T12:02:37.839+0000] {logging_mixin.py:190} INFO - [2025-01-07T12:02:37.839+0000] {dagbag.py:588} INFO - Filling up the DagBag from /home/airflow/.local/lib/python3.12/site-packages/airflow/example_dags/example_dataset_alias_with_no_taskflow.py
[2025-01-07T12:02:38.362+0000] {processor.py:925} INFO - DAG(s) 'dataset_alias_example_alias_consumer_with_no_taskflow', 'dataset_alias_example_alias_producer_with_no_taskflow', 'dataset_s3_bucket_consumer_with_no_taskflow', 'dataset_s3_bucket_producer_with_no_taskflow' retrieved from /home/airflow/.local/lib/python3.12/site-packages/airflow/example_dags/example_dataset_alias_with_no_taskflow.py
[2025-01-07T12:02:38.390+0000] {logging_mixin.py:190} INFO - [2025-01-07T12:02:38.389+0000] {dag.py:3239} INFO - Sync 4 DAGs
[2025-01-07T12:02:38.415+0000] {logging_mixin.py:190} INFO - [2025-01-07T12:02:38.415+0000] {dag.py:4180} INFO - Setting next_dagrun for dataset_alias_example_alias_consumer_with_no_taskflow to None, run_after=None
[2025-01-07T12:02:38.418+0000] {logging_mixin.py:190} INFO - [2025-01-07T12:02:38.418+0000] {dag.py:4180} INFO - Setting next_dagrun for dataset_alias_example_alias_producer_with_no_taskflow to None, run_after=None
[2025-01-07T12:02:38.420+0000] {logging_mixin.py:190} INFO - [2025-01-07T12:02:38.420+0000] {dag.py:4180} INFO - Setting next_dagrun for dataset_s3_bucket_consumer_with_no_taskflow to None, run_after=None
[2025-01-07T12:02:38.421+0000] {logging_mixin.py:190} INFO - [2025-01-07T12:02:38.421+0000] {dag.py:4180} INFO - Setting next_dagrun for dataset_s3_bucket_producer_with_no_taskflow to None, run_after=None
[2025-01-07T12:02:38.645+0000] {processor.py:208} INFO - Processing /home/airflow/.local/lib/python3.12/site-packages/airflow/example_dags/example_dataset_alias_with_no_taskflow.py took 0.815 seconds
[2025-01-07T12:03:09.342+0000] {processor.py:186} INFO - Started process (PID=1961) to work on /home/airflow/.local/lib/python3.12/site-packages/airflow/example_dags/example_dataset_alias_with_no_taskflow.py
[2025-01-07T12:03:09.344+0000] {processor.py:914} INFO - Processing file /home/airflow/.local/lib/python3.12/site-packages/airflow/example_dags/example_dataset_alias_with_no_taskflow.py for tasks to queue
[2025-01-07T12:03:09.347+0000] {logging_mixin.py:190} INFO - [2025-01-07T12:03:09.347+0000] {dagbag.py:588} INFO - Filling up the DagBag from /home/airflow/.local/lib/python3.12/site-packages/airflow/example_dags/example_dataset_alias_with_no_taskflow.py
[2025-01-07T12:03:10.089+0000] {processor.py:925} INFO - DAG(s) 'dataset_alias_example_alias_producer_with_no_taskflow', 'dataset_s3_bucket_producer_with_no_taskflow', 'dataset_alias_example_alias_consumer_with_no_taskflow', 'dataset_s3_bucket_consumer_with_no_taskflow' retrieved from /home/airflow/.local/lib/python3.12/site-packages/airflow/example_dags/example_dataset_alias_with_no_taskflow.py
[2025-01-07T12:03:10.124+0000] {logging_mixin.py:190} INFO - [2025-01-07T12:03:10.123+0000] {dag.py:3239} INFO - Sync 4 DAGs
[2025-01-07T12:03:10.163+0000] {logging_mixin.py:190} INFO - [2025-01-07T12:03:10.162+0000] {dag.py:4180} INFO - Setting next_dagrun for dataset_alias_example_alias_consumer_with_no_taskflow to None, run_after=None
[2025-01-07T12:03:10.168+0000] {logging_mixin.py:190} INFO - [2025-01-07T12:03:10.168+0000] {dag.py:4180} INFO - Setting next_dagrun for dataset_alias_example_alias_producer_with_no_taskflow to None, run_after=None
[2025-01-07T12:03:10.171+0000] {logging_mixin.py:190} INFO - [2025-01-07T12:03:10.170+0000] {dag.py:4180} INFO - Setting next_dagrun for dataset_s3_bucket_consumer_with_no_taskflow to None, run_after=None
[2025-01-07T12:03:10.175+0000] {logging_mixin.py:190} INFO - [2025-01-07T12:03:10.174+0000] {dag.py:4180} INFO - Setting next_dagrun for dataset_s3_bucket_producer_with_no_taskflow to None, run_after=None
[2025-01-07T12:03:10.199+0000] {processor.py:208} INFO - Processing /home/airflow/.local/lib/python3.12/site-packages/airflow/example_dags/example_dataset_alias_with_no_taskflow.py took 0.871 seconds
[2025-01-07T12:03:40.646+0000] {processor.py:186} INFO - Started process (PID=2024) to work on /home/airflow/.local/lib/python3.12/site-packages/airflow/example_dags/example_dataset_alias_with_no_taskflow.py
[2025-01-07T12:03:40.647+0000] {processor.py:914} INFO - Processing file /home/airflow/.local/lib/python3.12/site-packages/airflow/example_dags/example_dataset_alias_with_no_taskflow.py for tasks to queue
[2025-01-07T12:03:40.650+0000] {logging_mixin.py:190} INFO - [2025-01-07T12:03:40.650+0000] {dagbag.py:588} INFO - Filling up the DagBag from /home/airflow/.local/lib/python3.12/site-packages/airflow/example_dags/example_dataset_alias_with_no_taskflow.py
[2025-01-07T12:03:41.219+0000] {processor.py:925} INFO - DAG(s) 'dataset_alias_example_alias_producer_with_no_taskflow', 'dataset_s3_bucket_producer_with_no_taskflow', 'dataset_alias_example_alias_consumer_with_no_taskflow', 'dataset_s3_bucket_consumer_with_no_taskflow' retrieved from /home/airflow/.local/lib/python3.12/site-packages/airflow/example_dags/example_dataset_alias_with_no_taskflow.py
[2025-01-07T12:03:41.279+0000] {logging_mixin.py:190} INFO - [2025-01-07T12:03:41.278+0000] {dag.py:3239} INFO - Sync 4 DAGs
[2025-01-07T12:03:41.333+0000] {logging_mixin.py:190} INFO - [2025-01-07T12:03:41.332+0000] {dag.py:4180} INFO - Setting next_dagrun for dataset_alias_example_alias_consumer_with_no_taskflow to None, run_after=None
[2025-01-07T12:03:41.337+0000] {logging_mixin.py:190} INFO - [2025-01-07T12:03:41.337+0000] {dag.py:4180} INFO - Setting next_dagrun for dataset_alias_example_alias_producer_with_no_taskflow to None, run_after=None
[2025-01-07T12:03:41.342+0000] {logging_mixin.py:190} INFO - [2025-01-07T12:03:41.342+0000] {dag.py:4180} INFO - Setting next_dagrun for dataset_s3_bucket_consumer_with_no_taskflow to None, run_after=None
[2025-01-07T12:03:41.345+0000] {logging_mixin.py:190} INFO - [2025-01-07T12:03:41.345+0000] {dag.py:4180} INFO - Setting next_dagrun for dataset_s3_bucket_producer_with_no_taskflow to None, run_after=None
[2025-01-07T12:03:41.380+0000] {processor.py:208} INFO - Processing /home/airflow/.local/lib/python3.12/site-packages/airflow/example_dags/example_dataset_alias_with_no_taskflow.py took 0.740 seconds
[2025-01-07T12:04:12.075+0000] {processor.py:186} INFO - Started process (PID=2087) to work on /home/airflow/.local/lib/python3.12/site-packages/airflow/example_dags/example_dataset_alias_with_no_taskflow.py
[2025-01-07T12:04:12.077+0000] {processor.py:914} INFO - Processing file /home/airflow/.local/lib/python3.12/site-packages/airflow/example_dags/example_dataset_alias_with_no_taskflow.py for tasks to queue
[2025-01-07T12:04:12.079+0000] {logging_mixin.py:190} INFO - [2025-01-07T12:04:12.079+0000] {dagbag.py:588} INFO - Filling up the DagBag from /home/airflow/.local/lib/python3.12/site-packages/airflow/example_dags/example_dataset_alias_with_no_taskflow.py
[2025-01-07T12:04:12.656+0000] {processor.py:925} INFO - DAG(s) 'dataset_s3_bucket_producer_with_no_taskflow', 'dataset_alias_example_alias_consumer_with_no_taskflow', 'dataset_alias_example_alias_producer_with_no_taskflow', 'dataset_s3_bucket_consumer_with_no_taskflow' retrieved from /home/airflow/.local/lib/python3.12/site-packages/airflow/example_dags/example_dataset_alias_with_no_taskflow.py
[2025-01-07T12:04:12.681+0000] {logging_mixin.py:190} INFO - [2025-01-07T12:04:12.680+0000] {dag.py:3239} INFO - Sync 4 DAGs
[2025-01-07T12:04:12.702+0000] {logging_mixin.py:190} INFO - [2025-01-07T12:04:12.702+0000] {dag.py:4180} INFO - Setting next_dagrun for dataset_alias_example_alias_consumer_with_no_taskflow to None, run_after=None
[2025-01-07T12:04:12.707+0000] {logging_mixin.py:190} INFO - [2025-01-07T12:04:12.706+0000] {dag.py:4180} INFO - Setting next_dagrun for dataset_alias_example_alias_producer_with_no_taskflow to None, run_after=None
[2025-01-07T12:04:12.710+0000] {logging_mixin.py:190} INFO - [2025-01-07T12:04:12.710+0000] {dag.py:4180} INFO - Setting next_dagrun for dataset_s3_bucket_consumer_with_no_taskflow to None, run_after=None
[2025-01-07T12:04:12.712+0000] {logging_mixin.py:190} INFO - [2025-01-07T12:04:12.712+0000] {dag.py:4180} INFO - Setting next_dagrun for dataset_s3_bucket_producer_with_no_taskflow to None, run_after=None
[2025-01-07T12:04:12.737+0000] {processor.py:208} INFO - Processing /home/airflow/.local/lib/python3.12/site-packages/airflow/example_dags/example_dataset_alias_with_no_taskflow.py took 0.667 seconds
[2025-01-07T12:04:43.287+0000] {processor.py:186} INFO - Started process (PID=2150) to work on /home/airflow/.local/lib/python3.12/site-packages/airflow/example_dags/example_dataset_alias_with_no_taskflow.py
[2025-01-07T12:04:43.288+0000] {processor.py:914} INFO - Processing file /home/airflow/.local/lib/python3.12/site-packages/airflow/example_dags/example_dataset_alias_with_no_taskflow.py for tasks to queue
[2025-01-07T12:04:43.291+0000] {logging_mixin.py:190} INFO - [2025-01-07T12:04:43.291+0000] {dagbag.py:588} INFO - Filling up the DagBag from /home/airflow/.local/lib/python3.12/site-packages/airflow/example_dags/example_dataset_alias_with_no_taskflow.py
[2025-01-07T12:04:43.924+0000] {processor.py:925} INFO - DAG(s) 'dataset_alias_example_alias_consumer_with_no_taskflow', 'dataset_s3_bucket_producer_with_no_taskflow', 'dataset_alias_example_alias_producer_with_no_taskflow', 'dataset_s3_bucket_consumer_with_no_taskflow' retrieved from /home/airflow/.local/lib/python3.12/site-packages/airflow/example_dags/example_dataset_alias_with_no_taskflow.py
[2025-01-07T12:04:43.948+0000] {logging_mixin.py:190} INFO - [2025-01-07T12:04:43.947+0000] {dag.py:3239} INFO - Sync 4 DAGs
[2025-01-07T12:04:43.972+0000] {logging_mixin.py:190} INFO - [2025-01-07T12:04:43.971+0000] {dag.py:4180} INFO - Setting next_dagrun for dataset_alias_example_alias_consumer_with_no_taskflow to None, run_after=None
[2025-01-07T12:04:43.976+0000] {logging_mixin.py:190} INFO - [2025-01-07T12:04:43.975+0000] {dag.py:4180} INFO - Setting next_dagrun for dataset_alias_example_alias_producer_with_no_taskflow to None, run_after=None
[2025-01-07T12:04:43.977+0000] {logging_mixin.py:190} INFO - [2025-01-07T12:04:43.977+0000] {dag.py:4180} INFO - Setting next_dagrun for dataset_s3_bucket_consumer_with_no_taskflow to None, run_after=None
[2025-01-07T12:04:43.979+0000] {logging_mixin.py:190} INFO - [2025-01-07T12:04:43.979+0000] {dag.py:4180} INFO - Setting next_dagrun for dataset_s3_bucket_producer_with_no_taskflow to None, run_after=None
[2025-01-07T12:04:44.000+0000] {processor.py:208} INFO - Processing /home/airflow/.local/lib/python3.12/site-packages/airflow/example_dags/example_dataset_alias_with_no_taskflow.py took 0.719 seconds
[2025-01-07T12:05:14.766+0000] {processor.py:186} INFO - Started process (PID=2213) to work on /home/airflow/.local/lib/python3.12/site-packages/airflow/example_dags/example_dataset_alias_with_no_taskflow.py
[2025-01-07T12:05:14.767+0000] {processor.py:914} INFO - Processing file /home/airflow/.local/lib/python3.12/site-packages/airflow/example_dags/example_dataset_alias_with_no_taskflow.py for tasks to queue
[2025-01-07T12:05:14.769+0000] {logging_mixin.py:190} INFO - [2025-01-07T12:05:14.769+0000] {dagbag.py:588} INFO - Filling up the DagBag from /home/airflow/.local/lib/python3.12/site-packages/airflow/example_dags/example_dataset_alias_with_no_taskflow.py
[2025-01-07T12:05:15.439+0000] {processor.py:925} INFO - DAG(s) 'dataset_s3_bucket_producer_with_no_taskflow', 'dataset_alias_example_alias_consumer_with_no_taskflow', 'dataset_s3_bucket_consumer_with_no_taskflow', 'dataset_alias_example_alias_producer_with_no_taskflow' retrieved from /home/airflow/.local/lib/python3.12/site-packages/airflow/example_dags/example_dataset_alias_with_no_taskflow.py
[2025-01-07T12:05:15.470+0000] {logging_mixin.py:190} INFO - [2025-01-07T12:05:15.468+0000] {dag.py:3239} INFO - Sync 4 DAGs
[2025-01-07T12:05:15.511+0000] {logging_mixin.py:190} INFO - [2025-01-07T12:05:15.511+0000] {dag.py:4180} INFO - Setting next_dagrun for dataset_alias_example_alias_consumer_with_no_taskflow to None, run_after=None
[2025-01-07T12:05:15.519+0000] {logging_mixin.py:190} INFO - [2025-01-07T12:05:15.519+0000] {dag.py:4180} INFO - Setting next_dagrun for dataset_alias_example_alias_producer_with_no_taskflow to None, run_after=None
[2025-01-07T12:05:15.522+0000] {logging_mixin.py:190} INFO - [2025-01-07T12:05:15.521+0000] {dag.py:4180} INFO - Setting next_dagrun for dataset_s3_bucket_consumer_with_no_taskflow to None, run_after=None
[2025-01-07T12:05:15.526+0000] {logging_mixin.py:190} INFO - [2025-01-07T12:05:15.526+0000] {dag.py:4180} INFO - Setting next_dagrun for dataset_s3_bucket_producer_with_no_taskflow to None, run_after=None
[2025-01-07T12:05:15.557+0000] {processor.py:208} INFO - Processing /home/airflow/.local/lib/python3.12/site-packages/airflow/example_dags/example_dataset_alias_with_no_taskflow.py took 0.797 seconds
[2025-01-07T12:05:46.205+0000] {processor.py:186} INFO - Started process (PID=2276) to work on /home/airflow/.local/lib/python3.12/site-packages/airflow/example_dags/example_dataset_alias_with_no_taskflow.py
[2025-01-07T12:05:46.206+0000] {processor.py:914} INFO - Processing file /home/airflow/.local/lib/python3.12/site-packages/airflow/example_dags/example_dataset_alias_with_no_taskflow.py for tasks to queue
[2025-01-07T12:05:46.210+0000] {logging_mixin.py:190} INFO - [2025-01-07T12:05:46.210+0000] {dagbag.py:588} INFO - Filling up the DagBag from /home/airflow/.local/lib/python3.12/site-packages/airflow/example_dags/example_dataset_alias_with_no_taskflow.py
[2025-01-07T12:05:46.889+0000] {processor.py:925} INFO - DAG(s) 'dataset_s3_bucket_consumer_with_no_taskflow', 'dataset_alias_example_alias_producer_with_no_taskflow', 'dataset_s3_bucket_producer_with_no_taskflow', 'dataset_alias_example_alias_consumer_with_no_taskflow' retrieved from /home/airflow/.local/lib/python3.12/site-packages/airflow/example_dags/example_dataset_alias_with_no_taskflow.py
[2025-01-07T12:05:46.920+0000] {logging_mixin.py:190} INFO - [2025-01-07T12:05:46.919+0000] {dag.py:3239} INFO - Sync 4 DAGs
[2025-01-07T12:05:46.951+0000] {logging_mixin.py:190} INFO - [2025-01-07T12:05:46.951+0000] {dag.py:4180} INFO - Setting next_dagrun for dataset_alias_example_alias_consumer_with_no_taskflow to None, run_after=None
[2025-01-07T12:05:46.955+0000] {logging_mixin.py:190} INFO - [2025-01-07T12:05:46.955+0000] {dag.py:4180} INFO - Setting next_dagrun for dataset_alias_example_alias_producer_with_no_taskflow to None, run_after=None
[2025-01-07T12:05:46.957+0000] {logging_mixin.py:190} INFO - [2025-01-07T12:05:46.957+0000] {dag.py:4180} INFO - Setting next_dagrun for dataset_s3_bucket_consumer_with_no_taskflow to None, run_after=None
[2025-01-07T12:05:46.959+0000] {logging_mixin.py:190} INFO - [2025-01-07T12:05:46.959+0000] {dag.py:4180} INFO - Setting next_dagrun for dataset_s3_bucket_producer_with_no_taskflow to None, run_after=None
[2025-01-07T12:05:46.989+0000] {processor.py:208} INFO - Processing /home/airflow/.local/lib/python3.12/site-packages/airflow/example_dags/example_dataset_alias_with_no_taskflow.py took 0.791 seconds
[2025-01-07T12:06:17.612+0000] {processor.py:186} INFO - Started process (PID=2339) to work on /home/airflow/.local/lib/python3.12/site-packages/airflow/example_dags/example_dataset_alias_with_no_taskflow.py
[2025-01-07T12:06:17.613+0000] {processor.py:914} INFO - Processing file /home/airflow/.local/lib/python3.12/site-packages/airflow/example_dags/example_dataset_alias_with_no_taskflow.py for tasks to queue
[2025-01-07T12:06:17.616+0000] {logging_mixin.py:190} INFO - [2025-01-07T12:06:17.615+0000] {dagbag.py:588} INFO - Filling up the DagBag from /home/airflow/.local/lib/python3.12/site-packages/airflow/example_dags/example_dataset_alias_with_no_taskflow.py
[2025-01-07T12:06:18.327+0000] {processor.py:925} INFO - DAG(s) 'dataset_s3_bucket_producer_with_no_taskflow', 'dataset_alias_example_alias_consumer_with_no_taskflow', 'dataset_alias_example_alias_producer_with_no_taskflow', 'dataset_s3_bucket_consumer_with_no_taskflow' retrieved from /home/airflow/.local/lib/python3.12/site-packages/airflow/example_dags/example_dataset_alias_with_no_taskflow.py
[2025-01-07T12:06:18.356+0000] {logging_mixin.py:190} INFO - [2025-01-07T12:06:18.355+0000] {dag.py:3239} INFO - Sync 4 DAGs
[2025-01-07T12:06:18.387+0000] {logging_mixin.py:190} INFO - [2025-01-07T12:06:18.386+0000] {dag.py:4180} INFO - Setting next_dagrun for dataset_alias_example_alias_consumer_with_no_taskflow to None, run_after=None
[2025-01-07T12:06:18.391+0000] {logging_mixin.py:190} INFO - [2025-01-07T12:06:18.390+0000] {dag.py:4180} INFO - Setting next_dagrun for dataset_alias_example_alias_producer_with_no_taskflow to None, run_after=None
[2025-01-07T12:06:18.393+0000] {logging_mixin.py:190} INFO - [2025-01-07T12:06:18.393+0000] {dag.py:4180} INFO - Setting next_dagrun for dataset_s3_bucket_consumer_with_no_taskflow to None, run_after=None
[2025-01-07T12:06:18.395+0000] {logging_mixin.py:190} INFO - [2025-01-07T12:06:18.395+0000] {dag.py:4180} INFO - Setting next_dagrun for dataset_s3_bucket_producer_with_no_taskflow to None, run_after=None
[2025-01-07T12:06:18.431+0000] {processor.py:208} INFO - Processing /home/airflow/.local/lib/python3.12/site-packages/airflow/example_dags/example_dataset_alias_with_no_taskflow.py took 0.827 seconds
[2025-01-07T12:06:48.599+0000] {processor.py:186} INFO - Started process (PID=2402) to work on /home/airflow/.local/lib/python3.12/site-packages/airflow/example_dags/example_dataset_alias_with_no_taskflow.py
[2025-01-07T12:06:48.600+0000] {processor.py:914} INFO - Processing file /home/airflow/.local/lib/python3.12/site-packages/airflow/example_dags/example_dataset_alias_with_no_taskflow.py for tasks to queue
[2025-01-07T12:06:48.604+0000] {logging_mixin.py:190} INFO - [2025-01-07T12:06:48.603+0000] {dagbag.py:588} INFO - Filling up the DagBag from /home/airflow/.local/lib/python3.12/site-packages/airflow/example_dags/example_dataset_alias_with_no_taskflow.py
[2025-01-07T12:06:49.189+0000] {processor.py:925} INFO - DAG(s) 'dataset_s3_bucket_producer_with_no_taskflow', 'dataset_alias_example_alias_consumer_with_no_taskflow', 'dataset_s3_bucket_consumer_with_no_taskflow', 'dataset_alias_example_alias_producer_with_no_taskflow' retrieved from /home/airflow/.local/lib/python3.12/site-packages/airflow/example_dags/example_dataset_alias_with_no_taskflow.py
[2025-01-07T12:06:49.216+0000] {logging_mixin.py:190} INFO - [2025-01-07T12:06:49.215+0000] {dag.py:3239} INFO - Sync 4 DAGs
[2025-01-07T12:06:49.245+0000] {logging_mixin.py:190} INFO - [2025-01-07T12:06:49.244+0000] {dag.py:4180} INFO - Setting next_dagrun for dataset_alias_example_alias_consumer_with_no_taskflow to None, run_after=None
[2025-01-07T12:06:49.249+0000] {logging_mixin.py:190} INFO - [2025-01-07T12:06:49.249+0000] {dag.py:4180} INFO - Setting next_dagrun for dataset_alias_example_alias_producer_with_no_taskflow to None, run_after=None
[2025-01-07T12:06:49.252+0000] {logging_mixin.py:190} INFO - [2025-01-07T12:06:49.251+0000] {dag.py:4180} INFO - Setting next_dagrun for dataset_s3_bucket_consumer_with_no_taskflow to None, run_after=None
[2025-01-07T12:06:49.254+0000] {logging_mixin.py:190} INFO - [2025-01-07T12:06:49.254+0000] {dag.py:4180} INFO - Setting next_dagrun for dataset_s3_bucket_producer_with_no_taskflow to None, run_after=None
[2025-01-07T12:06:49.285+0000] {processor.py:208} INFO - Processing /home/airflow/.local/lib/python3.12/site-packages/airflow/example_dags/example_dataset_alias_with_no_taskflow.py took 0.693 seconds
[2025-01-07T12:07:19.724+0000] {processor.py:186} INFO - Started process (PID=2471) to work on /home/airflow/.local/lib/python3.12/site-packages/airflow/example_dags/example_dataset_alias_with_no_taskflow.py
[2025-01-07T12:07:19.725+0000] {processor.py:914} INFO - Processing file /home/airflow/.local/lib/python3.12/site-packages/airflow/example_dags/example_dataset_alias_with_no_taskflow.py for tasks to queue
[2025-01-07T12:07:19.728+0000] {logging_mixin.py:190} INFO - [2025-01-07T12:07:19.727+0000] {dagbag.py:588} INFO - Filling up the DagBag from /home/airflow/.local/lib/python3.12/site-packages/airflow/example_dags/example_dataset_alias_with_no_taskflow.py
[2025-01-07T12:07:20.308+0000] {processor.py:925} INFO - DAG(s) 'dataset_s3_bucket_consumer_with_no_taskflow', 'dataset_alias_example_alias_consumer_with_no_taskflow', 'dataset_s3_bucket_producer_with_no_taskflow', 'dataset_alias_example_alias_producer_with_no_taskflow' retrieved from /home/airflow/.local/lib/python3.12/site-packages/airflow/example_dags/example_dataset_alias_with_no_taskflow.py
[2025-01-07T12:07:20.331+0000] {logging_mixin.py:190} INFO - [2025-01-07T12:07:20.330+0000] {dag.py:3239} INFO - Sync 4 DAGs
[2025-01-07T12:07:20.358+0000] {logging_mixin.py:190} INFO - [2025-01-07T12:07:20.358+0000] {dag.py:4180} INFO - Setting next_dagrun for dataset_alias_example_alias_consumer_with_no_taskflow to None, run_after=None
[2025-01-07T12:07:20.361+0000] {logging_mixin.py:190} INFO - [2025-01-07T12:07:20.361+0000] {dag.py:4180} INFO - Setting next_dagrun for dataset_alias_example_alias_producer_with_no_taskflow to None, run_after=None
[2025-01-07T12:07:20.363+0000] {logging_mixin.py:190} INFO - [2025-01-07T12:07:20.363+0000] {dag.py:4180} INFO - Setting next_dagrun for dataset_s3_bucket_consumer_with_no_taskflow to None, run_after=None
[2025-01-07T12:07:20.366+0000] {logging_mixin.py:190} INFO - [2025-01-07T12:07:20.365+0000] {dag.py:4180} INFO - Setting next_dagrun for dataset_s3_bucket_producer_with_no_taskflow to None, run_after=None
[2025-01-07T12:07:20.390+0000] {processor.py:208} INFO - Processing /home/airflow/.local/lib/python3.12/site-packages/airflow/example_dags/example_dataset_alias_with_no_taskflow.py took 0.672 seconds
[2025-01-07T12:07:50.985+0000] {processor.py:186} INFO - Started process (PID=2537) to work on /home/airflow/.local/lib/python3.12/site-packages/airflow/example_dags/example_dataset_alias_with_no_taskflow.py
[2025-01-07T12:07:50.987+0000] {processor.py:914} INFO - Processing file /home/airflow/.local/lib/python3.12/site-packages/airflow/example_dags/example_dataset_alias_with_no_taskflow.py for tasks to queue
[2025-01-07T12:07:50.990+0000] {logging_mixin.py:190} INFO - [2025-01-07T12:07:50.989+0000] {dagbag.py:588} INFO - Filling up the DagBag from /home/airflow/.local/lib/python3.12/site-packages/airflow/example_dags/example_dataset_alias_with_no_taskflow.py
[2025-01-07T12:07:51.601+0000] {processor.py:925} INFO - DAG(s) 'dataset_s3_bucket_consumer_with_no_taskflow', 'dataset_alias_example_alias_producer_with_no_taskflow', 'dataset_s3_bucket_producer_with_no_taskflow', 'dataset_alias_example_alias_consumer_with_no_taskflow' retrieved from /home/airflow/.local/lib/python3.12/site-packages/airflow/example_dags/example_dataset_alias_with_no_taskflow.py
[2025-01-07T12:07:51.624+0000] {logging_mixin.py:190} INFO - [2025-01-07T12:07:51.623+0000] {dag.py:3239} INFO - Sync 4 DAGs
[2025-01-07T12:07:51.648+0000] {logging_mixin.py:190} INFO - [2025-01-07T12:07:51.648+0000] {dag.py:4180} INFO - Setting next_dagrun for dataset_alias_example_alias_consumer_with_no_taskflow to None, run_after=None
[2025-01-07T12:07:51.651+0000] {logging_mixin.py:190} INFO - [2025-01-07T12:07:51.651+0000] {dag.py:4180} INFO - Setting next_dagrun for dataset_alias_example_alias_producer_with_no_taskflow to None, run_after=None
[2025-01-07T12:07:51.653+0000] {logging_mixin.py:190} INFO - [2025-01-07T12:07:51.653+0000] {dag.py:4180} INFO - Setting next_dagrun for dataset_s3_bucket_consumer_with_no_taskflow to None, run_after=None
[2025-01-07T12:07:51.655+0000] {logging_mixin.py:190} INFO - [2025-01-07T12:07:51.654+0000] {dag.py:4180} INFO - Setting next_dagrun for dataset_s3_bucket_producer_with_no_taskflow to None, run_after=None
[2025-01-07T12:07:51.680+0000] {processor.py:208} INFO - Processing /home/airflow/.local/lib/python3.12/site-packages/airflow/example_dags/example_dataset_alias_with_no_taskflow.py took 0.701 seconds
[2025-01-07T12:08:22.065+0000] {processor.py:186} INFO - Started process (PID=2601) to work on /home/airflow/.local/lib/python3.12/site-packages/airflow/example_dags/example_dataset_alias_with_no_taskflow.py
[2025-01-07T12:08:22.067+0000] {processor.py:914} INFO - Processing file /home/airflow/.local/lib/python3.12/site-packages/airflow/example_dags/example_dataset_alias_with_no_taskflow.py for tasks to queue
[2025-01-07T12:08:22.069+0000] {logging_mixin.py:190} INFO - [2025-01-07T12:08:22.069+0000] {dagbag.py:588} INFO - Filling up the DagBag from /home/airflow/.local/lib/python3.12/site-packages/airflow/example_dags/example_dataset_alias_with_no_taskflow.py
[2025-01-07T12:08:22.758+0000] {processor.py:925} INFO - DAG(s) 'dataset_s3_bucket_consumer_with_no_taskflow', 'dataset_alias_example_alias_consumer_with_no_taskflow', 'dataset_alias_example_alias_producer_with_no_taskflow', 'dataset_s3_bucket_producer_with_no_taskflow' retrieved from /home/airflow/.local/lib/python3.12/site-packages/airflow/example_dags/example_dataset_alias_with_no_taskflow.py
[2025-01-07T12:08:22.791+0000] {logging_mixin.py:190} INFO - [2025-01-07T12:08:22.790+0000] {dag.py:3239} INFO - Sync 4 DAGs
[2025-01-07T12:08:22.819+0000] {logging_mixin.py:190} INFO - [2025-01-07T12:08:22.819+0000] {dag.py:4180} INFO - Setting next_dagrun for dataset_alias_example_alias_consumer_with_no_taskflow to None, run_after=None
[2025-01-07T12:08:22.823+0000] {logging_mixin.py:190} INFO - [2025-01-07T12:08:22.822+0000] {dag.py:4180} INFO - Setting next_dagrun for dataset_alias_example_alias_producer_with_no_taskflow to None, run_after=None
[2025-01-07T12:08:22.824+0000] {logging_mixin.py:190} INFO - [2025-01-07T12:08:22.824+0000] {dag.py:4180} INFO - Setting next_dagrun for dataset_s3_bucket_consumer_with_no_taskflow to None, run_after=None
[2025-01-07T12:08:22.826+0000] {logging_mixin.py:190} INFO - [2025-01-07T12:08:22.826+0000] {dag.py:4180} INFO - Setting next_dagrun for dataset_s3_bucket_producer_with_no_taskflow to None, run_after=None
[2025-01-07T12:08:22.850+0000] {processor.py:208} INFO - Processing /home/airflow/.local/lib/python3.12/site-packages/airflow/example_dags/example_dataset_alias_with_no_taskflow.py took 0.793 seconds
[2025-01-07T12:08:53.581+0000] {processor.py:186} INFO - Started process (PID=2664) to work on /home/airflow/.local/lib/python3.12/site-packages/airflow/example_dags/example_dataset_alias_with_no_taskflow.py
[2025-01-07T12:08:53.582+0000] {processor.py:914} INFO - Processing file /home/airflow/.local/lib/python3.12/site-packages/airflow/example_dags/example_dataset_alias_with_no_taskflow.py for tasks to queue
[2025-01-07T12:08:53.587+0000] {logging_mixin.py:190} INFO - [2025-01-07T12:08:53.586+0000] {dagbag.py:588} INFO - Filling up the DagBag from /home/airflow/.local/lib/python3.12/site-packages/airflow/example_dags/example_dataset_alias_with_no_taskflow.py
[2025-01-07T12:08:54.274+0000] {processor.py:925} INFO - DAG(s) 'dataset_alias_example_alias_consumer_with_no_taskflow', 'dataset_s3_bucket_consumer_with_no_taskflow', 'dataset_s3_bucket_producer_with_no_taskflow', 'dataset_alias_example_alias_producer_with_no_taskflow' retrieved from /home/airflow/.local/lib/python3.12/site-packages/airflow/example_dags/example_dataset_alias_with_no_taskflow.py
[2025-01-07T12:08:54.300+0000] {logging_mixin.py:190} INFO - [2025-01-07T12:08:54.299+0000] {dag.py:3239} INFO - Sync 4 DAGs
[2025-01-07T12:08:54.327+0000] {logging_mixin.py:190} INFO - [2025-01-07T12:08:54.326+0000] {dag.py:4180} INFO - Setting next_dagrun for dataset_alias_example_alias_consumer_with_no_taskflow to None, run_after=None
[2025-01-07T12:08:54.330+0000] {logging_mixin.py:190} INFO - [2025-01-07T12:08:54.330+0000] {dag.py:4180} INFO - Setting next_dagrun for dataset_alias_example_alias_producer_with_no_taskflow to None, run_after=None
[2025-01-07T12:08:54.332+0000] {logging_mixin.py:190} INFO - [2025-01-07T12:08:54.332+0000] {dag.py:4180} INFO - Setting next_dagrun for dataset_s3_bucket_consumer_with_no_taskflow to None, run_after=None
[2025-01-07T12:08:54.334+0000] {logging_mixin.py:190} INFO - [2025-01-07T12:08:54.333+0000] {dag.py:4180} INFO - Setting next_dagrun for dataset_s3_bucket_producer_with_no_taskflow to None, run_after=None
[2025-01-07T12:08:54.359+0000] {processor.py:208} INFO - Processing /home/airflow/.local/lib/python3.12/site-packages/airflow/example_dags/example_dataset_alias_with_no_taskflow.py took 0.788 seconds
[2025-01-07T12:09:25.028+0000] {processor.py:186} INFO - Started process (PID=2727) to work on /home/airflow/.local/lib/python3.12/site-packages/airflow/example_dags/example_dataset_alias_with_no_taskflow.py
[2025-01-07T12:09:25.030+0000] {processor.py:914} INFO - Processing file /home/airflow/.local/lib/python3.12/site-packages/airflow/example_dags/example_dataset_alias_with_no_taskflow.py for tasks to queue
[2025-01-07T12:09:25.032+0000] {logging_mixin.py:190} INFO - [2025-01-07T12:09:25.032+0000] {dagbag.py:588} INFO - Filling up the DagBag from /home/airflow/.local/lib/python3.12/site-packages/airflow/example_dags/example_dataset_alias_with_no_taskflow.py
[2025-01-07T12:09:25.750+0000] {processor.py:925} INFO - DAG(s) 'dataset_alias_example_alias_producer_with_no_taskflow', 'dataset_alias_example_alias_consumer_with_no_taskflow', 'dataset_s3_bucket_consumer_with_no_taskflow', 'dataset_s3_bucket_producer_with_no_taskflow' retrieved from /home/airflow/.local/lib/python3.12/site-packages/airflow/example_dags/example_dataset_alias_with_no_taskflow.py
[2025-01-07T12:09:25.783+0000] {logging_mixin.py:190} INFO - [2025-01-07T12:09:25.782+0000] {dag.py:3239} INFO - Sync 4 DAGs
[2025-01-07T12:09:25.815+0000] {logging_mixin.py:190} INFO - [2025-01-07T12:09:25.815+0000] {dag.py:4180} INFO - Setting next_dagrun for dataset_alias_example_alias_consumer_with_no_taskflow to None, run_after=None
[2025-01-07T12:09:25.820+0000] {logging_mixin.py:190} INFO - [2025-01-07T12:09:25.819+0000] {dag.py:4180} INFO - Setting next_dagrun for dataset_alias_example_alias_producer_with_no_taskflow to None, run_after=None
[2025-01-07T12:09:25.823+0000] {logging_mixin.py:190} INFO - [2025-01-07T12:09:25.822+0000] {dag.py:4180} INFO - Setting next_dagrun for dataset_s3_bucket_consumer_with_no_taskflow to None, run_after=None
[2025-01-07T12:09:25.825+0000] {logging_mixin.py:190} INFO - [2025-01-07T12:09:25.825+0000] {dag.py:4180} INFO - Setting next_dagrun for dataset_s3_bucket_producer_with_no_taskflow to None, run_after=None
[2025-01-07T12:09:25.858+0000] {processor.py:208} INFO - Processing /home/airflow/.local/lib/python3.12/site-packages/airflow/example_dags/example_dataset_alias_with_no_taskflow.py took 0.835 seconds
[2025-01-07T12:09:56.483+0000] {processor.py:186} INFO - Started process (PID=2790) to work on /home/airflow/.local/lib/python3.12/site-packages/airflow/example_dags/example_dataset_alias_with_no_taskflow.py
[2025-01-07T12:09:56.484+0000] {processor.py:914} INFO - Processing file /home/airflow/.local/lib/python3.12/site-packages/airflow/example_dags/example_dataset_alias_with_no_taskflow.py for tasks to queue
[2025-01-07T12:09:56.487+0000] {logging_mixin.py:190} INFO - [2025-01-07T12:09:56.486+0000] {dagbag.py:588} INFO - Filling up the DagBag from /home/airflow/.local/lib/python3.12/site-packages/airflow/example_dags/example_dataset_alias_with_no_taskflow.py
[2025-01-07T12:09:57.275+0000] {processor.py:925} INFO - DAG(s) 'dataset_alias_example_alias_producer_with_no_taskflow', 'dataset_s3_bucket_consumer_with_no_taskflow', 'dataset_alias_example_alias_consumer_with_no_taskflow', 'dataset_s3_bucket_producer_with_no_taskflow' retrieved from /home/airflow/.local/lib/python3.12/site-packages/airflow/example_dags/example_dataset_alias_with_no_taskflow.py
[2025-01-07T12:09:57.312+0000] {logging_mixin.py:190} INFO - [2025-01-07T12:09:57.311+0000] {dag.py:3239} INFO - Sync 4 DAGs
[2025-01-07T12:09:57.350+0000] {logging_mixin.py:190} INFO - [2025-01-07T12:09:57.350+0000] {dag.py:4180} INFO - Setting next_dagrun for dataset_alias_example_alias_consumer_with_no_taskflow to None, run_after=None
[2025-01-07T12:09:57.355+0000] {logging_mixin.py:190} INFO - [2025-01-07T12:09:57.354+0000] {dag.py:4180} INFO - Setting next_dagrun for dataset_alias_example_alias_producer_with_no_taskflow to None, run_after=None
[2025-01-07T12:09:57.358+0000] {logging_mixin.py:190} INFO - [2025-01-07T12:09:57.357+0000] {dag.py:4180} INFO - Setting next_dagrun for dataset_s3_bucket_consumer_with_no_taskflow to None, run_after=None
[2025-01-07T12:09:57.361+0000] {logging_mixin.py:190} INFO - [2025-01-07T12:09:57.360+0000] {dag.py:4180} INFO - Setting next_dagrun for dataset_s3_bucket_producer_with_no_taskflow to None, run_after=None
[2025-01-07T12:09:57.398+0000] {processor.py:208} INFO - Processing /home/airflow/.local/lib/python3.12/site-packages/airflow/example_dags/example_dataset_alias_with_no_taskflow.py took 0.922 seconds
[2025-01-07T12:10:27.974+0000] {processor.py:186} INFO - Started process (PID=2854) to work on /home/airflow/.local/lib/python3.12/site-packages/airflow/example_dags/example_dataset_alias_with_no_taskflow.py
[2025-01-07T12:10:27.975+0000] {processor.py:914} INFO - Processing file /home/airflow/.local/lib/python3.12/site-packages/airflow/example_dags/example_dataset_alias_with_no_taskflow.py for tasks to queue
[2025-01-07T12:10:27.980+0000] {logging_mixin.py:190} INFO - [2025-01-07T12:10:27.979+0000] {dagbag.py:588} INFO - Filling up the DagBag from /home/airflow/.local/lib/python3.12/site-packages/airflow/example_dags/example_dataset_alias_with_no_taskflow.py
[2025-01-07T12:10:29.323+0000] {processor.py:925} INFO - DAG(s) 'dataset_s3_bucket_consumer_with_no_taskflow', 'dataset_s3_bucket_producer_with_no_taskflow', 'dataset_alias_example_alias_consumer_with_no_taskflow', 'dataset_alias_example_alias_producer_with_no_taskflow' retrieved from /home/airflow/.local/lib/python3.12/site-packages/airflow/example_dags/example_dataset_alias_with_no_taskflow.py
[2025-01-07T12:10:29.370+0000] {logging_mixin.py:190} INFO - [2025-01-07T12:10:29.369+0000] {dag.py:3239} INFO - Sync 4 DAGs
[2025-01-07T12:10:29.421+0000] {logging_mixin.py:190} INFO - [2025-01-07T12:10:29.421+0000] {dag.py:4180} INFO - Setting next_dagrun for dataset_alias_example_alias_consumer_with_no_taskflow to None, run_after=None
[2025-01-07T12:10:29.427+0000] {logging_mixin.py:190} INFO - [2025-01-07T12:10:29.427+0000] {dag.py:4180} INFO - Setting next_dagrun for dataset_alias_example_alias_producer_with_no_taskflow to None, run_after=None
[2025-01-07T12:10:29.432+0000] {logging_mixin.py:190} INFO - [2025-01-07T12:10:29.431+0000] {dag.py:4180} INFO - Setting next_dagrun for dataset_s3_bucket_consumer_with_no_taskflow to None, run_after=None
[2025-01-07T12:10:29.442+0000] {logging_mixin.py:190} INFO - [2025-01-07T12:10:29.440+0000] {dag.py:4180} INFO - Setting next_dagrun for dataset_s3_bucket_producer_with_no_taskflow to None, run_after=None
[2025-01-07T12:10:29.491+0000] {processor.py:208} INFO - Processing /home/airflow/.local/lib/python3.12/site-packages/airflow/example_dags/example_dataset_alias_with_no_taskflow.py took 1.527 seconds
[2025-01-07T12:11:01.412+0000] {processor.py:186} INFO - Started process (PID=2920) to work on /home/airflow/.local/lib/python3.12/site-packages/airflow/example_dags/example_dataset_alias_with_no_taskflow.py
[2025-01-07T12:11:01.414+0000] {processor.py:914} INFO - Processing file /home/airflow/.local/lib/python3.12/site-packages/airflow/example_dags/example_dataset_alias_with_no_taskflow.py for tasks to queue
[2025-01-07T12:11:01.419+0000] {logging_mixin.py:190} INFO - [2025-01-07T12:11:01.418+0000] {dagbag.py:588} INFO - Filling up the DagBag from /home/airflow/.local/lib/python3.12/site-packages/airflow/example_dags/example_dataset_alias_with_no_taskflow.py
[2025-01-07T12:11:02.378+0000] {processor.py:925} INFO - DAG(s) 'dataset_alias_example_alias_consumer_with_no_taskflow', 'dataset_s3_bucket_producer_with_no_taskflow', 'dataset_alias_example_alias_producer_with_no_taskflow', 'dataset_s3_bucket_consumer_with_no_taskflow' retrieved from /home/airflow/.local/lib/python3.12/site-packages/airflow/example_dags/example_dataset_alias_with_no_taskflow.py
[2025-01-07T12:11:02.421+0000] {logging_mixin.py:190} INFO - [2025-01-07T12:11:02.420+0000] {dag.py:3239} INFO - Sync 4 DAGs
[2025-01-07T12:11:02.459+0000] {logging_mixin.py:190} INFO - [2025-01-07T12:11:02.459+0000] {dag.py:4180} INFO - Setting next_dagrun for dataset_alias_example_alias_consumer_with_no_taskflow to None, run_after=None
[2025-01-07T12:11:02.465+0000] {logging_mixin.py:190} INFO - [2025-01-07T12:11:02.464+0000] {dag.py:4180} INFO - Setting next_dagrun for dataset_alias_example_alias_producer_with_no_taskflow to None, run_after=None
[2025-01-07T12:11:02.469+0000] {logging_mixin.py:190} INFO - [2025-01-07T12:11:02.469+0000] {dag.py:4180} INFO - Setting next_dagrun for dataset_s3_bucket_consumer_with_no_taskflow to None, run_after=None
[2025-01-07T12:11:02.472+0000] {logging_mixin.py:190} INFO - [2025-01-07T12:11:02.471+0000] {dag.py:4180} INFO - Setting next_dagrun for dataset_s3_bucket_producer_with_no_taskflow to None, run_after=None
[2025-01-07T12:11:02.505+0000] {processor.py:208} INFO - Processing /home/airflow/.local/lib/python3.12/site-packages/airflow/example_dags/example_dataset_alias_with_no_taskflow.py took 1.103 seconds
[2025-01-07T12:11:32.803+0000] {processor.py:186} INFO - Started process (PID=2985) to work on /home/airflow/.local/lib/python3.12/site-packages/airflow/example_dags/example_dataset_alias_with_no_taskflow.py
[2025-01-07T12:11:32.805+0000] {processor.py:914} INFO - Processing file /home/airflow/.local/lib/python3.12/site-packages/airflow/example_dags/example_dataset_alias_with_no_taskflow.py for tasks to queue
[2025-01-07T12:11:32.809+0000] {logging_mixin.py:190} INFO - [2025-01-07T12:11:32.808+0000] {dagbag.py:588} INFO - Filling up the DagBag from /home/airflow/.local/lib/python3.12/site-packages/airflow/example_dags/example_dataset_alias_with_no_taskflow.py
[2025-01-07T12:11:33.629+0000] {processor.py:925} INFO - DAG(s) 'dataset_s3_bucket_producer_with_no_taskflow', 'dataset_alias_example_alias_producer_with_no_taskflow', 'dataset_s3_bucket_consumer_with_no_taskflow', 'dataset_alias_example_alias_consumer_with_no_taskflow' retrieved from /home/airflow/.local/lib/python3.12/site-packages/airflow/example_dags/example_dataset_alias_with_no_taskflow.py
[2025-01-07T12:11:33.668+0000] {logging_mixin.py:190} INFO - [2025-01-07T12:11:33.667+0000] {dag.py:3239} INFO - Sync 4 DAGs
[2025-01-07T12:11:33.705+0000] {logging_mixin.py:190} INFO - [2025-01-07T12:11:33.705+0000] {dag.py:4180} INFO - Setting next_dagrun for dataset_alias_example_alias_consumer_with_no_taskflow to None, run_after=None
[2025-01-07T12:11:33.720+0000] {logging_mixin.py:190} INFO - [2025-01-07T12:11:33.719+0000] {dag.py:4180} INFO - Setting next_dagrun for dataset_alias_example_alias_producer_with_no_taskflow to None, run_after=None
[2025-01-07T12:11:33.724+0000] {logging_mixin.py:190} INFO - [2025-01-07T12:11:33.723+0000] {dag.py:4180} INFO - Setting next_dagrun for dataset_s3_bucket_consumer_with_no_taskflow to None, run_after=None
[2025-01-07T12:11:33.727+0000] {logging_mixin.py:190} INFO - [2025-01-07T12:11:33.727+0000] {dag.py:4180} INFO - Setting next_dagrun for dataset_s3_bucket_producer_with_no_taskflow to None, run_after=None
[2025-01-07T12:11:33.808+0000] {processor.py:208} INFO - Processing /home/airflow/.local/lib/python3.12/site-packages/airflow/example_dags/example_dataset_alias_with_no_taskflow.py took 1.017 seconds
[2025-01-07T12:12:04.067+0000] {processor.py:186} INFO - Started process (PID=3048) to work on /home/airflow/.local/lib/python3.12/site-packages/airflow/example_dags/example_dataset_alias_with_no_taskflow.py
[2025-01-07T12:12:04.069+0000] {processor.py:914} INFO - Processing file /home/airflow/.local/lib/python3.12/site-packages/airflow/example_dags/example_dataset_alias_with_no_taskflow.py for tasks to queue
[2025-01-07T12:12:04.072+0000] {logging_mixin.py:190} INFO - [2025-01-07T12:12:04.072+0000] {dagbag.py:588} INFO - Filling up the DagBag from /home/airflow/.local/lib/python3.12/site-packages/airflow/example_dags/example_dataset_alias_with_no_taskflow.py
[2025-01-07T12:12:04.703+0000] {processor.py:925} INFO - DAG(s) 'dataset_s3_bucket_consumer_with_no_taskflow', 'dataset_s3_bucket_producer_with_no_taskflow', 'dataset_alias_example_alias_consumer_with_no_taskflow', 'dataset_alias_example_alias_producer_with_no_taskflow' retrieved from /home/airflow/.local/lib/python3.12/site-packages/airflow/example_dags/example_dataset_alias_with_no_taskflow.py
[2025-01-07T12:12:04.729+0000] {logging_mixin.py:190} INFO - [2025-01-07T12:12:04.729+0000] {dag.py:3239} INFO - Sync 4 DAGs
[2025-01-07T12:12:04.754+0000] {logging_mixin.py:190} INFO - [2025-01-07T12:12:04.754+0000] {dag.py:4180} INFO - Setting next_dagrun for dataset_alias_example_alias_consumer_with_no_taskflow to None, run_after=None
[2025-01-07T12:12:04.758+0000] {logging_mixin.py:190} INFO - [2025-01-07T12:12:04.757+0000] {dag.py:4180} INFO - Setting next_dagrun for dataset_alias_example_alias_producer_with_no_taskflow to None, run_after=None
[2025-01-07T12:12:04.760+0000] {logging_mixin.py:190} INFO - [2025-01-07T12:12:04.760+0000] {dag.py:4180} INFO - Setting next_dagrun for dataset_s3_bucket_consumer_with_no_taskflow to None, run_after=None
[2025-01-07T12:12:04.762+0000] {logging_mixin.py:190} INFO - [2025-01-07T12:12:04.762+0000] {dag.py:4180} INFO - Setting next_dagrun for dataset_s3_bucket_producer_with_no_taskflow to None, run_after=None
[2025-01-07T12:12:04.785+0000] {processor.py:208} INFO - Processing /home/airflow/.local/lib/python3.12/site-packages/airflow/example_dags/example_dataset_alias_with_no_taskflow.py took 0.725 seconds
[2025-01-07T12:12:34.931+0000] {processor.py:186} INFO - Started process (PID=3111) to work on /home/airflow/.local/lib/python3.12/site-packages/airflow/example_dags/example_dataset_alias_with_no_taskflow.py
[2025-01-07T12:12:34.933+0000] {processor.py:914} INFO - Processing file /home/airflow/.local/lib/python3.12/site-packages/airflow/example_dags/example_dataset_alias_with_no_taskflow.py for tasks to queue
[2025-01-07T12:12:34.938+0000] {logging_mixin.py:190} INFO - [2025-01-07T12:12:34.937+0000] {dagbag.py:588} INFO - Filling up the DagBag from /home/airflow/.local/lib/python3.12/site-packages/airflow/example_dags/example_dataset_alias_with_no_taskflow.py
[2025-01-07T12:12:36.292+0000] {processor.py:925} INFO - DAG(s) 'dataset_alias_example_alias_consumer_with_no_taskflow', 'dataset_alias_example_alias_producer_with_no_taskflow', 'dataset_s3_bucket_producer_with_no_taskflow', 'dataset_s3_bucket_consumer_with_no_taskflow' retrieved from /home/airflow/.local/lib/python3.12/site-packages/airflow/example_dags/example_dataset_alias_with_no_taskflow.py
[2025-01-07T12:12:36.348+0000] {logging_mixin.py:190} INFO - [2025-01-07T12:12:36.347+0000] {dag.py:3239} INFO - Sync 4 DAGs
[2025-01-07T12:12:36.390+0000] {logging_mixin.py:190} INFO - [2025-01-07T12:12:36.389+0000] {dag.py:4180} INFO - Setting next_dagrun for dataset_alias_example_alias_consumer_with_no_taskflow to None, run_after=None
[2025-01-07T12:12:36.395+0000] {logging_mixin.py:190} INFO - [2025-01-07T12:12:36.395+0000] {dag.py:4180} INFO - Setting next_dagrun for dataset_alias_example_alias_producer_with_no_taskflow to None, run_after=None
[2025-01-07T12:12:36.401+0000] {logging_mixin.py:190} INFO - [2025-01-07T12:12:36.401+0000] {dag.py:4180} INFO - Setting next_dagrun for dataset_s3_bucket_consumer_with_no_taskflow to None, run_after=None
[2025-01-07T12:12:36.405+0000] {logging_mixin.py:190} INFO - [2025-01-07T12:12:36.404+0000] {dag.py:4180} INFO - Setting next_dagrun for dataset_s3_bucket_producer_with_no_taskflow to None, run_after=None
[2025-01-07T12:12:36.450+0000] {processor.py:208} INFO - Processing /home/airflow/.local/lib/python3.12/site-packages/airflow/example_dags/example_dataset_alias_with_no_taskflow.py took 1.532 seconds
[2025-01-07T12:43:17.771+0000] {processor.py:186} INFO - Started process (PID=3212) to work on /home/airflow/.local/lib/python3.12/site-packages/airflow/example_dags/example_dataset_alias_with_no_taskflow.py
[2025-01-07T12:43:17.776+0000] {processor.py:914} INFO - Processing file /home/airflow/.local/lib/python3.12/site-packages/airflow/example_dags/example_dataset_alias_with_no_taskflow.py for tasks to queue
[2025-01-07T12:43:17.781+0000] {logging_mixin.py:190} INFO - [2025-01-07T12:43:17.780+0000] {dagbag.py:588} INFO - Filling up the DagBag from /home/airflow/.local/lib/python3.12/site-packages/airflow/example_dags/example_dataset_alias_with_no_taskflow.py
[2025-01-07T12:43:18.887+0000] {processor.py:925} INFO - DAG(s) 'dataset_alias_example_alias_consumer_with_no_taskflow', 'dataset_s3_bucket_consumer_with_no_taskflow', 'dataset_s3_bucket_producer_with_no_taskflow', 'dataset_alias_example_alias_producer_with_no_taskflow' retrieved from /home/airflow/.local/lib/python3.12/site-packages/airflow/example_dags/example_dataset_alias_with_no_taskflow.py
[2025-01-07T12:43:18.951+0000] {logging_mixin.py:190} INFO - [2025-01-07T12:43:18.950+0000] {dag.py:3239} INFO - Sync 4 DAGs
[2025-01-07T12:43:19.023+0000] {logging_mixin.py:190} INFO - [2025-01-07T12:43:19.023+0000] {dag.py:4180} INFO - Setting next_dagrun for dataset_alias_example_alias_consumer_with_no_taskflow to None, run_after=None
[2025-01-07T12:43:19.029+0000] {logging_mixin.py:190} INFO - [2025-01-07T12:43:19.029+0000] {dag.py:4180} INFO - Setting next_dagrun for dataset_alias_example_alias_producer_with_no_taskflow to None, run_after=None
[2025-01-07T12:43:19.034+0000] {logging_mixin.py:190} INFO - [2025-01-07T12:43:19.033+0000] {dag.py:4180} INFO - Setting next_dagrun for dataset_s3_bucket_consumer_with_no_taskflow to None, run_after=None
[2025-01-07T12:43:19.038+0000] {logging_mixin.py:190} INFO - [2025-01-07T12:43:19.038+0000] {dag.py:4180} INFO - Setting next_dagrun for dataset_s3_bucket_producer_with_no_taskflow to None, run_after=None
[2025-01-07T12:43:19.139+0000] {processor.py:208} INFO - Processing /home/airflow/.local/lib/python3.12/site-packages/airflow/example_dags/example_dataset_alias_with_no_taskflow.py took 1.388 seconds
