[2025-01-07T11:47:34.756+0000] {processor.py:186} INFO - Started process (PID=88) to work on /home/airflow/.local/lib/python3.12/site-packages/airflow/example_dags/example_subdag_operator.py
[2025-01-07T11:47:34.758+0000] {processor.py:914} INFO - Processing file /home/airflow/.local/lib/python3.12/site-packages/airflow/example_dags/example_subdag_operator.py for tasks to queue
[2025-01-07T11:47:34.763+0000] {logging_mixin.py:190} INFO - [2025-01-07T11:47:34.762+0000] {dagbag.py:588} INFO - Filling up the DagBag from /home/airflow/.local/lib/python3.12/site-packages/airflow/example_dags/example_subdag_operator.py
[2025-01-07T11:47:34.828+0000] {processor.py:925} INFO - DAG(s) 'example_subdag_operator.section-1', 'example_subdag_operator.section-2', 'example_subdag_operator' retrieved from /home/airflow/.local/lib/python3.12/site-packages/airflow/example_dags/example_subdag_operator.py
[2025-01-07T11:47:35.091+0000] {logging_mixin.py:190} INFO - [2025-01-07T11:47:35.090+0000] {override.py:1911} INFO - Created Permission View: can read on DAG:example_subdag_operator
[2025-01-07T11:47:35.107+0000] {logging_mixin.py:190} INFO - [2025-01-07T11:47:35.106+0000] {override.py:1911} INFO - Created Permission View: can delete on DAG:example_subdag_operator
[2025-01-07T11:47:35.123+0000] {logging_mixin.py:190} INFO - [2025-01-07T11:47:35.123+0000] {override.py:1911} INFO - Created Permission View: can edit on DAG:example_subdag_operator
[2025-01-07T11:47:35.149+0000] {logging_mixin.py:190} INFO - [2025-01-07T11:47:35.148+0000] {override.py:1911} INFO - Created Permission View: menu access on DAG Run:example_subdag_operator
[2025-01-07T11:47:35.181+0000] {logging_mixin.py:190} INFO - [2025-01-07T11:47:35.180+0000] {override.py:1911} INFO - Created Permission View: can read on DAG Run:example_subdag_operator
[2025-01-07T11:47:35.193+0000] {logging_mixin.py:190} INFO - [2025-01-07T11:47:35.192+0000] {override.py:1911} INFO - Created Permission View: can delete on DAG Run:example_subdag_operator
[2025-01-07T11:47:35.206+0000] {logging_mixin.py:190} INFO - [2025-01-07T11:47:35.206+0000] {override.py:1911} INFO - Created Permission View: can create on DAG Run:example_subdag_operator
[2025-01-07T11:47:35.207+0000] {logging_mixin.py:190} INFO - [2025-01-07T11:47:35.207+0000] {dag.py:3239} INFO - Sync 3 DAGs
[2025-01-07T11:47:35.249+0000] {logging_mixin.py:190} INFO - [2025-01-07T11:47:35.249+0000] {dag.py:3262} INFO - Creating ORM DAG for example_subdag_operator
[2025-01-07T11:47:35.253+0000] {logging_mixin.py:190} INFO - [2025-01-07T11:47:35.253+0000] {dag.py:3262} INFO - Creating ORM DAG for example_subdag_operator.section-1
[2025-01-07T11:47:35.255+0000] {logging_mixin.py:190} INFO - [2025-01-07T11:47:35.254+0000] {dag.py:3262} INFO - Creating ORM DAG for example_subdag_operator.section-2
[2025-01-07T11:47:35.273+0000] {logging_mixin.py:190} INFO - [2025-01-07T11:47:35.272+0000] {dag.py:4180} INFO - Setting next_dagrun for example_subdag_operator to 2022-01-01 00:00:00+00:00, run_after=2022-01-01 00:00:00+00:00
[2025-01-07T11:47:35.274+0000] {logging_mixin.py:190} INFO - [2025-01-07T11:47:35.273+0000] {dag.py:4180} INFO - Setting next_dagrun for example_subdag_operator.section-1 to None, run_after=None
[2025-01-07T11:47:35.274+0000] {logging_mixin.py:190} INFO - [2025-01-07T11:47:35.274+0000] {dag.py:4180} INFO - Setting next_dagrun for example_subdag_operator.section-2 to None, run_after=None
[2025-01-07T11:47:35.294+0000] {logging_mixin.py:190} INFO - [2025-01-07T11:47:35.294+0000] {dag.py:3239} INFO - Sync 2 DAGs
[2025-01-07T11:47:35.305+0000] {logging_mixin.py:190} INFO - [2025-01-07T11:47:35.304+0000] {dag.py:4180} INFO - Setting next_dagrun for example_subdag_operator.section-1 to None, run_after=None
[2025-01-07T11:47:35.314+0000] {logging_mixin.py:190} INFO - [2025-01-07T11:47:35.314+0000] {dag.py:4180} INFO - Setting next_dagrun for example_subdag_operator.section-2 to None, run_after=None
[2025-01-07T11:47:35.353+0000] {processor.py:208} INFO - Processing /home/airflow/.local/lib/python3.12/site-packages/airflow/example_dags/example_subdag_operator.py took 0.605 seconds
[2025-01-07T11:48:29.489+0000] {processor.py:186} INFO - Started process (PID=157) to work on /home/airflow/.local/lib/python3.12/site-packages/airflow/example_dags/example_subdag_operator.py
[2025-01-07T11:48:29.491+0000] {processor.py:914} INFO - Processing file /home/airflow/.local/lib/python3.12/site-packages/airflow/example_dags/example_subdag_operator.py for tasks to queue
[2025-01-07T11:48:29.495+0000] {logging_mixin.py:190} INFO - [2025-01-07T11:48:29.494+0000] {dagbag.py:588} INFO - Filling up the DagBag from /home/airflow/.local/lib/python3.12/site-packages/airflow/example_dags/example_subdag_operator.py
[2025-01-07T11:48:29.526+0000] {processor.py:925} INFO - DAG(s) 'example_subdag_operator.section-1', 'example_subdag_operator.section-2', 'example_subdag_operator' retrieved from /home/airflow/.local/lib/python3.12/site-packages/airflow/example_dags/example_subdag_operator.py
[2025-01-07T11:48:29.549+0000] {logging_mixin.py:190} INFO - [2025-01-07T11:48:29.549+0000] {dag.py:3239} INFO - Sync 3 DAGs
[2025-01-07T11:48:29.590+0000] {logging_mixin.py:190} INFO - [2025-01-07T11:48:29.589+0000] {dag.py:4180} INFO - Setting next_dagrun for example_subdag_operator to 2022-01-01 00:00:00+00:00, run_after=2022-01-01 00:00:00+00:00
[2025-01-07T11:48:29.595+0000] {logging_mixin.py:190} INFO - [2025-01-07T11:48:29.595+0000] {dag.py:4180} INFO - Setting next_dagrun for example_subdag_operator.section-1 to None, run_after=None
[2025-01-07T11:48:29.599+0000] {logging_mixin.py:190} INFO - [2025-01-07T11:48:29.598+0000] {dag.py:4180} INFO - Setting next_dagrun for example_subdag_operator.section-2 to None, run_after=None
[2025-01-07T11:48:29.615+0000] {logging_mixin.py:190} INFO - [2025-01-07T11:48:29.614+0000] {dag.py:3239} INFO - Sync 2 DAGs
[2025-01-07T11:48:29.626+0000] {logging_mixin.py:190} INFO - [2025-01-07T11:48:29.625+0000] {dag.py:4180} INFO - Setting next_dagrun for example_subdag_operator.section-1 to None, run_after=None
[2025-01-07T11:48:29.626+0000] {logging_mixin.py:190} INFO - [2025-01-07T11:48:29.626+0000] {dag.py:4180} INFO - Setting next_dagrun for example_subdag_operator.section-2 to None, run_after=None
[2025-01-07T11:48:29.659+0000] {processor.py:208} INFO - Processing /home/airflow/.local/lib/python3.12/site-packages/airflow/example_dags/example_subdag_operator.py took 0.179 seconds
[2025-01-07T11:49:00.428+0000] {processor.py:186} INFO - Started process (PID=220) to work on /home/airflow/.local/lib/python3.12/site-packages/airflow/example_dags/example_subdag_operator.py
[2025-01-07T11:49:00.429+0000] {processor.py:914} INFO - Processing file /home/airflow/.local/lib/python3.12/site-packages/airflow/example_dags/example_subdag_operator.py for tasks to queue
[2025-01-07T11:49:00.431+0000] {logging_mixin.py:190} INFO - [2025-01-07T11:49:00.431+0000] {dagbag.py:588} INFO - Filling up the DagBag from /home/airflow/.local/lib/python3.12/site-packages/airflow/example_dags/example_subdag_operator.py
[2025-01-07T11:49:00.456+0000] {processor.py:925} INFO - DAG(s) 'example_subdag_operator.section-1', 'example_subdag_operator.section-2', 'example_subdag_operator' retrieved from /home/airflow/.local/lib/python3.12/site-packages/airflow/example_dags/example_subdag_operator.py
[2025-01-07T11:49:00.469+0000] {logging_mixin.py:190} INFO - [2025-01-07T11:49:00.469+0000] {dag.py:3239} INFO - Sync 3 DAGs
[2025-01-07T11:49:00.490+0000] {logging_mixin.py:190} INFO - [2025-01-07T11:49:00.490+0000] {dag.py:4180} INFO - Setting next_dagrun for example_subdag_operator to 2022-01-01 00:00:00+00:00, run_after=2022-01-01 00:00:00+00:00
[2025-01-07T11:49:00.494+0000] {logging_mixin.py:190} INFO - [2025-01-07T11:49:00.494+0000] {dag.py:4180} INFO - Setting next_dagrun for example_subdag_operator.section-1 to None, run_after=None
[2025-01-07T11:49:00.496+0000] {logging_mixin.py:190} INFO - [2025-01-07T11:49:00.496+0000] {dag.py:4180} INFO - Setting next_dagrun for example_subdag_operator.section-2 to None, run_after=None
[2025-01-07T11:49:00.503+0000] {logging_mixin.py:190} INFO - [2025-01-07T11:49:00.502+0000] {dag.py:3239} INFO - Sync 2 DAGs
[2025-01-07T11:49:00.508+0000] {logging_mixin.py:190} INFO - [2025-01-07T11:49:00.507+0000] {dag.py:4180} INFO - Setting next_dagrun for example_subdag_operator.section-1 to None, run_after=None
[2025-01-07T11:49:00.508+0000] {logging_mixin.py:190} INFO - [2025-01-07T11:49:00.508+0000] {dag.py:4180} INFO - Setting next_dagrun for example_subdag_operator.section-2 to None, run_after=None
[2025-01-07T11:49:00.517+0000] {processor.py:208} INFO - Processing /home/airflow/.local/lib/python3.12/site-packages/airflow/example_dags/example_subdag_operator.py took 0.096 seconds
[2025-01-07T11:49:31.248+0000] {processor.py:186} INFO - Started process (PID=283) to work on /home/airflow/.local/lib/python3.12/site-packages/airflow/example_dags/example_subdag_operator.py
[2025-01-07T11:49:31.250+0000] {processor.py:914} INFO - Processing file /home/airflow/.local/lib/python3.12/site-packages/airflow/example_dags/example_subdag_operator.py for tasks to queue
[2025-01-07T11:49:31.253+0000] {logging_mixin.py:190} INFO - [2025-01-07T11:49:31.252+0000] {dagbag.py:588} INFO - Filling up the DagBag from /home/airflow/.local/lib/python3.12/site-packages/airflow/example_dags/example_subdag_operator.py
[2025-01-07T11:49:31.277+0000] {processor.py:925} INFO - DAG(s) 'example_subdag_operator.section-1', 'example_subdag_operator.section-2', 'example_subdag_operator' retrieved from /home/airflow/.local/lib/python3.12/site-packages/airflow/example_dags/example_subdag_operator.py
[2025-01-07T11:49:31.291+0000] {logging_mixin.py:190} INFO - [2025-01-07T11:49:31.291+0000] {dag.py:3239} INFO - Sync 3 DAGs
[2025-01-07T11:49:31.312+0000] {logging_mixin.py:190} INFO - [2025-01-07T11:49:31.312+0000] {dag.py:4180} INFO - Setting next_dagrun for example_subdag_operator to 2022-01-01 00:00:00+00:00, run_after=2022-01-01 00:00:00+00:00
[2025-01-07T11:49:31.316+0000] {logging_mixin.py:190} INFO - [2025-01-07T11:49:31.316+0000] {dag.py:4180} INFO - Setting next_dagrun for example_subdag_operator.section-1 to None, run_after=None
[2025-01-07T11:49:31.318+0000] {logging_mixin.py:190} INFO - [2025-01-07T11:49:31.318+0000] {dag.py:4180} INFO - Setting next_dagrun for example_subdag_operator.section-2 to None, run_after=None
[2025-01-07T11:49:31.324+0000] {logging_mixin.py:190} INFO - [2025-01-07T11:49:31.324+0000] {dag.py:3239} INFO - Sync 2 DAGs
[2025-01-07T11:49:31.329+0000] {logging_mixin.py:190} INFO - [2025-01-07T11:49:31.329+0000] {dag.py:4180} INFO - Setting next_dagrun for example_subdag_operator.section-1 to None, run_after=None
[2025-01-07T11:49:31.330+0000] {logging_mixin.py:190} INFO - [2025-01-07T11:49:31.330+0000] {dag.py:4180} INFO - Setting next_dagrun for example_subdag_operator.section-2 to None, run_after=None
[2025-01-07T11:49:31.342+0000] {processor.py:208} INFO - Processing /home/airflow/.local/lib/python3.12/site-packages/airflow/example_dags/example_subdag_operator.py took 0.099 seconds
[2025-01-07T11:50:01.512+0000] {processor.py:186} INFO - Started process (PID=346) to work on /home/airflow/.local/lib/python3.12/site-packages/airflow/example_dags/example_subdag_operator.py
[2025-01-07T11:50:01.513+0000] {processor.py:914} INFO - Processing file /home/airflow/.local/lib/python3.12/site-packages/airflow/example_dags/example_subdag_operator.py for tasks to queue
[2025-01-07T11:50:01.516+0000] {logging_mixin.py:190} INFO - [2025-01-07T11:50:01.515+0000] {dagbag.py:588} INFO - Filling up the DagBag from /home/airflow/.local/lib/python3.12/site-packages/airflow/example_dags/example_subdag_operator.py
[2025-01-07T11:50:01.543+0000] {processor.py:925} INFO - DAG(s) 'example_subdag_operator.section-1', 'example_subdag_operator.section-2', 'example_subdag_operator' retrieved from /home/airflow/.local/lib/python3.12/site-packages/airflow/example_dags/example_subdag_operator.py
[2025-01-07T11:50:01.559+0000] {logging_mixin.py:190} INFO - [2025-01-07T11:50:01.558+0000] {dag.py:3239} INFO - Sync 3 DAGs
[2025-01-07T11:50:01.580+0000] {logging_mixin.py:190} INFO - [2025-01-07T11:50:01.580+0000] {dag.py:4180} INFO - Setting next_dagrun for example_subdag_operator to 2022-01-01 00:00:00+00:00, run_after=2022-01-01 00:00:00+00:00
[2025-01-07T11:50:01.584+0000] {logging_mixin.py:190} INFO - [2025-01-07T11:50:01.584+0000] {dag.py:4180} INFO - Setting next_dagrun for example_subdag_operator.section-1 to None, run_after=None
[2025-01-07T11:50:01.586+0000] {logging_mixin.py:190} INFO - [2025-01-07T11:50:01.586+0000] {dag.py:4180} INFO - Setting next_dagrun for example_subdag_operator.section-2 to None, run_after=None
[2025-01-07T11:50:01.593+0000] {logging_mixin.py:190} INFO - [2025-01-07T11:50:01.593+0000] {dag.py:3239} INFO - Sync 2 DAGs
[2025-01-07T11:50:01.598+0000] {logging_mixin.py:190} INFO - [2025-01-07T11:50:01.598+0000] {dag.py:4180} INFO - Setting next_dagrun for example_subdag_operator.section-1 to None, run_after=None
[2025-01-07T11:50:01.599+0000] {logging_mixin.py:190} INFO - [2025-01-07T11:50:01.599+0000] {dag.py:4180} INFO - Setting next_dagrun for example_subdag_operator.section-2 to None, run_after=None
[2025-01-07T11:50:01.609+0000] {processor.py:208} INFO - Processing /home/airflow/.local/lib/python3.12/site-packages/airflow/example_dags/example_subdag_operator.py took 0.104 seconds
[2025-01-07T11:50:31.761+0000] {processor.py:186} INFO - Started process (PID=409) to work on /home/airflow/.local/lib/python3.12/site-packages/airflow/example_dags/example_subdag_operator.py
[2025-01-07T11:50:31.762+0000] {processor.py:914} INFO - Processing file /home/airflow/.local/lib/python3.12/site-packages/airflow/example_dags/example_subdag_operator.py for tasks to queue
[2025-01-07T11:50:31.765+0000] {logging_mixin.py:190} INFO - [2025-01-07T11:50:31.765+0000] {dagbag.py:588} INFO - Filling up the DagBag from /home/airflow/.local/lib/python3.12/site-packages/airflow/example_dags/example_subdag_operator.py
[2025-01-07T11:50:31.791+0000] {processor.py:925} INFO - DAG(s) 'example_subdag_operator.section-1', 'example_subdag_operator.section-2', 'example_subdag_operator' retrieved from /home/airflow/.local/lib/python3.12/site-packages/airflow/example_dags/example_subdag_operator.py
[2025-01-07T11:50:31.806+0000] {logging_mixin.py:190} INFO - [2025-01-07T11:50:31.806+0000] {dag.py:3239} INFO - Sync 3 DAGs
[2025-01-07T11:50:31.829+0000] {logging_mixin.py:190} INFO - [2025-01-07T11:50:31.828+0000] {dag.py:4180} INFO - Setting next_dagrun for example_subdag_operator to 2022-01-01 00:00:00+00:00, run_after=2022-01-01 00:00:00+00:00
[2025-01-07T11:50:31.833+0000] {logging_mixin.py:190} INFO - [2025-01-07T11:50:31.832+0000] {dag.py:4180} INFO - Setting next_dagrun for example_subdag_operator.section-1 to None, run_after=None
[2025-01-07T11:50:31.834+0000] {logging_mixin.py:190} INFO - [2025-01-07T11:50:31.834+0000] {dag.py:4180} INFO - Setting next_dagrun for example_subdag_operator.section-2 to None, run_after=None
[2025-01-07T11:50:31.841+0000] {logging_mixin.py:190} INFO - [2025-01-07T11:50:31.841+0000] {dag.py:3239} INFO - Sync 2 DAGs
[2025-01-07T11:50:31.847+0000] {logging_mixin.py:190} INFO - [2025-01-07T11:50:31.847+0000] {dag.py:4180} INFO - Setting next_dagrun for example_subdag_operator.section-1 to None, run_after=None
[2025-01-07T11:50:31.848+0000] {logging_mixin.py:190} INFO - [2025-01-07T11:50:31.848+0000] {dag.py:4180} INFO - Setting next_dagrun for example_subdag_operator.section-2 to None, run_after=None
[2025-01-07T11:50:31.860+0000] {processor.py:208} INFO - Processing /home/airflow/.local/lib/python3.12/site-packages/airflow/example_dags/example_subdag_operator.py took 0.106 seconds
[2025-01-07T11:51:02.988+0000] {processor.py:186} INFO - Started process (PID=472) to work on /home/airflow/.local/lib/python3.12/site-packages/airflow/example_dags/example_subdag_operator.py
[2025-01-07T11:51:02.989+0000] {processor.py:914} INFO - Processing file /home/airflow/.local/lib/python3.12/site-packages/airflow/example_dags/example_subdag_operator.py for tasks to queue
[2025-01-07T11:51:02.993+0000] {logging_mixin.py:190} INFO - [2025-01-07T11:51:02.993+0000] {dagbag.py:588} INFO - Filling up the DagBag from /home/airflow/.local/lib/python3.12/site-packages/airflow/example_dags/example_subdag_operator.py
[2025-01-07T11:51:03.020+0000] {processor.py:925} INFO - DAG(s) 'example_subdag_operator.section-1', 'example_subdag_operator.section-2', 'example_subdag_operator' retrieved from /home/airflow/.local/lib/python3.12/site-packages/airflow/example_dags/example_subdag_operator.py
[2025-01-07T11:51:03.034+0000] {logging_mixin.py:190} INFO - [2025-01-07T11:51:03.034+0000] {dag.py:3239} INFO - Sync 3 DAGs
[2025-01-07T11:51:03.057+0000] {logging_mixin.py:190} INFO - [2025-01-07T11:51:03.057+0000] {dag.py:4180} INFO - Setting next_dagrun for example_subdag_operator to 2022-01-01 00:00:00+00:00, run_after=2022-01-01 00:00:00+00:00
[2025-01-07T11:51:03.061+0000] {logging_mixin.py:190} INFO - [2025-01-07T11:51:03.061+0000] {dag.py:4180} INFO - Setting next_dagrun for example_subdag_operator.section-1 to None, run_after=None
[2025-01-07T11:51:03.063+0000] {logging_mixin.py:190} INFO - [2025-01-07T11:51:03.063+0000] {dag.py:4180} INFO - Setting next_dagrun for example_subdag_operator.section-2 to None, run_after=None
[2025-01-07T11:51:03.070+0000] {logging_mixin.py:190} INFO - [2025-01-07T11:51:03.070+0000] {dag.py:3239} INFO - Sync 2 DAGs
[2025-01-07T11:51:03.077+0000] {logging_mixin.py:190} INFO - [2025-01-07T11:51:03.077+0000] {dag.py:4180} INFO - Setting next_dagrun for example_subdag_operator.section-1 to None, run_after=None
[2025-01-07T11:51:03.078+0000] {logging_mixin.py:190} INFO - [2025-01-07T11:51:03.078+0000] {dag.py:4180} INFO - Setting next_dagrun for example_subdag_operator.section-2 to None, run_after=None
[2025-01-07T11:51:03.089+0000] {processor.py:208} INFO - Processing /home/airflow/.local/lib/python3.12/site-packages/airflow/example_dags/example_subdag_operator.py took 0.107 seconds
[2025-01-07T11:51:34.526+0000] {processor.py:186} INFO - Started process (PID=535) to work on /home/airflow/.local/lib/python3.12/site-packages/airflow/example_dags/example_subdag_operator.py
[2025-01-07T11:51:34.527+0000] {processor.py:914} INFO - Processing file /home/airflow/.local/lib/python3.12/site-packages/airflow/example_dags/example_subdag_operator.py for tasks to queue
[2025-01-07T11:51:34.531+0000] {logging_mixin.py:190} INFO - [2025-01-07T11:51:34.531+0000] {dagbag.py:588} INFO - Filling up the DagBag from /home/airflow/.local/lib/python3.12/site-packages/airflow/example_dags/example_subdag_operator.py
[2025-01-07T11:51:34.567+0000] {processor.py:925} INFO - DAG(s) 'example_subdag_operator.section-1', 'example_subdag_operator.section-2', 'example_subdag_operator' retrieved from /home/airflow/.local/lib/python3.12/site-packages/airflow/example_dags/example_subdag_operator.py
[2025-01-07T11:51:34.591+0000] {logging_mixin.py:190} INFO - [2025-01-07T11:51:34.591+0000] {dag.py:3239} INFO - Sync 3 DAGs
[2025-01-07T11:51:34.619+0000] {logging_mixin.py:190} INFO - [2025-01-07T11:51:34.618+0000] {dag.py:4180} INFO - Setting next_dagrun for example_subdag_operator to 2022-01-01 00:00:00+00:00, run_after=2022-01-01 00:00:00+00:00
[2025-01-07T11:51:34.624+0000] {logging_mixin.py:190} INFO - [2025-01-07T11:51:34.624+0000] {dag.py:4180} INFO - Setting next_dagrun for example_subdag_operator.section-1 to None, run_after=None
[2025-01-07T11:51:34.626+0000] {logging_mixin.py:190} INFO - [2025-01-07T11:51:34.626+0000] {dag.py:4180} INFO - Setting next_dagrun for example_subdag_operator.section-2 to None, run_after=None
[2025-01-07T11:51:34.633+0000] {logging_mixin.py:190} INFO - [2025-01-07T11:51:34.633+0000] {dag.py:3239} INFO - Sync 2 DAGs
[2025-01-07T11:51:34.640+0000] {logging_mixin.py:190} INFO - [2025-01-07T11:51:34.639+0000] {dag.py:4180} INFO - Setting next_dagrun for example_subdag_operator.section-1 to None, run_after=None
[2025-01-07T11:51:34.640+0000] {logging_mixin.py:190} INFO - [2025-01-07T11:51:34.640+0000] {dag.py:4180} INFO - Setting next_dagrun for example_subdag_operator.section-2 to None, run_after=None
[2025-01-07T11:51:34.653+0000] {processor.py:208} INFO - Processing /home/airflow/.local/lib/python3.12/site-packages/airflow/example_dags/example_subdag_operator.py took 0.138 seconds
[2025-01-07T11:52:04.744+0000] {processor.py:186} INFO - Started process (PID=598) to work on /home/airflow/.local/lib/python3.12/site-packages/airflow/example_dags/example_subdag_operator.py
[2025-01-07T11:52:04.745+0000] {processor.py:914} INFO - Processing file /home/airflow/.local/lib/python3.12/site-packages/airflow/example_dags/example_subdag_operator.py for tasks to queue
[2025-01-07T11:52:04.749+0000] {logging_mixin.py:190} INFO - [2025-01-07T11:52:04.748+0000] {dagbag.py:588} INFO - Filling up the DagBag from /home/airflow/.local/lib/python3.12/site-packages/airflow/example_dags/example_subdag_operator.py
[2025-01-07T11:52:04.775+0000] {processor.py:925} INFO - DAG(s) 'example_subdag_operator.section-1', 'example_subdag_operator.section-2', 'example_subdag_operator' retrieved from /home/airflow/.local/lib/python3.12/site-packages/airflow/example_dags/example_subdag_operator.py
[2025-01-07T11:52:04.792+0000] {logging_mixin.py:190} INFO - [2025-01-07T11:52:04.791+0000] {dag.py:3239} INFO - Sync 3 DAGs
[2025-01-07T11:52:04.818+0000] {logging_mixin.py:190} INFO - [2025-01-07T11:52:04.818+0000] {dag.py:4180} INFO - Setting next_dagrun for example_subdag_operator to 2022-01-01 00:00:00+00:00, run_after=2022-01-01 00:00:00+00:00
[2025-01-07T11:52:04.822+0000] {logging_mixin.py:190} INFO - [2025-01-07T11:52:04.822+0000] {dag.py:4180} INFO - Setting next_dagrun for example_subdag_operator.section-1 to None, run_after=None
[2025-01-07T11:52:04.824+0000] {logging_mixin.py:190} INFO - [2025-01-07T11:52:04.824+0000] {dag.py:4180} INFO - Setting next_dagrun for example_subdag_operator.section-2 to None, run_after=None
[2025-01-07T11:52:04.833+0000] {logging_mixin.py:190} INFO - [2025-01-07T11:52:04.833+0000] {dag.py:3239} INFO - Sync 2 DAGs
[2025-01-07T11:52:04.841+0000] {logging_mixin.py:190} INFO - [2025-01-07T11:52:04.841+0000] {dag.py:4180} INFO - Setting next_dagrun for example_subdag_operator.section-1 to None, run_after=None
[2025-01-07T11:52:04.842+0000] {logging_mixin.py:190} INFO - [2025-01-07T11:52:04.842+0000] {dag.py:4180} INFO - Setting next_dagrun for example_subdag_operator.section-2 to None, run_after=None
[2025-01-07T11:52:04.853+0000] {processor.py:208} INFO - Processing /home/airflow/.local/lib/python3.12/site-packages/airflow/example_dags/example_subdag_operator.py took 0.116 seconds
[2025-01-07T11:52:35.296+0000] {processor.py:186} INFO - Started process (PID=661) to work on /home/airflow/.local/lib/python3.12/site-packages/airflow/example_dags/example_subdag_operator.py
[2025-01-07T11:52:35.298+0000] {processor.py:914} INFO - Processing file /home/airflow/.local/lib/python3.12/site-packages/airflow/example_dags/example_subdag_operator.py for tasks to queue
[2025-01-07T11:52:35.300+0000] {logging_mixin.py:190} INFO - [2025-01-07T11:52:35.300+0000] {dagbag.py:588} INFO - Filling up the DagBag from /home/airflow/.local/lib/python3.12/site-packages/airflow/example_dags/example_subdag_operator.py
[2025-01-07T11:52:35.324+0000] {processor.py:925} INFO - DAG(s) 'example_subdag_operator.section-1', 'example_subdag_operator.section-2', 'example_subdag_operator' retrieved from /home/airflow/.local/lib/python3.12/site-packages/airflow/example_dags/example_subdag_operator.py
[2025-01-07T11:52:35.337+0000] {logging_mixin.py:190} INFO - [2025-01-07T11:52:35.337+0000] {dag.py:3239} INFO - Sync 3 DAGs
[2025-01-07T11:52:35.364+0000] {logging_mixin.py:190} INFO - [2025-01-07T11:52:35.364+0000] {dag.py:4180} INFO - Setting next_dagrun for example_subdag_operator to 2022-01-01 00:00:00+00:00, run_after=2022-01-01 00:00:00+00:00
[2025-01-07T11:52:35.369+0000] {logging_mixin.py:190} INFO - [2025-01-07T11:52:35.369+0000] {dag.py:4180} INFO - Setting next_dagrun for example_subdag_operator.section-1 to None, run_after=None
[2025-01-07T11:52:35.371+0000] {logging_mixin.py:190} INFO - [2025-01-07T11:52:35.371+0000] {dag.py:4180} INFO - Setting next_dagrun for example_subdag_operator.section-2 to None, run_after=None
[2025-01-07T11:52:35.382+0000] {logging_mixin.py:190} INFO - [2025-01-07T11:52:35.381+0000] {dag.py:3239} INFO - Sync 2 DAGs
[2025-01-07T11:52:35.387+0000] {logging_mixin.py:190} INFO - [2025-01-07T11:52:35.387+0000] {dag.py:4180} INFO - Setting next_dagrun for example_subdag_operator.section-1 to None, run_after=None
[2025-01-07T11:52:35.388+0000] {logging_mixin.py:190} INFO - [2025-01-07T11:52:35.388+0000] {dag.py:4180} INFO - Setting next_dagrun for example_subdag_operator.section-2 to None, run_after=None
[2025-01-07T11:52:35.400+0000] {processor.py:208} INFO - Processing /home/airflow/.local/lib/python3.12/site-packages/airflow/example_dags/example_subdag_operator.py took 0.110 seconds
[2025-01-07T11:53:05.870+0000] {processor.py:186} INFO - Started process (PID=724) to work on /home/airflow/.local/lib/python3.12/site-packages/airflow/example_dags/example_subdag_operator.py
[2025-01-07T11:53:05.871+0000] {processor.py:914} INFO - Processing file /home/airflow/.local/lib/python3.12/site-packages/airflow/example_dags/example_subdag_operator.py for tasks to queue
[2025-01-07T11:53:05.874+0000] {logging_mixin.py:190} INFO - [2025-01-07T11:53:05.874+0000] {dagbag.py:588} INFO - Filling up the DagBag from /home/airflow/.local/lib/python3.12/site-packages/airflow/example_dags/example_subdag_operator.py
[2025-01-07T11:53:05.898+0000] {processor.py:925} INFO - DAG(s) 'example_subdag_operator.section-1', 'example_subdag_operator.section-2', 'example_subdag_operator' retrieved from /home/airflow/.local/lib/python3.12/site-packages/airflow/example_dags/example_subdag_operator.py
[2025-01-07T11:53:05.914+0000] {logging_mixin.py:190} INFO - [2025-01-07T11:53:05.914+0000] {dag.py:3239} INFO - Sync 3 DAGs
[2025-01-07T11:53:05.936+0000] {logging_mixin.py:190} INFO - [2025-01-07T11:53:05.936+0000] {dag.py:4180} INFO - Setting next_dagrun for example_subdag_operator to 2022-01-01 00:00:00+00:00, run_after=2022-01-01 00:00:00+00:00
[2025-01-07T11:53:05.941+0000] {logging_mixin.py:190} INFO - [2025-01-07T11:53:05.941+0000] {dag.py:4180} INFO - Setting next_dagrun for example_subdag_operator.section-1 to None, run_after=None
[2025-01-07T11:53:05.943+0000] {logging_mixin.py:190} INFO - [2025-01-07T11:53:05.942+0000] {dag.py:4180} INFO - Setting next_dagrun for example_subdag_operator.section-2 to None, run_after=None
[2025-01-07T11:53:05.950+0000] {logging_mixin.py:190} INFO - [2025-01-07T11:53:05.950+0000] {dag.py:3239} INFO - Sync 2 DAGs
[2025-01-07T11:53:05.955+0000] {logging_mixin.py:190} INFO - [2025-01-07T11:53:05.955+0000] {dag.py:4180} INFO - Setting next_dagrun for example_subdag_operator.section-1 to None, run_after=None
[2025-01-07T11:53:05.956+0000] {logging_mixin.py:190} INFO - [2025-01-07T11:53:05.956+0000] {dag.py:4180} INFO - Setting next_dagrun for example_subdag_operator.section-2 to None, run_after=None
[2025-01-07T11:53:05.967+0000] {processor.py:208} INFO - Processing /home/airflow/.local/lib/python3.12/site-packages/airflow/example_dags/example_subdag_operator.py took 0.103 seconds
[2025-01-07T11:53:36.122+0000] {processor.py:186} INFO - Started process (PID=787) to work on /home/airflow/.local/lib/python3.12/site-packages/airflow/example_dags/example_subdag_operator.py
[2025-01-07T11:53:36.123+0000] {processor.py:914} INFO - Processing file /home/airflow/.local/lib/python3.12/site-packages/airflow/example_dags/example_subdag_operator.py for tasks to queue
[2025-01-07T11:53:36.126+0000] {logging_mixin.py:190} INFO - [2025-01-07T11:53:36.125+0000] {dagbag.py:588} INFO - Filling up the DagBag from /home/airflow/.local/lib/python3.12/site-packages/airflow/example_dags/example_subdag_operator.py
[2025-01-07T11:53:36.153+0000] {processor.py:925} INFO - DAG(s) 'example_subdag_operator.section-1', 'example_subdag_operator.section-2', 'example_subdag_operator' retrieved from /home/airflow/.local/lib/python3.12/site-packages/airflow/example_dags/example_subdag_operator.py
[2025-01-07T11:53:36.168+0000] {logging_mixin.py:190} INFO - [2025-01-07T11:53:36.168+0000] {dag.py:3239} INFO - Sync 3 DAGs
[2025-01-07T11:53:36.191+0000] {logging_mixin.py:190} INFO - [2025-01-07T11:53:36.191+0000] {dag.py:4180} INFO - Setting next_dagrun for example_subdag_operator to 2022-01-01 00:00:00+00:00, run_after=2022-01-01 00:00:00+00:00
[2025-01-07T11:53:36.196+0000] {logging_mixin.py:190} INFO - [2025-01-07T11:53:36.195+0000] {dag.py:4180} INFO - Setting next_dagrun for example_subdag_operator.section-1 to None, run_after=None
[2025-01-07T11:53:36.198+0000] {logging_mixin.py:190} INFO - [2025-01-07T11:53:36.197+0000] {dag.py:4180} INFO - Setting next_dagrun for example_subdag_operator.section-2 to None, run_after=None
[2025-01-07T11:53:36.208+0000] {logging_mixin.py:190} INFO - [2025-01-07T11:53:36.207+0000] {dag.py:3239} INFO - Sync 2 DAGs
[2025-01-07T11:53:36.214+0000] {logging_mixin.py:190} INFO - [2025-01-07T11:53:36.213+0000] {dag.py:4180} INFO - Setting next_dagrun for example_subdag_operator.section-1 to None, run_after=None
[2025-01-07T11:53:36.215+0000] {logging_mixin.py:190} INFO - [2025-01-07T11:53:36.214+0000] {dag.py:4180} INFO - Setting next_dagrun for example_subdag_operator.section-2 to None, run_after=None
[2025-01-07T11:53:36.224+0000] {processor.py:208} INFO - Processing /home/airflow/.local/lib/python3.12/site-packages/airflow/example_dags/example_subdag_operator.py took 0.109 seconds
[2025-01-07T11:54:06.827+0000] {processor.py:186} INFO - Started process (PID=850) to work on /home/airflow/.local/lib/python3.12/site-packages/airflow/example_dags/example_subdag_operator.py
[2025-01-07T11:54:06.828+0000] {processor.py:914} INFO - Processing file /home/airflow/.local/lib/python3.12/site-packages/airflow/example_dags/example_subdag_operator.py for tasks to queue
[2025-01-07T11:54:06.831+0000] {logging_mixin.py:190} INFO - [2025-01-07T11:54:06.831+0000] {dagbag.py:588} INFO - Filling up the DagBag from /home/airflow/.local/lib/python3.12/site-packages/airflow/example_dags/example_subdag_operator.py
[2025-01-07T11:54:06.856+0000] {processor.py:925} INFO - DAG(s) 'example_subdag_operator.section-1', 'example_subdag_operator.section-2', 'example_subdag_operator' retrieved from /home/airflow/.local/lib/python3.12/site-packages/airflow/example_dags/example_subdag_operator.py
[2025-01-07T11:54:06.870+0000] {logging_mixin.py:190} INFO - [2025-01-07T11:54:06.870+0000] {dag.py:3239} INFO - Sync 3 DAGs
[2025-01-07T11:54:06.893+0000] {logging_mixin.py:190} INFO - [2025-01-07T11:54:06.893+0000] {dag.py:4180} INFO - Setting next_dagrun for example_subdag_operator to 2022-01-01 00:00:00+00:00, run_after=2022-01-01 00:00:00+00:00
[2025-01-07T11:54:06.897+0000] {logging_mixin.py:190} INFO - [2025-01-07T11:54:06.897+0000] {dag.py:4180} INFO - Setting next_dagrun for example_subdag_operator.section-1 to None, run_after=None
[2025-01-07T11:54:06.899+0000] {logging_mixin.py:190} INFO - [2025-01-07T11:54:06.899+0000] {dag.py:4180} INFO - Setting next_dagrun for example_subdag_operator.section-2 to None, run_after=None
[2025-01-07T11:54:06.908+0000] {logging_mixin.py:190} INFO - [2025-01-07T11:54:06.908+0000] {dag.py:3239} INFO - Sync 2 DAGs
[2025-01-07T11:54:06.914+0000] {logging_mixin.py:190} INFO - [2025-01-07T11:54:06.913+0000] {dag.py:4180} INFO - Setting next_dagrun for example_subdag_operator.section-1 to None, run_after=None
[2025-01-07T11:54:06.914+0000] {logging_mixin.py:190} INFO - [2025-01-07T11:54:06.914+0000] {dag.py:4180} INFO - Setting next_dagrun for example_subdag_operator.section-2 to None, run_after=None
[2025-01-07T11:54:06.925+0000] {processor.py:208} INFO - Processing /home/airflow/.local/lib/python3.12/site-packages/airflow/example_dags/example_subdag_operator.py took 0.104 seconds
[2025-01-07T11:54:37.680+0000] {processor.py:186} INFO - Started process (PID=913) to work on /home/airflow/.local/lib/python3.12/site-packages/airflow/example_dags/example_subdag_operator.py
[2025-01-07T11:54:37.681+0000] {processor.py:914} INFO - Processing file /home/airflow/.local/lib/python3.12/site-packages/airflow/example_dags/example_subdag_operator.py for tasks to queue
[2025-01-07T11:54:37.684+0000] {logging_mixin.py:190} INFO - [2025-01-07T11:54:37.684+0000] {dagbag.py:588} INFO - Filling up the DagBag from /home/airflow/.local/lib/python3.12/site-packages/airflow/example_dags/example_subdag_operator.py
[2025-01-07T11:54:37.711+0000] {processor.py:925} INFO - DAG(s) 'example_subdag_operator.section-1', 'example_subdag_operator.section-2', 'example_subdag_operator' retrieved from /home/airflow/.local/lib/python3.12/site-packages/airflow/example_dags/example_subdag_operator.py
[2025-01-07T11:54:37.729+0000] {logging_mixin.py:190} INFO - [2025-01-07T11:54:37.728+0000] {dag.py:3239} INFO - Sync 3 DAGs
[2025-01-07T11:54:37.755+0000] {logging_mixin.py:190} INFO - [2025-01-07T11:54:37.755+0000] {dag.py:4180} INFO - Setting next_dagrun for example_subdag_operator to 2022-01-01 00:00:00+00:00, run_after=2022-01-01 00:00:00+00:00
[2025-01-07T11:54:37.759+0000] {logging_mixin.py:190} INFO - [2025-01-07T11:54:37.758+0000] {dag.py:4180} INFO - Setting next_dagrun for example_subdag_operator.section-1 to None, run_after=None
[2025-01-07T11:54:37.760+0000] {logging_mixin.py:190} INFO - [2025-01-07T11:54:37.760+0000] {dag.py:4180} INFO - Setting next_dagrun for example_subdag_operator.section-2 to None, run_after=None
[2025-01-07T11:54:37.768+0000] {logging_mixin.py:190} INFO - [2025-01-07T11:54:37.768+0000] {dag.py:3239} INFO - Sync 2 DAGs
[2025-01-07T11:54:37.774+0000] {logging_mixin.py:190} INFO - [2025-01-07T11:54:37.774+0000] {dag.py:4180} INFO - Setting next_dagrun for example_subdag_operator.section-1 to None, run_after=None
[2025-01-07T11:54:37.775+0000] {logging_mixin.py:190} INFO - [2025-01-07T11:54:37.775+0000] {dag.py:4180} INFO - Setting next_dagrun for example_subdag_operator.section-2 to None, run_after=None
[2025-01-07T11:54:37.786+0000] {processor.py:208} INFO - Processing /home/airflow/.local/lib/python3.12/site-packages/airflow/example_dags/example_subdag_operator.py took 0.113 seconds
[2025-01-07T11:55:07.874+0000] {processor.py:186} INFO - Started process (PID=975) to work on /home/airflow/.local/lib/python3.12/site-packages/airflow/example_dags/example_subdag_operator.py
[2025-01-07T11:55:07.875+0000] {processor.py:914} INFO - Processing file /home/airflow/.local/lib/python3.12/site-packages/airflow/example_dags/example_subdag_operator.py for tasks to queue
[2025-01-07T11:55:07.880+0000] {logging_mixin.py:190} INFO - [2025-01-07T11:55:07.879+0000] {dagbag.py:588} INFO - Filling up the DagBag from /home/airflow/.local/lib/python3.12/site-packages/airflow/example_dags/example_subdag_operator.py
[2025-01-07T11:55:07.909+0000] {processor.py:925} INFO - DAG(s) 'example_subdag_operator.section-1', 'example_subdag_operator.section-2', 'example_subdag_operator' retrieved from /home/airflow/.local/lib/python3.12/site-packages/airflow/example_dags/example_subdag_operator.py
[2025-01-07T11:55:07.925+0000] {logging_mixin.py:190} INFO - [2025-01-07T11:55:07.925+0000] {dag.py:3239} INFO - Sync 3 DAGs
[2025-01-07T11:55:07.951+0000] {logging_mixin.py:190} INFO - [2025-01-07T11:55:07.951+0000] {dag.py:4180} INFO - Setting next_dagrun for example_subdag_operator to 2022-01-01 00:00:00+00:00, run_after=2022-01-01 00:00:00+00:00
[2025-01-07T11:55:07.957+0000] {logging_mixin.py:190} INFO - [2025-01-07T11:55:07.957+0000] {dag.py:4180} INFO - Setting next_dagrun for example_subdag_operator.section-1 to None, run_after=None
[2025-01-07T11:55:07.960+0000] {logging_mixin.py:190} INFO - [2025-01-07T11:55:07.959+0000] {dag.py:4180} INFO - Setting next_dagrun for example_subdag_operator.section-2 to None, run_after=None
[2025-01-07T11:55:07.970+0000] {logging_mixin.py:190} INFO - [2025-01-07T11:55:07.970+0000] {dag.py:3239} INFO - Sync 2 DAGs
[2025-01-07T11:55:07.978+0000] {logging_mixin.py:190} INFO - [2025-01-07T11:55:07.978+0000] {dag.py:4180} INFO - Setting next_dagrun for example_subdag_operator.section-1 to None, run_after=None
[2025-01-07T11:55:07.979+0000] {logging_mixin.py:190} INFO - [2025-01-07T11:55:07.979+0000] {dag.py:4180} INFO - Setting next_dagrun for example_subdag_operator.section-2 to None, run_after=None
[2025-01-07T11:55:07.990+0000] {processor.py:208} INFO - Processing /home/airflow/.local/lib/python3.12/site-packages/airflow/example_dags/example_subdag_operator.py took 0.122 seconds
[2025-01-07T11:55:38.559+0000] {processor.py:186} INFO - Started process (PID=1038) to work on /home/airflow/.local/lib/python3.12/site-packages/airflow/example_dags/example_subdag_operator.py
[2025-01-07T11:55:38.560+0000] {processor.py:914} INFO - Processing file /home/airflow/.local/lib/python3.12/site-packages/airflow/example_dags/example_subdag_operator.py for tasks to queue
[2025-01-07T11:55:38.563+0000] {logging_mixin.py:190} INFO - [2025-01-07T11:55:38.563+0000] {dagbag.py:588} INFO - Filling up the DagBag from /home/airflow/.local/lib/python3.12/site-packages/airflow/example_dags/example_subdag_operator.py
[2025-01-07T11:55:38.588+0000] {processor.py:925} INFO - DAG(s) 'example_subdag_operator.section-1', 'example_subdag_operator.section-2', 'example_subdag_operator' retrieved from /home/airflow/.local/lib/python3.12/site-packages/airflow/example_dags/example_subdag_operator.py
[2025-01-07T11:55:38.604+0000] {logging_mixin.py:190} INFO - [2025-01-07T11:55:38.604+0000] {dag.py:3239} INFO - Sync 3 DAGs
[2025-01-07T11:55:38.629+0000] {logging_mixin.py:190} INFO - [2025-01-07T11:55:38.629+0000] {dag.py:4180} INFO - Setting next_dagrun for example_subdag_operator to 2022-01-01 00:00:00+00:00, run_after=2022-01-01 00:00:00+00:00
[2025-01-07T11:55:38.633+0000] {logging_mixin.py:190} INFO - [2025-01-07T11:55:38.633+0000] {dag.py:4180} INFO - Setting next_dagrun for example_subdag_operator.section-1 to None, run_after=None
[2025-01-07T11:55:38.635+0000] {logging_mixin.py:190} INFO - [2025-01-07T11:55:38.635+0000] {dag.py:4180} INFO - Setting next_dagrun for example_subdag_operator.section-2 to None, run_after=None
[2025-01-07T11:55:38.642+0000] {logging_mixin.py:190} INFO - [2025-01-07T11:55:38.642+0000] {dag.py:3239} INFO - Sync 2 DAGs
[2025-01-07T11:55:38.647+0000] {logging_mixin.py:190} INFO - [2025-01-07T11:55:38.647+0000] {dag.py:4180} INFO - Setting next_dagrun for example_subdag_operator.section-1 to None, run_after=None
[2025-01-07T11:55:38.648+0000] {logging_mixin.py:190} INFO - [2025-01-07T11:55:38.648+0000] {dag.py:4180} INFO - Setting next_dagrun for example_subdag_operator.section-2 to None, run_after=None
[2025-01-07T11:55:38.661+0000] {processor.py:208} INFO - Processing /home/airflow/.local/lib/python3.12/site-packages/airflow/example_dags/example_subdag_operator.py took 0.108 seconds
[2025-01-07T11:56:09.321+0000] {processor.py:186} INFO - Started process (PID=1101) to work on /home/airflow/.local/lib/python3.12/site-packages/airflow/example_dags/example_subdag_operator.py
[2025-01-07T11:56:09.322+0000] {processor.py:914} INFO - Processing file /home/airflow/.local/lib/python3.12/site-packages/airflow/example_dags/example_subdag_operator.py for tasks to queue
[2025-01-07T11:56:09.325+0000] {logging_mixin.py:190} INFO - [2025-01-07T11:56:09.325+0000] {dagbag.py:588} INFO - Filling up the DagBag from /home/airflow/.local/lib/python3.12/site-packages/airflow/example_dags/example_subdag_operator.py
[2025-01-07T11:56:09.365+0000] {processor.py:925} INFO - DAG(s) 'example_subdag_operator.section-1', 'example_subdag_operator.section-2', 'example_subdag_operator' retrieved from /home/airflow/.local/lib/python3.12/site-packages/airflow/example_dags/example_subdag_operator.py
[2025-01-07T11:56:09.391+0000] {logging_mixin.py:190} INFO - [2025-01-07T11:56:09.391+0000] {dag.py:3239} INFO - Sync 3 DAGs
[2025-01-07T11:56:09.433+0000] {logging_mixin.py:190} INFO - [2025-01-07T11:56:09.432+0000] {dag.py:4180} INFO - Setting next_dagrun for example_subdag_operator to 2022-01-01 00:00:00+00:00, run_after=2022-01-01 00:00:00+00:00
[2025-01-07T11:56:09.441+0000] {logging_mixin.py:190} INFO - [2025-01-07T11:56:09.440+0000] {dag.py:4180} INFO - Setting next_dagrun for example_subdag_operator.section-1 to None, run_after=None
[2025-01-07T11:56:09.442+0000] {logging_mixin.py:190} INFO - [2025-01-07T11:56:09.442+0000] {dag.py:4180} INFO - Setting next_dagrun for example_subdag_operator.section-2 to None, run_after=None
[2025-01-07T11:56:09.453+0000] {logging_mixin.py:190} INFO - [2025-01-07T11:56:09.452+0000] {dag.py:3239} INFO - Sync 2 DAGs
[2025-01-07T11:56:09.459+0000] {logging_mixin.py:190} INFO - [2025-01-07T11:56:09.459+0000] {dag.py:4180} INFO - Setting next_dagrun for example_subdag_operator.section-1 to None, run_after=None
[2025-01-07T11:56:09.460+0000] {logging_mixin.py:190} INFO - [2025-01-07T11:56:09.460+0000] {dag.py:4180} INFO - Setting next_dagrun for example_subdag_operator.section-2 to None, run_after=None
[2025-01-07T11:56:09.475+0000] {processor.py:208} INFO - Processing /home/airflow/.local/lib/python3.12/site-packages/airflow/example_dags/example_subdag_operator.py took 0.168 seconds
[2025-01-07T11:56:39.967+0000] {processor.py:186} INFO - Started process (PID=1164) to work on /home/airflow/.local/lib/python3.12/site-packages/airflow/example_dags/example_subdag_operator.py
[2025-01-07T11:56:39.968+0000] {processor.py:914} INFO - Processing file /home/airflow/.local/lib/python3.12/site-packages/airflow/example_dags/example_subdag_operator.py for tasks to queue
[2025-01-07T11:56:39.970+0000] {logging_mixin.py:190} INFO - [2025-01-07T11:56:39.970+0000] {dagbag.py:588} INFO - Filling up the DagBag from /home/airflow/.local/lib/python3.12/site-packages/airflow/example_dags/example_subdag_operator.py
[2025-01-07T11:56:39.996+0000] {processor.py:925} INFO - DAG(s) 'example_subdag_operator.section-1', 'example_subdag_operator.section-2', 'example_subdag_operator' retrieved from /home/airflow/.local/lib/python3.12/site-packages/airflow/example_dags/example_subdag_operator.py
[2025-01-07T11:56:40.011+0000] {logging_mixin.py:190} INFO - [2025-01-07T11:56:40.011+0000] {dag.py:3239} INFO - Sync 3 DAGs
[2025-01-07T11:56:40.033+0000] {logging_mixin.py:190} INFO - [2025-01-07T11:56:40.033+0000] {dag.py:4180} INFO - Setting next_dagrun for example_subdag_operator to 2022-01-01 00:00:00+00:00, run_after=2022-01-01 00:00:00+00:00
[2025-01-07T11:56:40.037+0000] {logging_mixin.py:190} INFO - [2025-01-07T11:56:40.037+0000] {dag.py:4180} INFO - Setting next_dagrun for example_subdag_operator.section-1 to None, run_after=None
[2025-01-07T11:56:40.038+0000] {logging_mixin.py:190} INFO - [2025-01-07T11:56:40.038+0000] {dag.py:4180} INFO - Setting next_dagrun for example_subdag_operator.section-2 to None, run_after=None
[2025-01-07T11:56:40.045+0000] {logging_mixin.py:190} INFO - [2025-01-07T11:56:40.045+0000] {dag.py:3239} INFO - Sync 2 DAGs
[2025-01-07T11:56:40.050+0000] {logging_mixin.py:190} INFO - [2025-01-07T11:56:40.050+0000] {dag.py:4180} INFO - Setting next_dagrun for example_subdag_operator.section-1 to None, run_after=None
[2025-01-07T11:56:40.051+0000] {logging_mixin.py:190} INFO - [2025-01-07T11:56:40.051+0000] {dag.py:4180} INFO - Setting next_dagrun for example_subdag_operator.section-2 to None, run_after=None
[2025-01-07T11:56:40.060+0000] {processor.py:208} INFO - Processing /home/airflow/.local/lib/python3.12/site-packages/airflow/example_dags/example_subdag_operator.py took 0.099 seconds
[2025-01-07T11:57:10.257+0000] {processor.py:186} INFO - Started process (PID=1227) to work on /home/airflow/.local/lib/python3.12/site-packages/airflow/example_dags/example_subdag_operator.py
[2025-01-07T11:57:10.258+0000] {processor.py:914} INFO - Processing file /home/airflow/.local/lib/python3.12/site-packages/airflow/example_dags/example_subdag_operator.py for tasks to queue
[2025-01-07T11:57:10.261+0000] {logging_mixin.py:190} INFO - [2025-01-07T11:57:10.261+0000] {dagbag.py:588} INFO - Filling up the DagBag from /home/airflow/.local/lib/python3.12/site-packages/airflow/example_dags/example_subdag_operator.py
[2025-01-07T11:57:10.289+0000] {processor.py:925} INFO - DAG(s) 'example_subdag_operator.section-1', 'example_subdag_operator.section-2', 'example_subdag_operator' retrieved from /home/airflow/.local/lib/python3.12/site-packages/airflow/example_dags/example_subdag_operator.py
[2025-01-07T11:57:10.305+0000] {logging_mixin.py:190} INFO - [2025-01-07T11:57:10.305+0000] {dag.py:3239} INFO - Sync 3 DAGs
[2025-01-07T11:57:10.329+0000] {logging_mixin.py:190} INFO - [2025-01-07T11:57:10.329+0000] {dag.py:4180} INFO - Setting next_dagrun for example_subdag_operator to 2022-01-01 00:00:00+00:00, run_after=2022-01-01 00:00:00+00:00
[2025-01-07T11:57:10.333+0000] {logging_mixin.py:190} INFO - [2025-01-07T11:57:10.333+0000] {dag.py:4180} INFO - Setting next_dagrun for example_subdag_operator.section-1 to None, run_after=None
[2025-01-07T11:57:10.335+0000] {logging_mixin.py:190} INFO - [2025-01-07T11:57:10.335+0000] {dag.py:4180} INFO - Setting next_dagrun for example_subdag_operator.section-2 to None, run_after=None
[2025-01-07T11:57:10.342+0000] {logging_mixin.py:190} INFO - [2025-01-07T11:57:10.341+0000] {dag.py:3239} INFO - Sync 2 DAGs
[2025-01-07T11:57:10.347+0000] {logging_mixin.py:190} INFO - [2025-01-07T11:57:10.347+0000] {dag.py:4180} INFO - Setting next_dagrun for example_subdag_operator.section-1 to None, run_after=None
[2025-01-07T11:57:10.347+0000] {logging_mixin.py:190} INFO - [2025-01-07T11:57:10.347+0000] {dag.py:4180} INFO - Setting next_dagrun for example_subdag_operator.section-2 to None, run_after=None
[2025-01-07T11:57:10.357+0000] {processor.py:208} INFO - Processing /home/airflow/.local/lib/python3.12/site-packages/airflow/example_dags/example_subdag_operator.py took 0.105 seconds
[2025-01-07T11:57:42.134+0000] {processor.py:186} INFO - Started process (PID=1298) to work on /home/airflow/.local/lib/python3.12/site-packages/airflow/example_dags/example_subdag_operator.py
[2025-01-07T11:57:42.136+0000] {processor.py:914} INFO - Processing file /home/airflow/.local/lib/python3.12/site-packages/airflow/example_dags/example_subdag_operator.py for tasks to queue
[2025-01-07T11:57:42.141+0000] {logging_mixin.py:190} INFO - [2025-01-07T11:57:42.141+0000] {dagbag.py:588} INFO - Filling up the DagBag from /home/airflow/.local/lib/python3.12/site-packages/airflow/example_dags/example_subdag_operator.py
[2025-01-07T11:57:42.204+0000] {processor.py:925} INFO - DAG(s) 'example_subdag_operator.section-1', 'example_subdag_operator.section-2', 'example_subdag_operator' retrieved from /home/airflow/.local/lib/python3.12/site-packages/airflow/example_dags/example_subdag_operator.py
[2025-01-07T11:57:42.245+0000] {logging_mixin.py:190} INFO - [2025-01-07T11:57:42.245+0000] {dag.py:3239} INFO - Sync 3 DAGs
[2025-01-07T11:57:42.308+0000] {logging_mixin.py:190} INFO - [2025-01-07T11:57:42.307+0000] {dag.py:4180} INFO - Setting next_dagrun for example_subdag_operator to 2022-01-01 00:00:00+00:00, run_after=2022-01-01 00:00:00+00:00
[2025-01-07T11:57:42.324+0000] {logging_mixin.py:190} INFO - [2025-01-07T11:57:42.324+0000] {dag.py:4180} INFO - Setting next_dagrun for example_subdag_operator.section-1 to None, run_after=None
[2025-01-07T11:57:42.328+0000] {logging_mixin.py:190} INFO - [2025-01-07T11:57:42.328+0000] {dag.py:4180} INFO - Setting next_dagrun for example_subdag_operator.section-2 to None, run_after=None
[2025-01-07T11:57:42.354+0000] {logging_mixin.py:190} INFO - [2025-01-07T11:57:42.353+0000] {dag.py:3239} INFO - Sync 2 DAGs
[2025-01-07T11:57:42.387+0000] {logging_mixin.py:190} INFO - [2025-01-07T11:57:42.386+0000] {dag.py:4180} INFO - Setting next_dagrun for example_subdag_operator.section-1 to None, run_after=None
[2025-01-07T11:57:42.390+0000] {logging_mixin.py:190} INFO - [2025-01-07T11:57:42.389+0000] {dag.py:4180} INFO - Setting next_dagrun for example_subdag_operator.section-2 to None, run_after=None
[2025-01-07T11:57:42.421+0000] {processor.py:208} INFO - Processing /home/airflow/.local/lib/python3.12/site-packages/airflow/example_dags/example_subdag_operator.py took 0.304 seconds
[2025-01-07T11:58:12.690+0000] {processor.py:186} INFO - Started process (PID=1361) to work on /home/airflow/.local/lib/python3.12/site-packages/airflow/example_dags/example_subdag_operator.py
[2025-01-07T11:58:12.691+0000] {processor.py:914} INFO - Processing file /home/airflow/.local/lib/python3.12/site-packages/airflow/example_dags/example_subdag_operator.py for tasks to queue
[2025-01-07T11:58:12.695+0000] {logging_mixin.py:190} INFO - [2025-01-07T11:58:12.695+0000] {dagbag.py:588} INFO - Filling up the DagBag from /home/airflow/.local/lib/python3.12/site-packages/airflow/example_dags/example_subdag_operator.py
[2025-01-07T11:58:12.722+0000] {processor.py:925} INFO - DAG(s) 'example_subdag_operator.section-1', 'example_subdag_operator.section-2', 'example_subdag_operator' retrieved from /home/airflow/.local/lib/python3.12/site-packages/airflow/example_dags/example_subdag_operator.py
[2025-01-07T11:58:12.737+0000] {logging_mixin.py:190} INFO - [2025-01-07T11:58:12.737+0000] {dag.py:3239} INFO - Sync 3 DAGs
[2025-01-07T11:58:12.760+0000] {logging_mixin.py:190} INFO - [2025-01-07T11:58:12.760+0000] {dag.py:4180} INFO - Setting next_dagrun for example_subdag_operator to 2022-01-01 00:00:00+00:00, run_after=2022-01-01 00:00:00+00:00
[2025-01-07T11:58:12.763+0000] {logging_mixin.py:190} INFO - [2025-01-07T11:58:12.763+0000] {dag.py:4180} INFO - Setting next_dagrun for example_subdag_operator.section-1 to None, run_after=None
[2025-01-07T11:58:12.765+0000] {logging_mixin.py:190} INFO - [2025-01-07T11:58:12.765+0000] {dag.py:4180} INFO - Setting next_dagrun for example_subdag_operator.section-2 to None, run_after=None
[2025-01-07T11:58:12.772+0000] {logging_mixin.py:190} INFO - [2025-01-07T11:58:12.772+0000] {dag.py:3239} INFO - Sync 2 DAGs
[2025-01-07T11:58:12.778+0000] {logging_mixin.py:190} INFO - [2025-01-07T11:58:12.778+0000] {dag.py:4180} INFO - Setting next_dagrun for example_subdag_operator.section-1 to None, run_after=None
[2025-01-07T11:58:12.778+0000] {logging_mixin.py:190} INFO - [2025-01-07T11:58:12.778+0000] {dag.py:4180} INFO - Setting next_dagrun for example_subdag_operator.section-2 to None, run_after=None
[2025-01-07T11:58:12.794+0000] {processor.py:208} INFO - Processing /home/airflow/.local/lib/python3.12/site-packages/airflow/example_dags/example_subdag_operator.py took 0.112 seconds
[2025-01-07T11:58:42.963+0000] {processor.py:186} INFO - Started process (PID=1424) to work on /home/airflow/.local/lib/python3.12/site-packages/airflow/example_dags/example_subdag_operator.py
[2025-01-07T11:58:42.964+0000] {processor.py:914} INFO - Processing file /home/airflow/.local/lib/python3.12/site-packages/airflow/example_dags/example_subdag_operator.py for tasks to queue
[2025-01-07T11:58:42.967+0000] {logging_mixin.py:190} INFO - [2025-01-07T11:58:42.967+0000] {dagbag.py:588} INFO - Filling up the DagBag from /home/airflow/.local/lib/python3.12/site-packages/airflow/example_dags/example_subdag_operator.py
[2025-01-07T11:58:42.993+0000] {processor.py:925} INFO - DAG(s) 'example_subdag_operator.section-1', 'example_subdag_operator.section-2', 'example_subdag_operator' retrieved from /home/airflow/.local/lib/python3.12/site-packages/airflow/example_dags/example_subdag_operator.py
[2025-01-07T11:58:43.008+0000] {logging_mixin.py:190} INFO - [2025-01-07T11:58:43.008+0000] {dag.py:3239} INFO - Sync 3 DAGs
[2025-01-07T11:58:43.030+0000] {logging_mixin.py:190} INFO - [2025-01-07T11:58:43.030+0000] {dag.py:4180} INFO - Setting next_dagrun for example_subdag_operator to 2022-01-01 00:00:00+00:00, run_after=2022-01-01 00:00:00+00:00
[2025-01-07T11:58:43.035+0000] {logging_mixin.py:190} INFO - [2025-01-07T11:58:43.035+0000] {dag.py:4180} INFO - Setting next_dagrun for example_subdag_operator.section-1 to None, run_after=None
[2025-01-07T11:58:43.037+0000] {logging_mixin.py:190} INFO - [2025-01-07T11:58:43.037+0000] {dag.py:4180} INFO - Setting next_dagrun for example_subdag_operator.section-2 to None, run_after=None
[2025-01-07T11:58:43.044+0000] {logging_mixin.py:190} INFO - [2025-01-07T11:58:43.044+0000] {dag.py:3239} INFO - Sync 2 DAGs
[2025-01-07T11:58:43.051+0000] {logging_mixin.py:190} INFO - [2025-01-07T11:58:43.050+0000] {dag.py:4180} INFO - Setting next_dagrun for example_subdag_operator.section-1 to None, run_after=None
[2025-01-07T11:58:43.051+0000] {logging_mixin.py:190} INFO - [2025-01-07T11:58:43.051+0000] {dag.py:4180} INFO - Setting next_dagrun for example_subdag_operator.section-2 to None, run_after=None
[2025-01-07T11:58:43.062+0000] {processor.py:208} INFO - Processing /home/airflow/.local/lib/python3.12/site-packages/airflow/example_dags/example_subdag_operator.py took 0.105 seconds
[2025-01-07T11:59:13.218+0000] {processor.py:186} INFO - Started process (PID=1487) to work on /home/airflow/.local/lib/python3.12/site-packages/airflow/example_dags/example_subdag_operator.py
[2025-01-07T11:59:13.220+0000] {processor.py:914} INFO - Processing file /home/airflow/.local/lib/python3.12/site-packages/airflow/example_dags/example_subdag_operator.py for tasks to queue
[2025-01-07T11:59:13.222+0000] {logging_mixin.py:190} INFO - [2025-01-07T11:59:13.222+0000] {dagbag.py:588} INFO - Filling up the DagBag from /home/airflow/.local/lib/python3.12/site-packages/airflow/example_dags/example_subdag_operator.py
[2025-01-07T11:59:13.247+0000] {processor.py:925} INFO - DAG(s) 'example_subdag_operator.section-1', 'example_subdag_operator.section-2', 'example_subdag_operator' retrieved from /home/airflow/.local/lib/python3.12/site-packages/airflow/example_dags/example_subdag_operator.py
[2025-01-07T11:59:13.262+0000] {logging_mixin.py:190} INFO - [2025-01-07T11:59:13.262+0000] {dag.py:3239} INFO - Sync 3 DAGs
[2025-01-07T11:59:13.283+0000] {logging_mixin.py:190} INFO - [2025-01-07T11:59:13.283+0000] {dag.py:4180} INFO - Setting next_dagrun for example_subdag_operator to 2022-01-01 00:00:00+00:00, run_after=2022-01-01 00:00:00+00:00
[2025-01-07T11:59:13.287+0000] {logging_mixin.py:190} INFO - [2025-01-07T11:59:13.286+0000] {dag.py:4180} INFO - Setting next_dagrun for example_subdag_operator.section-1 to None, run_after=None
[2025-01-07T11:59:13.289+0000] {logging_mixin.py:190} INFO - [2025-01-07T11:59:13.288+0000] {dag.py:4180} INFO - Setting next_dagrun for example_subdag_operator.section-2 to None, run_after=None
[2025-01-07T11:59:13.295+0000] {logging_mixin.py:190} INFO - [2025-01-07T11:59:13.295+0000] {dag.py:3239} INFO - Sync 2 DAGs
[2025-01-07T11:59:13.300+0000] {logging_mixin.py:190} INFO - [2025-01-07T11:59:13.300+0000] {dag.py:4180} INFO - Setting next_dagrun for example_subdag_operator.section-1 to None, run_after=None
[2025-01-07T11:59:13.301+0000] {logging_mixin.py:190} INFO - [2025-01-07T11:59:13.301+0000] {dag.py:4180} INFO - Setting next_dagrun for example_subdag_operator.section-2 to None, run_after=None
[2025-01-07T11:59:13.312+0000] {processor.py:208} INFO - Processing /home/airflow/.local/lib/python3.12/site-packages/airflow/example_dags/example_subdag_operator.py took 0.099 seconds
[2025-01-07T11:59:44.106+0000] {processor.py:186} INFO - Started process (PID=1551) to work on /home/airflow/.local/lib/python3.12/site-packages/airflow/example_dags/example_subdag_operator.py
[2025-01-07T11:59:44.107+0000] {processor.py:914} INFO - Processing file /home/airflow/.local/lib/python3.12/site-packages/airflow/example_dags/example_subdag_operator.py for tasks to queue
[2025-01-07T11:59:44.109+0000] {logging_mixin.py:190} INFO - [2025-01-07T11:59:44.109+0000] {dagbag.py:588} INFO - Filling up the DagBag from /home/airflow/.local/lib/python3.12/site-packages/airflow/example_dags/example_subdag_operator.py
[2025-01-07T11:59:44.133+0000] {processor.py:925} INFO - DAG(s) 'example_subdag_operator.section-1', 'example_subdag_operator.section-2', 'example_subdag_operator' retrieved from /home/airflow/.local/lib/python3.12/site-packages/airflow/example_dags/example_subdag_operator.py
[2025-01-07T11:59:44.149+0000] {logging_mixin.py:190} INFO - [2025-01-07T11:59:44.149+0000] {dag.py:3239} INFO - Sync 3 DAGs
[2025-01-07T11:59:44.171+0000] {logging_mixin.py:190} INFO - [2025-01-07T11:59:44.171+0000] {dag.py:4180} INFO - Setting next_dagrun for example_subdag_operator to 2022-01-01 00:00:00+00:00, run_after=2022-01-01 00:00:00+00:00
[2025-01-07T11:59:44.176+0000] {logging_mixin.py:190} INFO - [2025-01-07T11:59:44.176+0000] {dag.py:4180} INFO - Setting next_dagrun for example_subdag_operator.section-1 to None, run_after=None
[2025-01-07T11:59:44.179+0000] {logging_mixin.py:190} INFO - [2025-01-07T11:59:44.178+0000] {dag.py:4180} INFO - Setting next_dagrun for example_subdag_operator.section-2 to None, run_after=None
[2025-01-07T11:59:44.187+0000] {logging_mixin.py:190} INFO - [2025-01-07T11:59:44.187+0000] {dag.py:3239} INFO - Sync 2 DAGs
[2025-01-07T11:59:44.193+0000] {logging_mixin.py:190} INFO - [2025-01-07T11:59:44.192+0000] {dag.py:4180} INFO - Setting next_dagrun for example_subdag_operator.section-1 to None, run_after=None
[2025-01-07T11:59:44.194+0000] {logging_mixin.py:190} INFO - [2025-01-07T11:59:44.193+0000] {dag.py:4180} INFO - Setting next_dagrun for example_subdag_operator.section-2 to None, run_after=None
[2025-01-07T11:59:44.207+0000] {processor.py:208} INFO - Processing /home/airflow/.local/lib/python3.12/site-packages/airflow/example_dags/example_subdag_operator.py took 0.107 seconds
[2025-01-07T12:00:14.597+0000] {processor.py:186} INFO - Started process (PID=1614) to work on /home/airflow/.local/lib/python3.12/site-packages/airflow/example_dags/example_subdag_operator.py
[2025-01-07T12:00:14.598+0000] {processor.py:914} INFO - Processing file /home/airflow/.local/lib/python3.12/site-packages/airflow/example_dags/example_subdag_operator.py for tasks to queue
[2025-01-07T12:00:14.600+0000] {logging_mixin.py:190} INFO - [2025-01-07T12:00:14.600+0000] {dagbag.py:588} INFO - Filling up the DagBag from /home/airflow/.local/lib/python3.12/site-packages/airflow/example_dags/example_subdag_operator.py
[2025-01-07T12:00:14.627+0000] {processor.py:925} INFO - DAG(s) 'example_subdag_operator.section-1', 'example_subdag_operator.section-2', 'example_subdag_operator' retrieved from /home/airflow/.local/lib/python3.12/site-packages/airflow/example_dags/example_subdag_operator.py
[2025-01-07T12:00:14.642+0000] {logging_mixin.py:190} INFO - [2025-01-07T12:00:14.641+0000] {dag.py:3239} INFO - Sync 3 DAGs
[2025-01-07T12:00:14.662+0000] {logging_mixin.py:190} INFO - [2025-01-07T12:00:14.661+0000] {dag.py:4180} INFO - Setting next_dagrun for example_subdag_operator to 2022-01-01 00:00:00+00:00, run_after=2022-01-01 00:00:00+00:00
[2025-01-07T12:00:14.665+0000] {logging_mixin.py:190} INFO - [2025-01-07T12:00:14.665+0000] {dag.py:4180} INFO - Setting next_dagrun for example_subdag_operator.section-1 to None, run_after=None
[2025-01-07T12:00:14.666+0000] {logging_mixin.py:190} INFO - [2025-01-07T12:00:14.666+0000] {dag.py:4180} INFO - Setting next_dagrun for example_subdag_operator.section-2 to None, run_after=None
[2025-01-07T12:00:14.673+0000] {logging_mixin.py:190} INFO - [2025-01-07T12:00:14.673+0000] {dag.py:3239} INFO - Sync 2 DAGs
[2025-01-07T12:00:14.678+0000] {logging_mixin.py:190} INFO - [2025-01-07T12:00:14.678+0000] {dag.py:4180} INFO - Setting next_dagrun for example_subdag_operator.section-1 to None, run_after=None
[2025-01-07T12:00:14.678+0000] {logging_mixin.py:190} INFO - [2025-01-07T12:00:14.678+0000] {dag.py:4180} INFO - Setting next_dagrun for example_subdag_operator.section-2 to None, run_after=None
[2025-01-07T12:00:14.688+0000] {processor.py:208} INFO - Processing /home/airflow/.local/lib/python3.12/site-packages/airflow/example_dags/example_subdag_operator.py took 0.097 seconds
[2025-01-07T12:00:44.897+0000] {processor.py:186} INFO - Started process (PID=1677) to work on /home/airflow/.local/lib/python3.12/site-packages/airflow/example_dags/example_subdag_operator.py
[2025-01-07T12:00:44.898+0000] {processor.py:914} INFO - Processing file /home/airflow/.local/lib/python3.12/site-packages/airflow/example_dags/example_subdag_operator.py for tasks to queue
[2025-01-07T12:00:44.902+0000] {logging_mixin.py:190} INFO - [2025-01-07T12:00:44.901+0000] {dagbag.py:588} INFO - Filling up the DagBag from /home/airflow/.local/lib/python3.12/site-packages/airflow/example_dags/example_subdag_operator.py
[2025-01-07T12:00:44.930+0000] {processor.py:925} INFO - DAG(s) 'example_subdag_operator.section-1', 'example_subdag_operator.section-2', 'example_subdag_operator' retrieved from /home/airflow/.local/lib/python3.12/site-packages/airflow/example_dags/example_subdag_operator.py
[2025-01-07T12:00:44.946+0000] {logging_mixin.py:190} INFO - [2025-01-07T12:00:44.945+0000] {dag.py:3239} INFO - Sync 3 DAGs
[2025-01-07T12:00:44.970+0000] {logging_mixin.py:190} INFO - [2025-01-07T12:00:44.970+0000] {dag.py:4180} INFO - Setting next_dagrun for example_subdag_operator to 2022-01-01 00:00:00+00:00, run_after=2022-01-01 00:00:00+00:00
[2025-01-07T12:00:44.976+0000] {logging_mixin.py:190} INFO - [2025-01-07T12:00:44.975+0000] {dag.py:4180} INFO - Setting next_dagrun for example_subdag_operator.section-1 to None, run_after=None
[2025-01-07T12:00:44.978+0000] {logging_mixin.py:190} INFO - [2025-01-07T12:00:44.977+0000] {dag.py:4180} INFO - Setting next_dagrun for example_subdag_operator.section-2 to None, run_after=None
[2025-01-07T12:00:44.986+0000] {logging_mixin.py:190} INFO - [2025-01-07T12:00:44.985+0000] {dag.py:3239} INFO - Sync 2 DAGs
[2025-01-07T12:00:44.992+0000] {logging_mixin.py:190} INFO - [2025-01-07T12:00:44.992+0000] {dag.py:4180} INFO - Setting next_dagrun for example_subdag_operator.section-1 to None, run_after=None
[2025-01-07T12:00:44.993+0000] {logging_mixin.py:190} INFO - [2025-01-07T12:00:44.993+0000] {dag.py:4180} INFO - Setting next_dagrun for example_subdag_operator.section-2 to None, run_after=None
[2025-01-07T12:00:45.008+0000] {processor.py:208} INFO - Processing /home/airflow/.local/lib/python3.12/site-packages/airflow/example_dags/example_subdag_operator.py took 0.118 seconds
[2025-01-07T12:01:15.945+0000] {processor.py:186} INFO - Started process (PID=1740) to work on /home/airflow/.local/lib/python3.12/site-packages/airflow/example_dags/example_subdag_operator.py
[2025-01-07T12:01:15.946+0000] {processor.py:914} INFO - Processing file /home/airflow/.local/lib/python3.12/site-packages/airflow/example_dags/example_subdag_operator.py for tasks to queue
[2025-01-07T12:01:15.949+0000] {logging_mixin.py:190} INFO - [2025-01-07T12:01:15.949+0000] {dagbag.py:588} INFO - Filling up the DagBag from /home/airflow/.local/lib/python3.12/site-packages/airflow/example_dags/example_subdag_operator.py
[2025-01-07T12:01:15.973+0000] {processor.py:925} INFO - DAG(s) 'example_subdag_operator.section-1', 'example_subdag_operator.section-2', 'example_subdag_operator' retrieved from /home/airflow/.local/lib/python3.12/site-packages/airflow/example_dags/example_subdag_operator.py
[2025-01-07T12:01:15.987+0000] {logging_mixin.py:190} INFO - [2025-01-07T12:01:15.987+0000] {dag.py:3239} INFO - Sync 3 DAGs
[2025-01-07T12:01:16.008+0000] {logging_mixin.py:190} INFO - [2025-01-07T12:01:16.008+0000] {dag.py:4180} INFO - Setting next_dagrun for example_subdag_operator to 2022-01-01 00:00:00+00:00, run_after=2022-01-01 00:00:00+00:00
[2025-01-07T12:01:16.012+0000] {logging_mixin.py:190} INFO - [2025-01-07T12:01:16.012+0000] {dag.py:4180} INFO - Setting next_dagrun for example_subdag_operator.section-1 to None, run_after=None
[2025-01-07T12:01:16.013+0000] {logging_mixin.py:190} INFO - [2025-01-07T12:01:16.013+0000] {dag.py:4180} INFO - Setting next_dagrun for example_subdag_operator.section-2 to None, run_after=None
[2025-01-07T12:01:16.021+0000] {logging_mixin.py:190} INFO - [2025-01-07T12:01:16.020+0000] {dag.py:3239} INFO - Sync 2 DAGs
[2025-01-07T12:01:16.027+0000] {logging_mixin.py:190} INFO - [2025-01-07T12:01:16.027+0000] {dag.py:4180} INFO - Setting next_dagrun for example_subdag_operator.section-1 to None, run_after=None
[2025-01-07T12:01:16.028+0000] {logging_mixin.py:190} INFO - [2025-01-07T12:01:16.028+0000] {dag.py:4180} INFO - Setting next_dagrun for example_subdag_operator.section-2 to None, run_after=None
[2025-01-07T12:01:16.040+0000] {processor.py:208} INFO - Processing /home/airflow/.local/lib/python3.12/site-packages/airflow/example_dags/example_subdag_operator.py took 0.101 seconds
[2025-01-07T12:01:46.148+0000] {processor.py:186} INFO - Started process (PID=1803) to work on /home/airflow/.local/lib/python3.12/site-packages/airflow/example_dags/example_subdag_operator.py
[2025-01-07T12:01:46.149+0000] {processor.py:914} INFO - Processing file /home/airflow/.local/lib/python3.12/site-packages/airflow/example_dags/example_subdag_operator.py for tasks to queue
[2025-01-07T12:01:46.152+0000] {logging_mixin.py:190} INFO - [2025-01-07T12:01:46.151+0000] {dagbag.py:588} INFO - Filling up the DagBag from /home/airflow/.local/lib/python3.12/site-packages/airflow/example_dags/example_subdag_operator.py
[2025-01-07T12:01:46.177+0000] {processor.py:925} INFO - DAG(s) 'example_subdag_operator.section-1', 'example_subdag_operator.section-2', 'example_subdag_operator' retrieved from /home/airflow/.local/lib/python3.12/site-packages/airflow/example_dags/example_subdag_operator.py
[2025-01-07T12:01:46.192+0000] {logging_mixin.py:190} INFO - [2025-01-07T12:01:46.192+0000] {dag.py:3239} INFO - Sync 3 DAGs
[2025-01-07T12:01:46.218+0000] {logging_mixin.py:190} INFO - [2025-01-07T12:01:46.218+0000] {dag.py:4180} INFO - Setting next_dagrun for example_subdag_operator to 2022-01-01 00:00:00+00:00, run_after=2022-01-01 00:00:00+00:00
[2025-01-07T12:01:46.223+0000] {logging_mixin.py:190} INFO - [2025-01-07T12:01:46.222+0000] {dag.py:4180} INFO - Setting next_dagrun for example_subdag_operator.section-1 to None, run_after=None
[2025-01-07T12:01:46.225+0000] {logging_mixin.py:190} INFO - [2025-01-07T12:01:46.225+0000] {dag.py:4180} INFO - Setting next_dagrun for example_subdag_operator.section-2 to None, run_after=None
[2025-01-07T12:01:46.233+0000] {logging_mixin.py:190} INFO - [2025-01-07T12:01:46.233+0000] {dag.py:3239} INFO - Sync 2 DAGs
[2025-01-07T12:01:46.240+0000] {logging_mixin.py:190} INFO - [2025-01-07T12:01:46.240+0000] {dag.py:4180} INFO - Setting next_dagrun for example_subdag_operator.section-1 to None, run_after=None
[2025-01-07T12:01:46.241+0000] {logging_mixin.py:190} INFO - [2025-01-07T12:01:46.241+0000] {dag.py:4180} INFO - Setting next_dagrun for example_subdag_operator.section-2 to None, run_after=None
[2025-01-07T12:01:46.258+0000] {processor.py:208} INFO - Processing /home/airflow/.local/lib/python3.12/site-packages/airflow/example_dags/example_subdag_operator.py took 0.116 seconds
[2025-01-07T12:02:17.570+0000] {processor.py:186} INFO - Started process (PID=1866) to work on /home/airflow/.local/lib/python3.12/site-packages/airflow/example_dags/example_subdag_operator.py
[2025-01-07T12:02:17.575+0000] {processor.py:914} INFO - Processing file /home/airflow/.local/lib/python3.12/site-packages/airflow/example_dags/example_subdag_operator.py for tasks to queue
[2025-01-07T12:02:17.580+0000] {logging_mixin.py:190} INFO - [2025-01-07T12:02:17.580+0000] {dagbag.py:588} INFO - Filling up the DagBag from /home/airflow/.local/lib/python3.12/site-packages/airflow/example_dags/example_subdag_operator.py
[2025-01-07T12:02:17.613+0000] {processor.py:925} INFO - DAG(s) 'example_subdag_operator.section-1', 'example_subdag_operator.section-2', 'example_subdag_operator' retrieved from /home/airflow/.local/lib/python3.12/site-packages/airflow/example_dags/example_subdag_operator.py
[2025-01-07T12:02:17.642+0000] {logging_mixin.py:190} INFO - [2025-01-07T12:02:17.642+0000] {dag.py:3239} INFO - Sync 3 DAGs
[2025-01-07T12:02:17.678+0000] {logging_mixin.py:190} INFO - [2025-01-07T12:02:17.677+0000] {dag.py:4180} INFO - Setting next_dagrun for example_subdag_operator to 2022-01-01 00:00:00+00:00, run_after=2022-01-01 00:00:00+00:00
[2025-01-07T12:02:17.683+0000] {logging_mixin.py:190} INFO - [2025-01-07T12:02:17.683+0000] {dag.py:4180} INFO - Setting next_dagrun for example_subdag_operator.section-1 to None, run_after=None
[2025-01-07T12:02:17.685+0000] {logging_mixin.py:190} INFO - [2025-01-07T12:02:17.685+0000] {dag.py:4180} INFO - Setting next_dagrun for example_subdag_operator.section-2 to None, run_after=None
[2025-01-07T12:02:17.695+0000] {logging_mixin.py:190} INFO - [2025-01-07T12:02:17.694+0000] {dag.py:3239} INFO - Sync 2 DAGs
[2025-01-07T12:02:17.701+0000] {logging_mixin.py:190} INFO - [2025-01-07T12:02:17.701+0000] {dag.py:4180} INFO - Setting next_dagrun for example_subdag_operator.section-1 to None, run_after=None
[2025-01-07T12:02:17.702+0000] {logging_mixin.py:190} INFO - [2025-01-07T12:02:17.701+0000] {dag.py:4180} INFO - Setting next_dagrun for example_subdag_operator.section-2 to None, run_after=None
[2025-01-07T12:02:17.728+0000] {processor.py:208} INFO - Processing /home/airflow/.local/lib/python3.12/site-packages/airflow/example_dags/example_subdag_operator.py took 0.165 seconds
[2025-01-07T12:02:48.255+0000] {processor.py:186} INFO - Started process (PID=1935) to work on /home/airflow/.local/lib/python3.12/site-packages/airflow/example_dags/example_subdag_operator.py
[2025-01-07T12:02:48.257+0000] {processor.py:914} INFO - Processing file /home/airflow/.local/lib/python3.12/site-packages/airflow/example_dags/example_subdag_operator.py for tasks to queue
[2025-01-07T12:02:48.260+0000] {logging_mixin.py:190} INFO - [2025-01-07T12:02:48.259+0000] {dagbag.py:588} INFO - Filling up the DagBag from /home/airflow/.local/lib/python3.12/site-packages/airflow/example_dags/example_subdag_operator.py
[2025-01-07T12:02:48.288+0000] {processor.py:925} INFO - DAG(s) 'example_subdag_operator.section-1', 'example_subdag_operator.section-2', 'example_subdag_operator' retrieved from /home/airflow/.local/lib/python3.12/site-packages/airflow/example_dags/example_subdag_operator.py
[2025-01-07T12:02:48.306+0000] {logging_mixin.py:190} INFO - [2025-01-07T12:02:48.305+0000] {dag.py:3239} INFO - Sync 3 DAGs
[2025-01-07T12:02:48.334+0000] {logging_mixin.py:190} INFO - [2025-01-07T12:02:48.334+0000] {dag.py:4180} INFO - Setting next_dagrun for example_subdag_operator to 2022-01-01 00:00:00+00:00, run_after=2022-01-01 00:00:00+00:00
[2025-01-07T12:02:48.339+0000] {logging_mixin.py:190} INFO - [2025-01-07T12:02:48.339+0000] {dag.py:4180} INFO - Setting next_dagrun for example_subdag_operator.section-1 to None, run_after=None
[2025-01-07T12:02:48.341+0000] {logging_mixin.py:190} INFO - [2025-01-07T12:02:48.340+0000] {dag.py:4180} INFO - Setting next_dagrun for example_subdag_operator.section-2 to None, run_after=None
[2025-01-07T12:02:48.353+0000] {logging_mixin.py:190} INFO - [2025-01-07T12:02:48.353+0000] {dag.py:3239} INFO - Sync 2 DAGs
[2025-01-07T12:02:48.361+0000] {logging_mixin.py:190} INFO - [2025-01-07T12:02:48.361+0000] {dag.py:4180} INFO - Setting next_dagrun for example_subdag_operator.section-1 to None, run_after=None
[2025-01-07T12:02:48.362+0000] {logging_mixin.py:190} INFO - [2025-01-07T12:02:48.362+0000] {dag.py:4180} INFO - Setting next_dagrun for example_subdag_operator.section-2 to None, run_after=None
[2025-01-07T12:02:48.377+0000] {processor.py:208} INFO - Processing /home/airflow/.local/lib/python3.12/site-packages/airflow/example_dags/example_subdag_operator.py took 0.128 seconds
[2025-01-07T12:03:19.336+0000] {processor.py:186} INFO - Started process (PID=1998) to work on /home/airflow/.local/lib/python3.12/site-packages/airflow/example_dags/example_subdag_operator.py
[2025-01-07T12:03:19.337+0000] {processor.py:914} INFO - Processing file /home/airflow/.local/lib/python3.12/site-packages/airflow/example_dags/example_subdag_operator.py for tasks to queue
[2025-01-07T12:03:19.339+0000] {logging_mixin.py:190} INFO - [2025-01-07T12:03:19.339+0000] {dagbag.py:588} INFO - Filling up the DagBag from /home/airflow/.local/lib/python3.12/site-packages/airflow/example_dags/example_subdag_operator.py
[2025-01-07T12:03:19.367+0000] {processor.py:925} INFO - DAG(s) 'example_subdag_operator.section-1', 'example_subdag_operator.section-2', 'example_subdag_operator' retrieved from /home/airflow/.local/lib/python3.12/site-packages/airflow/example_dags/example_subdag_operator.py
[2025-01-07T12:03:19.384+0000] {logging_mixin.py:190} INFO - [2025-01-07T12:03:19.383+0000] {dag.py:3239} INFO - Sync 3 DAGs
[2025-01-07T12:03:19.409+0000] {logging_mixin.py:190} INFO - [2025-01-07T12:03:19.409+0000] {dag.py:4180} INFO - Setting next_dagrun for example_subdag_operator to 2022-01-01 00:00:00+00:00, run_after=2022-01-01 00:00:00+00:00
[2025-01-07T12:03:19.413+0000] {logging_mixin.py:190} INFO - [2025-01-07T12:03:19.413+0000] {dag.py:4180} INFO - Setting next_dagrun for example_subdag_operator.section-1 to None, run_after=None
[2025-01-07T12:03:19.415+0000] {logging_mixin.py:190} INFO - [2025-01-07T12:03:19.415+0000] {dag.py:4180} INFO - Setting next_dagrun for example_subdag_operator.section-2 to None, run_after=None
[2025-01-07T12:03:19.422+0000] {logging_mixin.py:190} INFO - [2025-01-07T12:03:19.422+0000] {dag.py:3239} INFO - Sync 2 DAGs
[2025-01-07T12:03:19.428+0000] {logging_mixin.py:190} INFO - [2025-01-07T12:03:19.428+0000] {dag.py:4180} INFO - Setting next_dagrun for example_subdag_operator.section-1 to None, run_after=None
[2025-01-07T12:03:19.429+0000] {logging_mixin.py:190} INFO - [2025-01-07T12:03:19.429+0000] {dag.py:4180} INFO - Setting next_dagrun for example_subdag_operator.section-2 to None, run_after=None
[2025-01-07T12:03:19.440+0000] {processor.py:208} INFO - Processing /home/airflow/.local/lib/python3.12/site-packages/airflow/example_dags/example_subdag_operator.py took 0.110 seconds
[2025-01-07T12:03:49.969+0000] {processor.py:186} INFO - Started process (PID=2061) to work on /home/airflow/.local/lib/python3.12/site-packages/airflow/example_dags/example_subdag_operator.py
[2025-01-07T12:03:49.970+0000] {processor.py:914} INFO - Processing file /home/airflow/.local/lib/python3.12/site-packages/airflow/example_dags/example_subdag_operator.py for tasks to queue
[2025-01-07T12:03:49.973+0000] {logging_mixin.py:190} INFO - [2025-01-07T12:03:49.972+0000] {dagbag.py:588} INFO - Filling up the DagBag from /home/airflow/.local/lib/python3.12/site-packages/airflow/example_dags/example_subdag_operator.py
[2025-01-07T12:03:50.005+0000] {processor.py:925} INFO - DAG(s) 'example_subdag_operator.section-1', 'example_subdag_operator.section-2', 'example_subdag_operator' retrieved from /home/airflow/.local/lib/python3.12/site-packages/airflow/example_dags/example_subdag_operator.py
[2025-01-07T12:03:50.020+0000] {logging_mixin.py:190} INFO - [2025-01-07T12:03:50.020+0000] {dag.py:3239} INFO - Sync 3 DAGs
[2025-01-07T12:03:50.045+0000] {logging_mixin.py:190} INFO - [2025-01-07T12:03:50.045+0000] {dag.py:4180} INFO - Setting next_dagrun for example_subdag_operator to 2022-01-01 00:00:00+00:00, run_after=2022-01-01 00:00:00+00:00
[2025-01-07T12:03:50.049+0000] {logging_mixin.py:190} INFO - [2025-01-07T12:03:50.049+0000] {dag.py:4180} INFO - Setting next_dagrun for example_subdag_operator.section-1 to None, run_after=None
[2025-01-07T12:03:50.051+0000] {logging_mixin.py:190} INFO - [2025-01-07T12:03:50.051+0000] {dag.py:4180} INFO - Setting next_dagrun for example_subdag_operator.section-2 to None, run_after=None
[2025-01-07T12:03:50.059+0000] {logging_mixin.py:190} INFO - [2025-01-07T12:03:50.059+0000] {dag.py:3239} INFO - Sync 2 DAGs
[2025-01-07T12:03:50.065+0000] {logging_mixin.py:190} INFO - [2025-01-07T12:03:50.065+0000] {dag.py:4180} INFO - Setting next_dagrun for example_subdag_operator.section-1 to None, run_after=None
[2025-01-07T12:03:50.066+0000] {logging_mixin.py:190} INFO - [2025-01-07T12:03:50.066+0000] {dag.py:4180} INFO - Setting next_dagrun for example_subdag_operator.section-2 to None, run_after=None
[2025-01-07T12:03:50.076+0000] {processor.py:208} INFO - Processing /home/airflow/.local/lib/python3.12/site-packages/airflow/example_dags/example_subdag_operator.py took 0.114 seconds
[2025-01-07T12:04:21.219+0000] {processor.py:186} INFO - Started process (PID=2124) to work on /home/airflow/.local/lib/python3.12/site-packages/airflow/example_dags/example_subdag_operator.py
[2025-01-07T12:04:21.220+0000] {processor.py:914} INFO - Processing file /home/airflow/.local/lib/python3.12/site-packages/airflow/example_dags/example_subdag_operator.py for tasks to queue
[2025-01-07T12:04:21.224+0000] {logging_mixin.py:190} INFO - [2025-01-07T12:04:21.223+0000] {dagbag.py:588} INFO - Filling up the DagBag from /home/airflow/.local/lib/python3.12/site-packages/airflow/example_dags/example_subdag_operator.py
[2025-01-07T12:04:21.254+0000] {processor.py:925} INFO - DAG(s) 'example_subdag_operator.section-1', 'example_subdag_operator.section-2', 'example_subdag_operator' retrieved from /home/airflow/.local/lib/python3.12/site-packages/airflow/example_dags/example_subdag_operator.py
[2025-01-07T12:04:21.270+0000] {logging_mixin.py:190} INFO - [2025-01-07T12:04:21.269+0000] {dag.py:3239} INFO - Sync 3 DAGs
[2025-01-07T12:04:21.301+0000] {logging_mixin.py:190} INFO - [2025-01-07T12:04:21.301+0000] {dag.py:4180} INFO - Setting next_dagrun for example_subdag_operator to 2022-01-01 00:00:00+00:00, run_after=2022-01-01 00:00:00+00:00
[2025-01-07T12:04:21.305+0000] {logging_mixin.py:190} INFO - [2025-01-07T12:04:21.305+0000] {dag.py:4180} INFO - Setting next_dagrun for example_subdag_operator.section-1 to None, run_after=None
[2025-01-07T12:04:21.307+0000] {logging_mixin.py:190} INFO - [2025-01-07T12:04:21.307+0000] {dag.py:4180} INFO - Setting next_dagrun for example_subdag_operator.section-2 to None, run_after=None
[2025-01-07T12:04:21.315+0000] {logging_mixin.py:190} INFO - [2025-01-07T12:04:21.315+0000] {dag.py:3239} INFO - Sync 2 DAGs
[2025-01-07T12:04:21.322+0000] {logging_mixin.py:190} INFO - [2025-01-07T12:04:21.322+0000] {dag.py:4180} INFO - Setting next_dagrun for example_subdag_operator.section-1 to None, run_after=None
[2025-01-07T12:04:21.323+0000] {logging_mixin.py:190} INFO - [2025-01-07T12:04:21.322+0000] {dag.py:4180} INFO - Setting next_dagrun for example_subdag_operator.section-2 to None, run_after=None
[2025-01-07T12:04:21.333+0000] {processor.py:208} INFO - Processing /home/airflow/.local/lib/python3.12/site-packages/airflow/example_dags/example_subdag_operator.py took 0.121 seconds
[2025-01-07T12:04:52.501+0000] {processor.py:186} INFO - Started process (PID=2187) to work on /home/airflow/.local/lib/python3.12/site-packages/airflow/example_dags/example_subdag_operator.py
[2025-01-07T12:04:52.502+0000] {processor.py:914} INFO - Processing file /home/airflow/.local/lib/python3.12/site-packages/airflow/example_dags/example_subdag_operator.py for tasks to queue
[2025-01-07T12:04:52.505+0000] {logging_mixin.py:190} INFO - [2025-01-07T12:04:52.505+0000] {dagbag.py:588} INFO - Filling up the DagBag from /home/airflow/.local/lib/python3.12/site-packages/airflow/example_dags/example_subdag_operator.py
[2025-01-07T12:04:52.534+0000] {processor.py:925} INFO - DAG(s) 'example_subdag_operator.section-1', 'example_subdag_operator.section-2', 'example_subdag_operator' retrieved from /home/airflow/.local/lib/python3.12/site-packages/airflow/example_dags/example_subdag_operator.py
[2025-01-07T12:04:52.551+0000] {logging_mixin.py:190} INFO - [2025-01-07T12:04:52.551+0000] {dag.py:3239} INFO - Sync 3 DAGs
[2025-01-07T12:04:52.584+0000] {logging_mixin.py:190} INFO - [2025-01-07T12:04:52.584+0000] {dag.py:4180} INFO - Setting next_dagrun for example_subdag_operator to 2022-01-01 00:00:00+00:00, run_after=2022-01-01 00:00:00+00:00
[2025-01-07T12:04:52.590+0000] {logging_mixin.py:190} INFO - [2025-01-07T12:04:52.590+0000] {dag.py:4180} INFO - Setting next_dagrun for example_subdag_operator.section-1 to None, run_after=None
[2025-01-07T12:04:52.593+0000] {logging_mixin.py:190} INFO - [2025-01-07T12:04:52.592+0000] {dag.py:4180} INFO - Setting next_dagrun for example_subdag_operator.section-2 to None, run_after=None
[2025-01-07T12:04:52.606+0000] {logging_mixin.py:190} INFO - [2025-01-07T12:04:52.606+0000] {dag.py:3239} INFO - Sync 2 DAGs
[2025-01-07T12:04:52.615+0000] {logging_mixin.py:190} INFO - [2025-01-07T12:04:52.614+0000] {dag.py:4180} INFO - Setting next_dagrun for example_subdag_operator.section-1 to None, run_after=None
[2025-01-07T12:04:52.616+0000] {logging_mixin.py:190} INFO - [2025-01-07T12:04:52.615+0000] {dag.py:4180} INFO - Setting next_dagrun for example_subdag_operator.section-2 to None, run_after=None
[2025-01-07T12:04:52.645+0000] {processor.py:208} INFO - Processing /home/airflow/.local/lib/python3.12/site-packages/airflow/example_dags/example_subdag_operator.py took 0.152 seconds
[2025-01-07T12:05:24.232+0000] {processor.py:186} INFO - Started process (PID=2250) to work on /home/airflow/.local/lib/python3.12/site-packages/airflow/example_dags/example_subdag_operator.py
[2025-01-07T12:05:24.234+0000] {processor.py:914} INFO - Processing file /home/airflow/.local/lib/python3.12/site-packages/airflow/example_dags/example_subdag_operator.py for tasks to queue
[2025-01-07T12:05:24.237+0000] {logging_mixin.py:190} INFO - [2025-01-07T12:05:24.237+0000] {dagbag.py:588} INFO - Filling up the DagBag from /home/airflow/.local/lib/python3.12/site-packages/airflow/example_dags/example_subdag_operator.py
[2025-01-07T12:05:24.268+0000] {processor.py:925} INFO - DAG(s) 'example_subdag_operator.section-1', 'example_subdag_operator.section-2', 'example_subdag_operator' retrieved from /home/airflow/.local/lib/python3.12/site-packages/airflow/example_dags/example_subdag_operator.py
[2025-01-07T12:05:24.284+0000] {logging_mixin.py:190} INFO - [2025-01-07T12:05:24.283+0000] {dag.py:3239} INFO - Sync 3 DAGs
[2025-01-07T12:05:24.309+0000] {logging_mixin.py:190} INFO - [2025-01-07T12:05:24.309+0000] {dag.py:4180} INFO - Setting next_dagrun for example_subdag_operator to 2022-01-01 00:00:00+00:00, run_after=2022-01-01 00:00:00+00:00
[2025-01-07T12:05:24.315+0000] {logging_mixin.py:190} INFO - [2025-01-07T12:05:24.315+0000] {dag.py:4180} INFO - Setting next_dagrun for example_subdag_operator.section-1 to None, run_after=None
[2025-01-07T12:05:24.318+0000] {logging_mixin.py:190} INFO - [2025-01-07T12:05:24.317+0000] {dag.py:4180} INFO - Setting next_dagrun for example_subdag_operator.section-2 to None, run_after=None
[2025-01-07T12:05:24.325+0000] {logging_mixin.py:190} INFO - [2025-01-07T12:05:24.325+0000] {dag.py:3239} INFO - Sync 2 DAGs
[2025-01-07T12:05:24.331+0000] {logging_mixin.py:190} INFO - [2025-01-07T12:05:24.331+0000] {dag.py:4180} INFO - Setting next_dagrun for example_subdag_operator.section-1 to None, run_after=None
[2025-01-07T12:05:24.332+0000] {logging_mixin.py:190} INFO - [2025-01-07T12:05:24.332+0000] {dag.py:4180} INFO - Setting next_dagrun for example_subdag_operator.section-2 to None, run_after=None
[2025-01-07T12:05:24.343+0000] {processor.py:208} INFO - Processing /home/airflow/.local/lib/python3.12/site-packages/airflow/example_dags/example_subdag_operator.py took 0.117 seconds
[2025-01-07T12:05:56.612+0000] {processor.py:186} INFO - Started process (PID=2316) to work on /home/airflow/.local/lib/python3.12/site-packages/airflow/example_dags/example_subdag_operator.py
[2025-01-07T12:05:56.614+0000] {processor.py:914} INFO - Processing file /home/airflow/.local/lib/python3.12/site-packages/airflow/example_dags/example_subdag_operator.py for tasks to queue
[2025-01-07T12:05:56.618+0000] {logging_mixin.py:190} INFO - [2025-01-07T12:05:56.618+0000] {dagbag.py:588} INFO - Filling up the DagBag from /home/airflow/.local/lib/python3.12/site-packages/airflow/example_dags/example_subdag_operator.py
[2025-01-07T12:05:56.652+0000] {processor.py:925} INFO - DAG(s) 'example_subdag_operator.section-1', 'example_subdag_operator.section-2', 'example_subdag_operator' retrieved from /home/airflow/.local/lib/python3.12/site-packages/airflow/example_dags/example_subdag_operator.py
[2025-01-07T12:05:56.680+0000] {logging_mixin.py:190} INFO - [2025-01-07T12:05:56.679+0000] {dag.py:3239} INFO - Sync 3 DAGs
[2025-01-07T12:05:56.722+0000] {logging_mixin.py:190} INFO - [2025-01-07T12:05:56.722+0000] {dag.py:4180} INFO - Setting next_dagrun for example_subdag_operator to 2022-01-01 00:00:00+00:00, run_after=2022-01-01 00:00:00+00:00
[2025-01-07T12:05:56.729+0000] {logging_mixin.py:190} INFO - [2025-01-07T12:05:56.729+0000] {dag.py:4180} INFO - Setting next_dagrun for example_subdag_operator.section-1 to None, run_after=None
[2025-01-07T12:05:56.732+0000] {logging_mixin.py:190} INFO - [2025-01-07T12:05:56.732+0000] {dag.py:4180} INFO - Setting next_dagrun for example_subdag_operator.section-2 to None, run_after=None
[2025-01-07T12:05:56.751+0000] {logging_mixin.py:190} INFO - [2025-01-07T12:05:56.745+0000] {dag.py:3239} INFO - Sync 2 DAGs
[2025-01-07T12:05:56.765+0000] {logging_mixin.py:190} INFO - [2025-01-07T12:05:56.764+0000] {dag.py:4180} INFO - Setting next_dagrun for example_subdag_operator.section-1 to None, run_after=None
[2025-01-07T12:05:56.766+0000] {logging_mixin.py:190} INFO - [2025-01-07T12:05:56.765+0000] {dag.py:4180} INFO - Setting next_dagrun for example_subdag_operator.section-2 to None, run_after=None
[2025-01-07T12:05:56.791+0000] {processor.py:208} INFO - Processing /home/airflow/.local/lib/python3.12/site-packages/airflow/example_dags/example_subdag_operator.py took 0.211 seconds
[2025-01-07T12:06:27.188+0000] {processor.py:186} INFO - Started process (PID=2379) to work on /home/airflow/.local/lib/python3.12/site-packages/airflow/example_dags/example_subdag_operator.py
[2025-01-07T12:06:27.189+0000] {processor.py:914} INFO - Processing file /home/airflow/.local/lib/python3.12/site-packages/airflow/example_dags/example_subdag_operator.py for tasks to queue
[2025-01-07T12:06:27.193+0000] {logging_mixin.py:190} INFO - [2025-01-07T12:06:27.192+0000] {dagbag.py:588} INFO - Filling up the DagBag from /home/airflow/.local/lib/python3.12/site-packages/airflow/example_dags/example_subdag_operator.py
[2025-01-07T12:06:27.221+0000] {processor.py:925} INFO - DAG(s) 'example_subdag_operator.section-1', 'example_subdag_operator.section-2', 'example_subdag_operator' retrieved from /home/airflow/.local/lib/python3.12/site-packages/airflow/example_dags/example_subdag_operator.py
[2025-01-07T12:06:27.239+0000] {logging_mixin.py:190} INFO - [2025-01-07T12:06:27.238+0000] {dag.py:3239} INFO - Sync 3 DAGs
[2025-01-07T12:06:27.265+0000] {logging_mixin.py:190} INFO - [2025-01-07T12:06:27.264+0000] {dag.py:4180} INFO - Setting next_dagrun for example_subdag_operator to 2022-01-01 00:00:00+00:00, run_after=2022-01-01 00:00:00+00:00
[2025-01-07T12:06:27.269+0000] {logging_mixin.py:190} INFO - [2025-01-07T12:06:27.269+0000] {dag.py:4180} INFO - Setting next_dagrun for example_subdag_operator.section-1 to None, run_after=None
[2025-01-07T12:06:27.271+0000] {logging_mixin.py:190} INFO - [2025-01-07T12:06:27.271+0000] {dag.py:4180} INFO - Setting next_dagrun for example_subdag_operator.section-2 to None, run_after=None
[2025-01-07T12:06:27.280+0000] {logging_mixin.py:190} INFO - [2025-01-07T12:06:27.280+0000] {dag.py:3239} INFO - Sync 2 DAGs
[2025-01-07T12:06:27.287+0000] {logging_mixin.py:190} INFO - [2025-01-07T12:06:27.287+0000] {dag.py:4180} INFO - Setting next_dagrun for example_subdag_operator.section-1 to None, run_after=None
[2025-01-07T12:06:27.288+0000] {logging_mixin.py:190} INFO - [2025-01-07T12:06:27.288+0000] {dag.py:4180} INFO - Setting next_dagrun for example_subdag_operator.section-2 to None, run_after=None
[2025-01-07T12:06:27.301+0000] {processor.py:208} INFO - Processing /home/airflow/.local/lib/python3.12/site-packages/airflow/example_dags/example_subdag_operator.py took 0.119 seconds
[2025-01-07T12:06:58.027+0000] {processor.py:186} INFO - Started process (PID=2443) to work on /home/airflow/.local/lib/python3.12/site-packages/airflow/example_dags/example_subdag_operator.py
[2025-01-07T12:06:58.028+0000] {processor.py:914} INFO - Processing file /home/airflow/.local/lib/python3.12/site-packages/airflow/example_dags/example_subdag_operator.py for tasks to queue
[2025-01-07T12:06:58.031+0000] {logging_mixin.py:190} INFO - [2025-01-07T12:06:58.030+0000] {dagbag.py:588} INFO - Filling up the DagBag from /home/airflow/.local/lib/python3.12/site-packages/airflow/example_dags/example_subdag_operator.py
[2025-01-07T12:06:58.057+0000] {processor.py:925} INFO - DAG(s) 'example_subdag_operator.section-1', 'example_subdag_operator.section-2', 'example_subdag_operator' retrieved from /home/airflow/.local/lib/python3.12/site-packages/airflow/example_dags/example_subdag_operator.py
[2025-01-07T12:06:58.071+0000] {logging_mixin.py:190} INFO - [2025-01-07T12:06:58.071+0000] {dag.py:3239} INFO - Sync 3 DAGs
[2025-01-07T12:06:58.094+0000] {logging_mixin.py:190} INFO - [2025-01-07T12:06:58.094+0000] {dag.py:4180} INFO - Setting next_dagrun for example_subdag_operator to 2022-01-01 00:00:00+00:00, run_after=2022-01-01 00:00:00+00:00
[2025-01-07T12:06:58.098+0000] {logging_mixin.py:190} INFO - [2025-01-07T12:06:58.097+0000] {dag.py:4180} INFO - Setting next_dagrun for example_subdag_operator.section-1 to None, run_after=None
[2025-01-07T12:06:58.099+0000] {logging_mixin.py:190} INFO - [2025-01-07T12:06:58.099+0000] {dag.py:4180} INFO - Setting next_dagrun for example_subdag_operator.section-2 to None, run_after=None
[2025-01-07T12:06:58.107+0000] {logging_mixin.py:190} INFO - [2025-01-07T12:06:58.107+0000] {dag.py:3239} INFO - Sync 2 DAGs
[2025-01-07T12:06:58.114+0000] {logging_mixin.py:190} INFO - [2025-01-07T12:06:58.114+0000] {dag.py:4180} INFO - Setting next_dagrun for example_subdag_operator.section-1 to None, run_after=None
[2025-01-07T12:06:58.115+0000] {logging_mixin.py:190} INFO - [2025-01-07T12:06:58.115+0000] {dag.py:4180} INFO - Setting next_dagrun for example_subdag_operator.section-2 to None, run_after=None
[2025-01-07T12:06:58.128+0000] {processor.py:208} INFO - Processing /home/airflow/.local/lib/python3.12/site-packages/airflow/example_dags/example_subdag_operator.py took 0.109 seconds
[2025-01-07T12:07:29.270+0000] {processor.py:186} INFO - Started process (PID=2506) to work on /home/airflow/.local/lib/python3.12/site-packages/airflow/example_dags/example_subdag_operator.py
[2025-01-07T12:07:29.271+0000] {processor.py:914} INFO - Processing file /home/airflow/.local/lib/python3.12/site-packages/airflow/example_dags/example_subdag_operator.py for tasks to queue
[2025-01-07T12:07:29.274+0000] {logging_mixin.py:190} INFO - [2025-01-07T12:07:29.273+0000] {dagbag.py:588} INFO - Filling up the DagBag from /home/airflow/.local/lib/python3.12/site-packages/airflow/example_dags/example_subdag_operator.py
[2025-01-07T12:07:29.302+0000] {processor.py:925} INFO - DAG(s) 'example_subdag_operator.section-1', 'example_subdag_operator.section-2', 'example_subdag_operator' retrieved from /home/airflow/.local/lib/python3.12/site-packages/airflow/example_dags/example_subdag_operator.py
[2025-01-07T12:07:29.317+0000] {logging_mixin.py:190} INFO - [2025-01-07T12:07:29.317+0000] {dag.py:3239} INFO - Sync 3 DAGs
[2025-01-07T12:07:29.342+0000] {logging_mixin.py:190} INFO - [2025-01-07T12:07:29.342+0000] {dag.py:4180} INFO - Setting next_dagrun for example_subdag_operator to 2022-01-01 00:00:00+00:00, run_after=2022-01-01 00:00:00+00:00
[2025-01-07T12:07:29.350+0000] {logging_mixin.py:190} INFO - [2025-01-07T12:07:29.350+0000] {dag.py:4180} INFO - Setting next_dagrun for example_subdag_operator.section-1 to None, run_after=None
[2025-01-07T12:07:29.353+0000] {logging_mixin.py:190} INFO - [2025-01-07T12:07:29.353+0000] {dag.py:4180} INFO - Setting next_dagrun for example_subdag_operator.section-2 to None, run_after=None
[2025-01-07T12:07:29.363+0000] {logging_mixin.py:190} INFO - [2025-01-07T12:07:29.362+0000] {dag.py:3239} INFO - Sync 2 DAGs
[2025-01-07T12:07:29.370+0000] {logging_mixin.py:190} INFO - [2025-01-07T12:07:29.369+0000] {dag.py:4180} INFO - Setting next_dagrun for example_subdag_operator.section-1 to None, run_after=None
[2025-01-07T12:07:29.370+0000] {logging_mixin.py:190} INFO - [2025-01-07T12:07:29.370+0000] {dag.py:4180} INFO - Setting next_dagrun for example_subdag_operator.section-2 to None, run_after=None
[2025-01-07T12:07:29.383+0000] {processor.py:208} INFO - Processing /home/airflow/.local/lib/python3.12/site-packages/airflow/example_dags/example_subdag_operator.py took 0.120 seconds
[2025-01-07T12:08:02.512+0000] {processor.py:186} INFO - Started process (PID=2571) to work on /home/airflow/.local/lib/python3.12/site-packages/airflow/example_dags/example_subdag_operator.py
[2025-01-07T12:08:02.513+0000] {processor.py:914} INFO - Processing file /home/airflow/.local/lib/python3.12/site-packages/airflow/example_dags/example_subdag_operator.py for tasks to queue
[2025-01-07T12:08:02.517+0000] {logging_mixin.py:190} INFO - [2025-01-07T12:08:02.517+0000] {dagbag.py:588} INFO - Filling up the DagBag from /home/airflow/.local/lib/python3.12/site-packages/airflow/example_dags/example_subdag_operator.py
[2025-01-07T12:08:02.552+0000] {processor.py:925} INFO - DAG(s) 'example_subdag_operator.section-1', 'example_subdag_operator.section-2', 'example_subdag_operator' retrieved from /home/airflow/.local/lib/python3.12/site-packages/airflow/example_dags/example_subdag_operator.py
[2025-01-07T12:08:02.577+0000] {logging_mixin.py:190} INFO - [2025-01-07T12:08:02.577+0000] {dag.py:3239} INFO - Sync 3 DAGs
[2025-01-07T12:08:02.607+0000] {logging_mixin.py:190} INFO - [2025-01-07T12:08:02.607+0000] {dag.py:4180} INFO - Setting next_dagrun for example_subdag_operator to 2022-01-01 00:00:00+00:00, run_after=2022-01-01 00:00:00+00:00
[2025-01-07T12:08:02.613+0000] {logging_mixin.py:190} INFO - [2025-01-07T12:08:02.613+0000] {dag.py:4180} INFO - Setting next_dagrun for example_subdag_operator.section-1 to None, run_after=None
[2025-01-07T12:08:02.615+0000] {logging_mixin.py:190} INFO - [2025-01-07T12:08:02.615+0000] {dag.py:4180} INFO - Setting next_dagrun for example_subdag_operator.section-2 to None, run_after=None
[2025-01-07T12:08:02.624+0000] {logging_mixin.py:190} INFO - [2025-01-07T12:08:02.624+0000] {dag.py:3239} INFO - Sync 2 DAGs
[2025-01-07T12:08:02.634+0000] {logging_mixin.py:190} INFO - [2025-01-07T12:08:02.633+0000] {dag.py:4180} INFO - Setting next_dagrun for example_subdag_operator.section-1 to None, run_after=None
[2025-01-07T12:08:02.635+0000] {logging_mixin.py:190} INFO - [2025-01-07T12:08:02.635+0000] {dag.py:4180} INFO - Setting next_dagrun for example_subdag_operator.section-2 to None, run_after=None
[2025-01-07T12:08:02.649+0000] {processor.py:208} INFO - Processing /home/airflow/.local/lib/python3.12/site-packages/airflow/example_dags/example_subdag_operator.py took 0.145 seconds
[2025-01-07T12:08:32.998+0000] {processor.py:186} INFO - Started process (PID=2635) to work on /home/airflow/.local/lib/python3.12/site-packages/airflow/example_dags/example_subdag_operator.py
[2025-01-07T12:08:32.999+0000] {processor.py:914} INFO - Processing file /home/airflow/.local/lib/python3.12/site-packages/airflow/example_dags/example_subdag_operator.py for tasks to queue
[2025-01-07T12:08:33.002+0000] {logging_mixin.py:190} INFO - [2025-01-07T12:08:33.002+0000] {dagbag.py:588} INFO - Filling up the DagBag from /home/airflow/.local/lib/python3.12/site-packages/airflow/example_dags/example_subdag_operator.py
[2025-01-07T12:08:33.033+0000] {processor.py:925} INFO - DAG(s) 'example_subdag_operator.section-1', 'example_subdag_operator.section-2', 'example_subdag_operator' retrieved from /home/airflow/.local/lib/python3.12/site-packages/airflow/example_dags/example_subdag_operator.py
[2025-01-07T12:08:33.053+0000] {logging_mixin.py:190} INFO - [2025-01-07T12:08:33.053+0000] {dag.py:3239} INFO - Sync 3 DAGs
[2025-01-07T12:08:33.078+0000] {logging_mixin.py:190} INFO - [2025-01-07T12:08:33.077+0000] {dag.py:4180} INFO - Setting next_dagrun for example_subdag_operator to 2022-01-01 00:00:00+00:00, run_after=2022-01-01 00:00:00+00:00
[2025-01-07T12:08:33.082+0000] {logging_mixin.py:190} INFO - [2025-01-07T12:08:33.082+0000] {dag.py:4180} INFO - Setting next_dagrun for example_subdag_operator.section-1 to None, run_after=None
[2025-01-07T12:08:33.084+0000] {logging_mixin.py:190} INFO - [2025-01-07T12:08:33.084+0000] {dag.py:4180} INFO - Setting next_dagrun for example_subdag_operator.section-2 to None, run_after=None
[2025-01-07T12:08:33.092+0000] {logging_mixin.py:190} INFO - [2025-01-07T12:08:33.092+0000] {dag.py:3239} INFO - Sync 2 DAGs
[2025-01-07T12:08:33.099+0000] {logging_mixin.py:190} INFO - [2025-01-07T12:08:33.099+0000] {dag.py:4180} INFO - Setting next_dagrun for example_subdag_operator.section-1 to None, run_after=None
[2025-01-07T12:08:33.100+0000] {logging_mixin.py:190} INFO - [2025-01-07T12:08:33.100+0000] {dag.py:4180} INFO - Setting next_dagrun for example_subdag_operator.section-2 to None, run_after=None
[2025-01-07T12:08:33.113+0000] {processor.py:208} INFO - Processing /home/airflow/.local/lib/python3.12/site-packages/airflow/example_dags/example_subdag_operator.py took 0.121 seconds
[2025-01-07T12:09:05.976+0000] {processor.py:186} INFO - Started process (PID=2698) to work on /home/airflow/.local/lib/python3.12/site-packages/airflow/example_dags/example_subdag_operator.py
[2025-01-07T12:09:05.979+0000] {processor.py:914} INFO - Processing file /home/airflow/.local/lib/python3.12/site-packages/airflow/example_dags/example_subdag_operator.py for tasks to queue
[2025-01-07T12:09:05.985+0000] {logging_mixin.py:190} INFO - [2025-01-07T12:09:05.984+0000] {dagbag.py:588} INFO - Filling up the DagBag from /home/airflow/.local/lib/python3.12/site-packages/airflow/example_dags/example_subdag_operator.py
[2025-01-07T12:09:06.037+0000] {processor.py:925} INFO - DAG(s) 'example_subdag_operator.section-1', 'example_subdag_operator.section-2', 'example_subdag_operator' retrieved from /home/airflow/.local/lib/python3.12/site-packages/airflow/example_dags/example_subdag_operator.py
[2025-01-07T12:09:06.075+0000] {logging_mixin.py:190} INFO - [2025-01-07T12:09:06.075+0000] {dag.py:3239} INFO - Sync 3 DAGs
[2025-01-07T12:09:06.132+0000] {logging_mixin.py:190} INFO - [2025-01-07T12:09:06.131+0000] {dag.py:4180} INFO - Setting next_dagrun for example_subdag_operator to 2022-01-01 00:00:00+00:00, run_after=2022-01-01 00:00:00+00:00
[2025-01-07T12:09:06.141+0000] {logging_mixin.py:190} INFO - [2025-01-07T12:09:06.140+0000] {dag.py:4180} INFO - Setting next_dagrun for example_subdag_operator.section-1 to None, run_after=None
[2025-01-07T12:09:06.145+0000] {logging_mixin.py:190} INFO - [2025-01-07T12:09:06.144+0000] {dag.py:4180} INFO - Setting next_dagrun for example_subdag_operator.section-2 to None, run_after=None
[2025-01-07T12:09:06.164+0000] {logging_mixin.py:190} INFO - [2025-01-07T12:09:06.164+0000] {dag.py:3239} INFO - Sync 2 DAGs
[2025-01-07T12:09:06.176+0000] {logging_mixin.py:190} INFO - [2025-01-07T12:09:06.175+0000] {dag.py:4180} INFO - Setting next_dagrun for example_subdag_operator.section-1 to None, run_after=None
[2025-01-07T12:09:06.177+0000] {logging_mixin.py:190} INFO - [2025-01-07T12:09:06.177+0000] {dag.py:4180} INFO - Setting next_dagrun for example_subdag_operator.section-2 to None, run_after=None
[2025-01-07T12:09:06.199+0000] {processor.py:208} INFO - Processing /home/airflow/.local/lib/python3.12/site-packages/airflow/example_dags/example_subdag_operator.py took 0.238 seconds
[2025-01-07T12:09:37.031+0000] {processor.py:186} INFO - Started process (PID=2761) to work on /home/airflow/.local/lib/python3.12/site-packages/airflow/example_dags/example_subdag_operator.py
[2025-01-07T12:09:37.033+0000] {processor.py:914} INFO - Processing file /home/airflow/.local/lib/python3.12/site-packages/airflow/example_dags/example_subdag_operator.py for tasks to queue
[2025-01-07T12:09:37.037+0000] {logging_mixin.py:190} INFO - [2025-01-07T12:09:37.037+0000] {dagbag.py:588} INFO - Filling up the DagBag from /home/airflow/.local/lib/python3.12/site-packages/airflow/example_dags/example_subdag_operator.py
[2025-01-07T12:09:37.078+0000] {processor.py:925} INFO - DAG(s) 'example_subdag_operator.section-1', 'example_subdag_operator.section-2', 'example_subdag_operator' retrieved from /home/airflow/.local/lib/python3.12/site-packages/airflow/example_dags/example_subdag_operator.py
[2025-01-07T12:09:37.103+0000] {logging_mixin.py:190} INFO - [2025-01-07T12:09:37.103+0000] {dag.py:3239} INFO - Sync 3 DAGs
[2025-01-07T12:09:37.136+0000] {logging_mixin.py:190} INFO - [2025-01-07T12:09:37.136+0000] {dag.py:4180} INFO - Setting next_dagrun for example_subdag_operator to 2022-01-01 00:00:00+00:00, run_after=2022-01-01 00:00:00+00:00
[2025-01-07T12:09:37.143+0000] {logging_mixin.py:190} INFO - [2025-01-07T12:09:37.142+0000] {dag.py:4180} INFO - Setting next_dagrun for example_subdag_operator.section-1 to None, run_after=None
[2025-01-07T12:09:37.145+0000] {logging_mixin.py:190} INFO - [2025-01-07T12:09:37.145+0000] {dag.py:4180} INFO - Setting next_dagrun for example_subdag_operator.section-2 to None, run_after=None
[2025-01-07T12:09:37.160+0000] {logging_mixin.py:190} INFO - [2025-01-07T12:09:37.159+0000] {dag.py:3239} INFO - Sync 2 DAGs
[2025-01-07T12:09:37.168+0000] {logging_mixin.py:190} INFO - [2025-01-07T12:09:37.168+0000] {dag.py:4180} INFO - Setting next_dagrun for example_subdag_operator.section-1 to None, run_after=None
[2025-01-07T12:09:37.169+0000] {logging_mixin.py:190} INFO - [2025-01-07T12:09:37.169+0000] {dag.py:4180} INFO - Setting next_dagrun for example_subdag_operator.section-2 to None, run_after=None
[2025-01-07T12:09:37.185+0000] {processor.py:208} INFO - Processing /home/airflow/.local/lib/python3.12/site-packages/airflow/example_dags/example_subdag_operator.py took 0.166 seconds
[2025-01-07T12:10:08.104+0000] {processor.py:186} INFO - Started process (PID=2824) to work on /home/airflow/.local/lib/python3.12/site-packages/airflow/example_dags/example_subdag_operator.py
[2025-01-07T12:10:08.106+0000] {processor.py:914} INFO - Processing file /home/airflow/.local/lib/python3.12/site-packages/airflow/example_dags/example_subdag_operator.py for tasks to queue
[2025-01-07T12:10:08.110+0000] {logging_mixin.py:190} INFO - [2025-01-07T12:10:08.109+0000] {dagbag.py:588} INFO - Filling up the DagBag from /home/airflow/.local/lib/python3.12/site-packages/airflow/example_dags/example_subdag_operator.py
[2025-01-07T12:10:08.156+0000] {processor.py:925} INFO - DAG(s) 'example_subdag_operator.section-1', 'example_subdag_operator.section-2', 'example_subdag_operator' retrieved from /home/airflow/.local/lib/python3.12/site-packages/airflow/example_dags/example_subdag_operator.py
[2025-01-07T12:10:08.186+0000] {logging_mixin.py:190} INFO - [2025-01-07T12:10:08.186+0000] {dag.py:3239} INFO - Sync 3 DAGs
[2025-01-07T12:10:08.233+0000] {logging_mixin.py:190} INFO - [2025-01-07T12:10:08.232+0000] {dag.py:4180} INFO - Setting next_dagrun for example_subdag_operator to 2022-01-01 00:00:00+00:00, run_after=2022-01-01 00:00:00+00:00
[2025-01-07T12:10:08.245+0000] {logging_mixin.py:190} INFO - [2025-01-07T12:10:08.245+0000] {dag.py:4180} INFO - Setting next_dagrun for example_subdag_operator.section-1 to None, run_after=None
[2025-01-07T12:10:08.249+0000] {logging_mixin.py:190} INFO - [2025-01-07T12:10:08.248+0000] {dag.py:4180} INFO - Setting next_dagrun for example_subdag_operator.section-2 to None, run_after=None
[2025-01-07T12:10:08.267+0000] {logging_mixin.py:190} INFO - [2025-01-07T12:10:08.267+0000] {dag.py:3239} INFO - Sync 2 DAGs
[2025-01-07T12:10:08.280+0000] {logging_mixin.py:190} INFO - [2025-01-07T12:10:08.279+0000] {dag.py:4180} INFO - Setting next_dagrun for example_subdag_operator.section-1 to None, run_after=None
[2025-01-07T12:10:08.281+0000] {logging_mixin.py:190} INFO - [2025-01-07T12:10:08.281+0000] {dag.py:4180} INFO - Setting next_dagrun for example_subdag_operator.section-2 to None, run_after=None
[2025-01-07T12:10:08.310+0000] {processor.py:208} INFO - Processing /home/airflow/.local/lib/python3.12/site-packages/airflow/example_dags/example_subdag_operator.py took 0.217 seconds
[2025-01-07T12:10:39.738+0000] {processor.py:186} INFO - Started process (PID=2889) to work on /home/airflow/.local/lib/python3.12/site-packages/airflow/example_dags/example_subdag_operator.py
[2025-01-07T12:10:39.739+0000] {processor.py:914} INFO - Processing file /home/airflow/.local/lib/python3.12/site-packages/airflow/example_dags/example_subdag_operator.py for tasks to queue
[2025-01-07T12:10:39.744+0000] {logging_mixin.py:190} INFO - [2025-01-07T12:10:39.743+0000] {dagbag.py:588} INFO - Filling up the DagBag from /home/airflow/.local/lib/python3.12/site-packages/airflow/example_dags/example_subdag_operator.py
[2025-01-07T12:10:39.786+0000] {processor.py:925} INFO - DAG(s) 'example_subdag_operator.section-1', 'example_subdag_operator.section-2', 'example_subdag_operator' retrieved from /home/airflow/.local/lib/python3.12/site-packages/airflow/example_dags/example_subdag_operator.py
[2025-01-07T12:10:39.812+0000] {logging_mixin.py:190} INFO - [2025-01-07T12:10:39.812+0000] {dag.py:3239} INFO - Sync 3 DAGs
[2025-01-07T12:10:39.848+0000] {logging_mixin.py:190} INFO - [2025-01-07T12:10:39.848+0000] {dag.py:4180} INFO - Setting next_dagrun for example_subdag_operator to 2022-01-01 00:00:00+00:00, run_after=2022-01-01 00:00:00+00:00
[2025-01-07T12:10:39.854+0000] {logging_mixin.py:190} INFO - [2025-01-07T12:10:39.853+0000] {dag.py:4180} INFO - Setting next_dagrun for example_subdag_operator.section-1 to None, run_after=None
[2025-01-07T12:10:39.858+0000] {logging_mixin.py:190} INFO - [2025-01-07T12:10:39.857+0000] {dag.py:4180} INFO - Setting next_dagrun for example_subdag_operator.section-2 to None, run_after=None
[2025-01-07T12:10:39.871+0000] {logging_mixin.py:190} INFO - [2025-01-07T12:10:39.870+0000] {dag.py:3239} INFO - Sync 2 DAGs
[2025-01-07T12:10:39.881+0000] {logging_mixin.py:190} INFO - [2025-01-07T12:10:39.880+0000] {dag.py:4180} INFO - Setting next_dagrun for example_subdag_operator.section-1 to None, run_after=None
[2025-01-07T12:10:39.882+0000] {logging_mixin.py:190} INFO - [2025-01-07T12:10:39.882+0000] {dag.py:4180} INFO - Setting next_dagrun for example_subdag_operator.section-2 to None, run_after=None
[2025-01-07T12:10:39.900+0000] {processor.py:208} INFO - Processing /home/airflow/.local/lib/python3.12/site-packages/airflow/example_dags/example_subdag_operator.py took 0.172 seconds
[2025-01-07T12:11:12.287+0000] {processor.py:186} INFO - Started process (PID=2954) to work on /home/airflow/.local/lib/python3.12/site-packages/airflow/example_dags/example_subdag_operator.py
[2025-01-07T12:11:12.289+0000] {processor.py:914} INFO - Processing file /home/airflow/.local/lib/python3.12/site-packages/airflow/example_dags/example_subdag_operator.py for tasks to queue
[2025-01-07T12:11:12.295+0000] {logging_mixin.py:190} INFO - [2025-01-07T12:11:12.294+0000] {dagbag.py:588} INFO - Filling up the DagBag from /home/airflow/.local/lib/python3.12/site-packages/airflow/example_dags/example_subdag_operator.py
[2025-01-07T12:11:12.345+0000] {processor.py:925} INFO - DAG(s) 'example_subdag_operator.section-1', 'example_subdag_operator.section-2', 'example_subdag_operator' retrieved from /home/airflow/.local/lib/python3.12/site-packages/airflow/example_dags/example_subdag_operator.py
[2025-01-07T12:11:12.373+0000] {logging_mixin.py:190} INFO - [2025-01-07T12:11:12.373+0000] {dag.py:3239} INFO - Sync 3 DAGs
[2025-01-07T12:11:12.416+0000] {logging_mixin.py:190} INFO - [2025-01-07T12:11:12.416+0000] {dag.py:4180} INFO - Setting next_dagrun for example_subdag_operator to 2022-01-01 00:00:00+00:00, run_after=2022-01-01 00:00:00+00:00
[2025-01-07T12:11:12.424+0000] {logging_mixin.py:190} INFO - [2025-01-07T12:11:12.423+0000] {dag.py:4180} INFO - Setting next_dagrun for example_subdag_operator.section-1 to None, run_after=None
[2025-01-07T12:11:12.426+0000] {logging_mixin.py:190} INFO - [2025-01-07T12:11:12.426+0000] {dag.py:4180} INFO - Setting next_dagrun for example_subdag_operator.section-2 to None, run_after=None
[2025-01-07T12:11:12.440+0000] {logging_mixin.py:190} INFO - [2025-01-07T12:11:12.439+0000] {dag.py:3239} INFO - Sync 2 DAGs
[2025-01-07T12:11:12.452+0000] {logging_mixin.py:190} INFO - [2025-01-07T12:11:12.451+0000] {dag.py:4180} INFO - Setting next_dagrun for example_subdag_operator.section-1 to None, run_after=None
[2025-01-07T12:11:12.453+0000] {logging_mixin.py:190} INFO - [2025-01-07T12:11:12.453+0000] {dag.py:4180} INFO - Setting next_dagrun for example_subdag_operator.section-2 to None, run_after=None
[2025-01-07T12:11:12.473+0000] {processor.py:208} INFO - Processing /home/airflow/.local/lib/python3.12/site-packages/airflow/example_dags/example_subdag_operator.py took 0.198 seconds
[2025-01-07T12:11:44.414+0000] {processor.py:186} INFO - Started process (PID=3022) to work on /home/airflow/.local/lib/python3.12/site-packages/airflow/example_dags/example_subdag_operator.py
[2025-01-07T12:11:44.416+0000] {processor.py:914} INFO - Processing file /home/airflow/.local/lib/python3.12/site-packages/airflow/example_dags/example_subdag_operator.py for tasks to queue
[2025-01-07T12:11:44.421+0000] {logging_mixin.py:190} INFO - [2025-01-07T12:11:44.420+0000] {dagbag.py:588} INFO - Filling up the DagBag from /home/airflow/.local/lib/python3.12/site-packages/airflow/example_dags/example_subdag_operator.py
[2025-01-07T12:11:44.510+0000] {processor.py:925} INFO - DAG(s) 'example_subdag_operator.section-1', 'example_subdag_operator.section-2', 'example_subdag_operator' retrieved from /home/airflow/.local/lib/python3.12/site-packages/airflow/example_dags/example_subdag_operator.py
[2025-01-07T12:11:44.547+0000] {logging_mixin.py:190} INFO - [2025-01-07T12:11:44.547+0000] {dag.py:3239} INFO - Sync 3 DAGs
[2025-01-07T12:11:44.584+0000] {logging_mixin.py:190} INFO - [2025-01-07T12:11:44.584+0000] {dag.py:4180} INFO - Setting next_dagrun for example_subdag_operator to 2022-01-01 00:00:00+00:00, run_after=2022-01-01 00:00:00+00:00
[2025-01-07T12:11:44.591+0000] {logging_mixin.py:190} INFO - [2025-01-07T12:11:44.591+0000] {dag.py:4180} INFO - Setting next_dagrun for example_subdag_operator.section-1 to None, run_after=None
[2025-01-07T12:11:44.594+0000] {logging_mixin.py:190} INFO - [2025-01-07T12:11:44.594+0000] {dag.py:4180} INFO - Setting next_dagrun for example_subdag_operator.section-2 to None, run_after=None
[2025-01-07T12:11:44.606+0000] {logging_mixin.py:190} INFO - [2025-01-07T12:11:44.606+0000] {dag.py:3239} INFO - Sync 2 DAGs
[2025-01-07T12:11:44.615+0000] {logging_mixin.py:190} INFO - [2025-01-07T12:11:44.614+0000] {dag.py:4180} INFO - Setting next_dagrun for example_subdag_operator.section-1 to None, run_after=None
[2025-01-07T12:11:44.615+0000] {logging_mixin.py:190} INFO - [2025-01-07T12:11:44.615+0000] {dag.py:4180} INFO - Setting next_dagrun for example_subdag_operator.section-2 to None, run_after=None
[2025-01-07T12:11:44.633+0000] {processor.py:208} INFO - Processing /home/airflow/.local/lib/python3.12/site-packages/airflow/example_dags/example_subdag_operator.py took 0.235 seconds
[2025-01-07T12:12:14.710+0000] {processor.py:186} INFO - Started process (PID=3084) to work on /home/airflow/.local/lib/python3.12/site-packages/airflow/example_dags/example_subdag_operator.py
[2025-01-07T12:12:14.712+0000] {processor.py:914} INFO - Processing file /home/airflow/.local/lib/python3.12/site-packages/airflow/example_dags/example_subdag_operator.py for tasks to queue
[2025-01-07T12:12:14.717+0000] {logging_mixin.py:190} INFO - [2025-01-07T12:12:14.717+0000] {dagbag.py:588} INFO - Filling up the DagBag from /home/airflow/.local/lib/python3.12/site-packages/airflow/example_dags/example_subdag_operator.py
[2025-01-07T12:12:14.757+0000] {processor.py:925} INFO - DAG(s) 'example_subdag_operator.section-1', 'example_subdag_operator.section-2', 'example_subdag_operator' retrieved from /home/airflow/.local/lib/python3.12/site-packages/airflow/example_dags/example_subdag_operator.py
[2025-01-07T12:12:14.782+0000] {logging_mixin.py:190} INFO - [2025-01-07T12:12:14.782+0000] {dag.py:3239} INFO - Sync 3 DAGs
[2025-01-07T12:12:14.820+0000] {logging_mixin.py:190} INFO - [2025-01-07T12:12:14.820+0000] {dag.py:4180} INFO - Setting next_dagrun for example_subdag_operator to 2022-01-01 00:00:00+00:00, run_after=2022-01-01 00:00:00+00:00
[2025-01-07T12:12:14.826+0000] {logging_mixin.py:190} INFO - [2025-01-07T12:12:14.826+0000] {dag.py:4180} INFO - Setting next_dagrun for example_subdag_operator.section-1 to None, run_after=None
[2025-01-07T12:12:14.829+0000] {logging_mixin.py:190} INFO - [2025-01-07T12:12:14.829+0000] {dag.py:4180} INFO - Setting next_dagrun for example_subdag_operator.section-2 to None, run_after=None
[2025-01-07T12:12:14.840+0000] {logging_mixin.py:190} INFO - [2025-01-07T12:12:14.839+0000] {dag.py:3239} INFO - Sync 2 DAGs
[2025-01-07T12:12:14.850+0000] {logging_mixin.py:190} INFO - [2025-01-07T12:12:14.850+0000] {dag.py:4180} INFO - Setting next_dagrun for example_subdag_operator.section-1 to None, run_after=None
[2025-01-07T12:12:14.852+0000] {logging_mixin.py:190} INFO - [2025-01-07T12:12:14.851+0000] {dag.py:4180} INFO - Setting next_dagrun for example_subdag_operator.section-2 to None, run_after=None
[2025-01-07T12:12:14.870+0000] {processor.py:208} INFO - Processing /home/airflow/.local/lib/python3.12/site-packages/airflow/example_dags/example_subdag_operator.py took 0.169 seconds
[2025-01-07T12:12:46.230+0000] {processor.py:186} INFO - Started process (PID=3148) to work on /home/airflow/.local/lib/python3.12/site-packages/airflow/example_dags/example_subdag_operator.py
[2025-01-07T12:12:46.232+0000] {processor.py:914} INFO - Processing file /home/airflow/.local/lib/python3.12/site-packages/airflow/example_dags/example_subdag_operator.py for tasks to queue
[2025-01-07T12:12:46.237+0000] {logging_mixin.py:190} INFO - [2025-01-07T12:12:46.236+0000] {dagbag.py:588} INFO - Filling up the DagBag from /home/airflow/.local/lib/python3.12/site-packages/airflow/example_dags/example_subdag_operator.py
[2025-01-07T12:12:46.296+0000] {processor.py:925} INFO - DAG(s) 'example_subdag_operator.section-1', 'example_subdag_operator.section-2', 'example_subdag_operator' retrieved from /home/airflow/.local/lib/python3.12/site-packages/airflow/example_dags/example_subdag_operator.py
[2025-01-07T12:12:46.333+0000] {logging_mixin.py:190} INFO - [2025-01-07T12:12:46.332+0000] {dag.py:3239} INFO - Sync 3 DAGs
[2025-01-07T12:12:46.379+0000] {logging_mixin.py:190} INFO - [2025-01-07T12:12:46.378+0000] {dag.py:4180} INFO - Setting next_dagrun for example_subdag_operator to 2022-01-01 00:00:00+00:00, run_after=2022-01-01 00:00:00+00:00
[2025-01-07T12:12:46.386+0000] {logging_mixin.py:190} INFO - [2025-01-07T12:12:46.386+0000] {dag.py:4180} INFO - Setting next_dagrun for example_subdag_operator.section-1 to None, run_after=None
[2025-01-07T12:12:46.390+0000] {logging_mixin.py:190} INFO - [2025-01-07T12:12:46.389+0000] {dag.py:4180} INFO - Setting next_dagrun for example_subdag_operator.section-2 to None, run_after=None
[2025-01-07T12:12:46.406+0000] {logging_mixin.py:190} INFO - [2025-01-07T12:12:46.406+0000] {dag.py:3239} INFO - Sync 2 DAGs
[2025-01-07T12:12:46.418+0000] {logging_mixin.py:190} INFO - [2025-01-07T12:12:46.417+0000] {dag.py:4180} INFO - Setting next_dagrun for example_subdag_operator.section-1 to None, run_after=None
[2025-01-07T12:12:46.419+0000] {logging_mixin.py:190} INFO - [2025-01-07T12:12:46.419+0000] {dag.py:4180} INFO - Setting next_dagrun for example_subdag_operator.section-2 to None, run_after=None
[2025-01-07T12:12:46.440+0000] {processor.py:208} INFO - Processing /home/airflow/.local/lib/python3.12/site-packages/airflow/example_dags/example_subdag_operator.py took 0.227 seconds
[2025-01-07T12:43:17.469+0000] {processor.py:186} INFO - Started process (PID=3211) to work on /home/airflow/.local/lib/python3.12/site-packages/airflow/example_dags/example_subdag_operator.py
[2025-01-07T12:43:17.473+0000] {processor.py:914} INFO - Processing file /home/airflow/.local/lib/python3.12/site-packages/airflow/example_dags/example_subdag_operator.py for tasks to queue
[2025-01-07T12:43:17.483+0000] {logging_mixin.py:190} INFO - [2025-01-07T12:43:17.483+0000] {dagbag.py:588} INFO - Filling up the DagBag from /home/airflow/.local/lib/python3.12/site-packages/airflow/example_dags/example_subdag_operator.py
[2025-01-07T12:43:17.550+0000] {processor.py:925} INFO - DAG(s) 'example_subdag_operator.section-1', 'example_subdag_operator.section-2', 'example_subdag_operator' retrieved from /home/airflow/.local/lib/python3.12/site-packages/airflow/example_dags/example_subdag_operator.py
[2025-01-07T12:43:17.580+0000] {logging_mixin.py:190} INFO - [2025-01-07T12:43:17.579+0000] {dag.py:3239} INFO - Sync 3 DAGs
[2025-01-07T12:43:17.636+0000] {logging_mixin.py:190} INFO - [2025-01-07T12:43:17.636+0000] {dag.py:4180} INFO - Setting next_dagrun for example_subdag_operator to 2022-01-01 00:00:00+00:00, run_after=2022-01-01 00:00:00+00:00
[2025-01-07T12:43:17.644+0000] {logging_mixin.py:190} INFO - [2025-01-07T12:43:17.643+0000] {dag.py:4180} INFO - Setting next_dagrun for example_subdag_operator.section-1 to None, run_after=None
[2025-01-07T12:43:17.646+0000] {logging_mixin.py:190} INFO - [2025-01-07T12:43:17.646+0000] {dag.py:4180} INFO - Setting next_dagrun for example_subdag_operator.section-2 to None, run_after=None
[2025-01-07T12:43:17.665+0000] {logging_mixin.py:190} INFO - [2025-01-07T12:43:17.665+0000] {dag.py:3239} INFO - Sync 2 DAGs
[2025-01-07T12:43:17.674+0000] {logging_mixin.py:190} INFO - [2025-01-07T12:43:17.674+0000] {dag.py:4180} INFO - Setting next_dagrun for example_subdag_operator.section-1 to None, run_after=None
[2025-01-07T12:43:17.675+0000] {logging_mixin.py:190} INFO - [2025-01-07T12:43:17.675+0000] {dag.py:4180} INFO - Setting next_dagrun for example_subdag_operator.section-2 to None, run_after=None
[2025-01-07T12:43:17.696+0000] {processor.py:208} INFO - Processing /home/airflow/.local/lib/python3.12/site-packages/airflow/example_dags/example_subdag_operator.py took 0.243 seconds
