[2025-01-07T11:47:18.013+0000] {processor.py:186} INFO - Started process (PID=49) to work on /home/airflow/.local/lib/python3.12/site-packages/airflow/example_dags/example_datasets.py
[2025-01-07T11:47:18.015+0000] {processor.py:914} INFO - Processing file /home/airflow/.local/lib/python3.12/site-packages/airflow/example_dags/example_datasets.py for tasks to queue
[2025-01-07T11:47:18.019+0000] {logging_mixin.py:190} INFO - [2025-01-07T11:47:18.019+0000] {dagbag.py:588} INFO - Filling up the DagBag from /home/airflow/.local/lib/python3.12/site-packages/airflow/example_dags/example_datasets.py
[2025-01-07T11:47:22.156+0000] {processor.py:925} INFO - DAG(s) 'dataset_consumes_unknown_never_scheduled', 'dataset_consumes_1', 'dataset_produces_2', 'consume_1_or_2_with_dataset_expressions', 'consume_1_or_both_2_and_3_with_dataset_expressions', 'conditional_dataset_and_time_based_timetable', 'dataset_consumes_1_never_scheduled', 'dataset_produces_1', 'dataset_consumes_1_and_2', 'consume_1_and_2_with_dataset_expressions' retrieved from /home/airflow/.local/lib/python3.12/site-packages/airflow/example_dags/example_datasets.py
[2025-01-07T11:47:22.354+0000] {logging_mixin.py:190} INFO - [2025-01-07T11:47:22.352+0000] {override.py:1911} INFO - Created Permission View: can read on DAG:dataset_consumes_unknown_never_scheduled
[2025-01-07T11:47:22.371+0000] {logging_mixin.py:190} INFO - [2025-01-07T11:47:22.370+0000] {override.py:1911} INFO - Created Permission View: can delete on DAG:dataset_consumes_unknown_never_scheduled
[2025-01-07T11:47:22.387+0000] {logging_mixin.py:190} INFO - [2025-01-07T11:47:22.386+0000] {override.py:1911} INFO - Created Permission View: can edit on DAG:dataset_consumes_unknown_never_scheduled
[2025-01-07T11:47:22.407+0000] {logging_mixin.py:190} INFO - [2025-01-07T11:47:22.406+0000] {override.py:1911} INFO - Created Permission View: menu access on DAG Run:dataset_consumes_unknown_never_scheduled
[2025-01-07T11:47:22.418+0000] {logging_mixin.py:190} INFO - [2025-01-07T11:47:22.418+0000] {override.py:1911} INFO - Created Permission View: can read on DAG Run:dataset_consumes_unknown_never_scheduled
[2025-01-07T11:47:22.431+0000] {logging_mixin.py:190} INFO - [2025-01-07T11:47:22.430+0000] {override.py:1911} INFO - Created Permission View: can delete on DAG Run:dataset_consumes_unknown_never_scheduled
[2025-01-07T11:47:22.444+0000] {logging_mixin.py:190} INFO - [2025-01-07T11:47:22.443+0000] {override.py:1911} INFO - Created Permission View: can create on DAG Run:dataset_consumes_unknown_never_scheduled
[2025-01-07T11:47:22.465+0000] {logging_mixin.py:190} INFO - [2025-01-07T11:47:22.465+0000] {override.py:1911} INFO - Created Permission View: can read on DAG:dataset_consumes_1
[2025-01-07T11:47:22.479+0000] {logging_mixin.py:190} INFO - [2025-01-07T11:47:22.479+0000] {override.py:1911} INFO - Created Permission View: can delete on DAG:dataset_consumes_1
[2025-01-07T11:47:22.489+0000] {logging_mixin.py:190} INFO - [2025-01-07T11:47:22.488+0000] {override.py:1911} INFO - Created Permission View: can edit on DAG:dataset_consumes_1
[2025-01-07T11:47:22.504+0000] {logging_mixin.py:190} INFO - [2025-01-07T11:47:22.503+0000] {override.py:1911} INFO - Created Permission View: menu access on DAG Run:dataset_consumes_1
[2025-01-07T11:47:22.516+0000] {logging_mixin.py:190} INFO - [2025-01-07T11:47:22.515+0000] {override.py:1911} INFO - Created Permission View: can read on DAG Run:dataset_consumes_1
[2025-01-07T11:47:22.527+0000] {logging_mixin.py:190} INFO - [2025-01-07T11:47:22.526+0000] {override.py:1911} INFO - Created Permission View: can delete on DAG Run:dataset_consumes_1
[2025-01-07T11:47:22.537+0000] {logging_mixin.py:190} INFO - [2025-01-07T11:47:22.536+0000] {override.py:1911} INFO - Created Permission View: can create on DAG Run:dataset_consumes_1
[2025-01-07T11:47:22.567+0000] {logging_mixin.py:190} INFO - [2025-01-07T11:47:22.566+0000] {override.py:1911} INFO - Created Permission View: can read on DAG:dataset_produces_2
[2025-01-07T11:47:22.578+0000] {logging_mixin.py:190} INFO - [2025-01-07T11:47:22.577+0000] {override.py:1911} INFO - Created Permission View: can delete on DAG:dataset_produces_2
[2025-01-07T11:47:22.591+0000] {logging_mixin.py:190} INFO - [2025-01-07T11:47:22.591+0000] {override.py:1911} INFO - Created Permission View: can edit on DAG:dataset_produces_2
[2025-01-07T11:47:22.607+0000] {logging_mixin.py:190} INFO - [2025-01-07T11:47:22.606+0000] {override.py:1911} INFO - Created Permission View: menu access on DAG Run:dataset_produces_2
[2025-01-07T11:47:22.616+0000] {logging_mixin.py:190} INFO - [2025-01-07T11:47:22.615+0000] {override.py:1911} INFO - Created Permission View: can read on DAG Run:dataset_produces_2
[2025-01-07T11:47:22.633+0000] {logging_mixin.py:190} INFO - [2025-01-07T11:47:22.632+0000] {override.py:1911} INFO - Created Permission View: can delete on DAG Run:dataset_produces_2
[2025-01-07T11:47:22.643+0000] {logging_mixin.py:190} INFO - [2025-01-07T11:47:22.643+0000] {override.py:1911} INFO - Created Permission View: can create on DAG Run:dataset_produces_2
[2025-01-07T11:47:22.669+0000] {logging_mixin.py:190} INFO - [2025-01-07T11:47:22.668+0000] {override.py:1911} INFO - Created Permission View: can read on DAG:consume_1_or_2_with_dataset_expressions
[2025-01-07T11:47:22.681+0000] {logging_mixin.py:190} INFO - [2025-01-07T11:47:22.679+0000] {override.py:1911} INFO - Created Permission View: can delete on DAG:consume_1_or_2_with_dataset_expressions
[2025-01-07T11:47:22.691+0000] {logging_mixin.py:190} INFO - [2025-01-07T11:47:22.691+0000] {override.py:1911} INFO - Created Permission View: can edit on DAG:consume_1_or_2_with_dataset_expressions
[2025-01-07T11:47:22.706+0000] {logging_mixin.py:190} INFO - [2025-01-07T11:47:22.706+0000] {override.py:1911} INFO - Created Permission View: menu access on DAG Run:consume_1_or_2_with_dataset_expressions
[2025-01-07T11:47:22.717+0000] {logging_mixin.py:190} INFO - [2025-01-07T11:47:22.717+0000] {override.py:1911} INFO - Created Permission View: can read on DAG Run:consume_1_or_2_with_dataset_expressions
[2025-01-07T11:47:22.728+0000] {logging_mixin.py:190} INFO - [2025-01-07T11:47:22.727+0000] {override.py:1911} INFO - Created Permission View: can delete on DAG Run:consume_1_or_2_with_dataset_expressions
[2025-01-07T11:47:22.740+0000] {logging_mixin.py:190} INFO - [2025-01-07T11:47:22.740+0000] {override.py:1911} INFO - Created Permission View: can create on DAG Run:consume_1_or_2_with_dataset_expressions
[2025-01-07T11:47:22.763+0000] {logging_mixin.py:190} INFO - [2025-01-07T11:47:22.762+0000] {override.py:1911} INFO - Created Permission View: can read on DAG:consume_1_or_both_2_and_3_with_dataset_expressions
[2025-01-07T11:47:22.773+0000] {logging_mixin.py:190} INFO - [2025-01-07T11:47:22.773+0000] {override.py:1911} INFO - Created Permission View: can delete on DAG:consume_1_or_both_2_and_3_with_dataset_expressions
[2025-01-07T11:47:22.784+0000] {logging_mixin.py:190} INFO - [2025-01-07T11:47:22.784+0000] {override.py:1911} INFO - Created Permission View: can edit on DAG:consume_1_or_both_2_and_3_with_dataset_expressions
[2025-01-07T11:47:22.799+0000] {logging_mixin.py:190} INFO - [2025-01-07T11:47:22.799+0000] {override.py:1911} INFO - Created Permission View: menu access on DAG Run:consume_1_or_both_2_and_3_with_dataset_expressions
[2025-01-07T11:47:22.811+0000] {logging_mixin.py:190} INFO - [2025-01-07T11:47:22.811+0000] {override.py:1911} INFO - Created Permission View: can read on DAG Run:consume_1_or_both_2_and_3_with_dataset_expressions
[2025-01-07T11:47:22.822+0000] {logging_mixin.py:190} INFO - [2025-01-07T11:47:22.822+0000] {override.py:1911} INFO - Created Permission View: can delete on DAG Run:consume_1_or_both_2_and_3_with_dataset_expressions
[2025-01-07T11:47:22.834+0000] {logging_mixin.py:190} INFO - [2025-01-07T11:47:22.834+0000] {override.py:1911} INFO - Created Permission View: can create on DAG Run:consume_1_or_both_2_and_3_with_dataset_expressions
[2025-01-07T11:47:22.860+0000] {logging_mixin.py:190} INFO - [2025-01-07T11:47:22.859+0000] {override.py:1911} INFO - Created Permission View: can read on DAG:conditional_dataset_and_time_based_timetable
[2025-01-07T11:47:22.872+0000] {logging_mixin.py:190} INFO - [2025-01-07T11:47:22.871+0000] {override.py:1911} INFO - Created Permission View: can delete on DAG:conditional_dataset_and_time_based_timetable
[2025-01-07T11:47:22.895+0000] {logging_mixin.py:190} INFO - [2025-01-07T11:47:22.894+0000] {override.py:1911} INFO - Created Permission View: can edit on DAG:conditional_dataset_and_time_based_timetable
[2025-01-07T11:47:22.911+0000] {logging_mixin.py:190} INFO - [2025-01-07T11:47:22.909+0000] {override.py:1911} INFO - Created Permission View: menu access on DAG Run:conditional_dataset_and_time_based_timetable
[2025-01-07T11:47:22.926+0000] {logging_mixin.py:190} INFO - [2025-01-07T11:47:22.925+0000] {override.py:1911} INFO - Created Permission View: can read on DAG Run:conditional_dataset_and_time_based_timetable
[2025-01-07T11:47:22.947+0000] {logging_mixin.py:190} INFO - [2025-01-07T11:47:22.946+0000] {override.py:1911} INFO - Created Permission View: can delete on DAG Run:conditional_dataset_and_time_based_timetable
[2025-01-07T11:47:22.959+0000] {logging_mixin.py:190} INFO - [2025-01-07T11:47:22.959+0000] {override.py:1911} INFO - Created Permission View: can create on DAG Run:conditional_dataset_and_time_based_timetable
[2025-01-07T11:47:22.980+0000] {logging_mixin.py:190} INFO - [2025-01-07T11:47:22.980+0000] {override.py:1911} INFO - Created Permission View: can read on DAG:dataset_consumes_1_never_scheduled
[2025-01-07T11:47:22.992+0000] {logging_mixin.py:190} INFO - [2025-01-07T11:47:22.990+0000] {override.py:1911} INFO - Created Permission View: can delete on DAG:dataset_consumes_1_never_scheduled
[2025-01-07T11:47:23.001+0000] {logging_mixin.py:190} INFO - [2025-01-07T11:47:23.000+0000] {override.py:1911} INFO - Created Permission View: can edit on DAG:dataset_consumes_1_never_scheduled
[2025-01-07T11:47:23.013+0000] {logging_mixin.py:190} INFO - [2025-01-07T11:47:23.013+0000] {override.py:1911} INFO - Created Permission View: menu access on DAG Run:dataset_consumes_1_never_scheduled
[2025-01-07T11:47:23.023+0000] {logging_mixin.py:190} INFO - [2025-01-07T11:47:23.022+0000] {override.py:1911} INFO - Created Permission View: can read on DAG Run:dataset_consumes_1_never_scheduled
[2025-01-07T11:47:23.034+0000] {logging_mixin.py:190} INFO - [2025-01-07T11:47:23.033+0000] {override.py:1911} INFO - Created Permission View: can delete on DAG Run:dataset_consumes_1_never_scheduled
[2025-01-07T11:47:23.046+0000] {logging_mixin.py:190} INFO - [2025-01-07T11:47:23.044+0000] {override.py:1911} INFO - Created Permission View: can create on DAG Run:dataset_consumes_1_never_scheduled
[2025-01-07T11:47:23.064+0000] {logging_mixin.py:190} INFO - [2025-01-07T11:47:23.064+0000] {override.py:1911} INFO - Created Permission View: can read on DAG:dataset_produces_1
[2025-01-07T11:47:23.083+0000] {logging_mixin.py:190} INFO - [2025-01-07T11:47:23.082+0000] {override.py:1911} INFO - Created Permission View: can delete on DAG:dataset_produces_1
[2025-01-07T11:47:23.094+0000] {logging_mixin.py:190} INFO - [2025-01-07T11:47:23.094+0000] {override.py:1911} INFO - Created Permission View: can edit on DAG:dataset_produces_1
[2025-01-07T11:47:23.111+0000] {logging_mixin.py:190} INFO - [2025-01-07T11:47:23.110+0000] {override.py:1911} INFO - Created Permission View: menu access on DAG Run:dataset_produces_1
[2025-01-07T11:47:23.124+0000] {logging_mixin.py:190} INFO - [2025-01-07T11:47:23.123+0000] {override.py:1911} INFO - Created Permission View: can read on DAG Run:dataset_produces_1
[2025-01-07T11:47:23.134+0000] {logging_mixin.py:190} INFO - [2025-01-07T11:47:23.133+0000] {override.py:1911} INFO - Created Permission View: can delete on DAG Run:dataset_produces_1
[2025-01-07T11:47:23.145+0000] {logging_mixin.py:190} INFO - [2025-01-07T11:47:23.145+0000] {override.py:1911} INFO - Created Permission View: can create on DAG Run:dataset_produces_1
[2025-01-07T11:47:23.162+0000] {logging_mixin.py:190} INFO - [2025-01-07T11:47:23.162+0000] {override.py:1911} INFO - Created Permission View: can read on DAG:dataset_consumes_1_and_2
[2025-01-07T11:47:23.173+0000] {logging_mixin.py:190} INFO - [2025-01-07T11:47:23.172+0000] {override.py:1911} INFO - Created Permission View: can delete on DAG:dataset_consumes_1_and_2
[2025-01-07T11:47:23.184+0000] {logging_mixin.py:190} INFO - [2025-01-07T11:47:23.184+0000] {override.py:1911} INFO - Created Permission View: can edit on DAG:dataset_consumes_1_and_2
[2025-01-07T11:47:23.199+0000] {logging_mixin.py:190} INFO - [2025-01-07T11:47:23.198+0000] {override.py:1911} INFO - Created Permission View: menu access on DAG Run:dataset_consumes_1_and_2
[2025-01-07T11:47:23.213+0000] {logging_mixin.py:190} INFO - [2025-01-07T11:47:23.212+0000] {override.py:1911} INFO - Created Permission View: can read on DAG Run:dataset_consumes_1_and_2
[2025-01-07T11:47:23.222+0000] {logging_mixin.py:190} INFO - [2025-01-07T11:47:23.222+0000] {override.py:1911} INFO - Created Permission View: can delete on DAG Run:dataset_consumes_1_and_2
[2025-01-07T11:47:23.232+0000] {logging_mixin.py:190} INFO - [2025-01-07T11:47:23.232+0000] {override.py:1911} INFO - Created Permission View: can create on DAG Run:dataset_consumes_1_and_2
[2025-01-07T11:47:23.256+0000] {logging_mixin.py:190} INFO - [2025-01-07T11:47:23.255+0000] {override.py:1911} INFO - Created Permission View: can read on DAG:consume_1_and_2_with_dataset_expressions
[2025-01-07T11:47:23.270+0000] {logging_mixin.py:190} INFO - [2025-01-07T11:47:23.270+0000] {override.py:1911} INFO - Created Permission View: can delete on DAG:consume_1_and_2_with_dataset_expressions
[2025-01-07T11:47:23.279+0000] {logging_mixin.py:190} INFO - [2025-01-07T11:47:23.279+0000] {override.py:1911} INFO - Created Permission View: can edit on DAG:consume_1_and_2_with_dataset_expressions
[2025-01-07T11:47:23.288+0000] {logging_mixin.py:190} INFO - [2025-01-07T11:47:23.288+0000] {override.py:1911} INFO - Created Permission View: menu access on DAG Run:consume_1_and_2_with_dataset_expressions
[2025-01-07T11:47:23.297+0000] {logging_mixin.py:190} INFO - [2025-01-07T11:47:23.296+0000] {override.py:1911} INFO - Created Permission View: can read on DAG Run:consume_1_and_2_with_dataset_expressions
[2025-01-07T11:47:23.308+0000] {logging_mixin.py:190} INFO - [2025-01-07T11:47:23.307+0000] {override.py:1911} INFO - Created Permission View: can delete on DAG Run:consume_1_and_2_with_dataset_expressions
[2025-01-07T11:47:23.316+0000] {logging_mixin.py:190} INFO - [2025-01-07T11:47:23.315+0000] {override.py:1911} INFO - Created Permission View: can create on DAG Run:consume_1_and_2_with_dataset_expressions
[2025-01-07T11:47:23.317+0000] {logging_mixin.py:190} INFO - [2025-01-07T11:47:23.317+0000] {dag.py:3239} INFO - Sync 10 DAGs
[2025-01-07T11:47:23.331+0000] {logging_mixin.py:190} INFO - [2025-01-07T11:47:23.331+0000] {dag.py:3262} INFO - Creating ORM DAG for consume_1_and_2_with_dataset_expressions
[2025-01-07T11:47:23.333+0000] {logging_mixin.py:190} INFO - [2025-01-07T11:47:23.332+0000] {dag.py:3262} INFO - Creating ORM DAG for dataset_produces_1
[2025-01-07T11:47:23.334+0000] {logging_mixin.py:190} INFO - [2025-01-07T11:47:23.334+0000] {dag.py:3262} INFO - Creating ORM DAG for dataset_consumes_1_never_scheduled
[2025-01-07T11:47:23.335+0000] {logging_mixin.py:190} INFO - [2025-01-07T11:47:23.335+0000] {dag.py:3262} INFO - Creating ORM DAG for consume_1_or_both_2_and_3_with_dataset_expressions
[2025-01-07T11:47:23.336+0000] {logging_mixin.py:190} INFO - [2025-01-07T11:47:23.336+0000] {dag.py:3262} INFO - Creating ORM DAG for dataset_consumes_1_and_2
[2025-01-07T11:47:23.337+0000] {logging_mixin.py:190} INFO - [2025-01-07T11:47:23.337+0000] {dag.py:3262} INFO - Creating ORM DAG for dataset_consumes_1
[2025-01-07T11:47:23.338+0000] {logging_mixin.py:190} INFO - [2025-01-07T11:47:23.338+0000] {dag.py:3262} INFO - Creating ORM DAG for consume_1_or_2_with_dataset_expressions
[2025-01-07T11:47:23.338+0000] {logging_mixin.py:190} INFO - [2025-01-07T11:47:23.338+0000] {dag.py:3262} INFO - Creating ORM DAG for dataset_consumes_unknown_never_scheduled
[2025-01-07T11:47:23.339+0000] {logging_mixin.py:190} INFO - [2025-01-07T11:47:23.339+0000] {dag.py:3262} INFO - Creating ORM DAG for dataset_produces_2
[2025-01-07T11:47:23.340+0000] {logging_mixin.py:190} INFO - [2025-01-07T11:47:23.340+0000] {dag.py:3262} INFO - Creating ORM DAG for conditional_dataset_and_time_based_timetable
[2025-01-07T11:47:23.353+0000] {logging_mixin.py:190} INFO - [2025-01-07T11:47:23.353+0000] {dag.py:4180} INFO - Setting next_dagrun for conditional_dataset_and_time_based_timetable to 2025-01-01 01:00:00+00:00, run_after=2025-01-01 01:00:00+00:00
[2025-01-07T11:47:23.355+0000] {logging_mixin.py:190} INFO - [2025-01-07T11:47:23.354+0000] {dag.py:4180} INFO - Setting next_dagrun for consume_1_and_2_with_dataset_expressions to None, run_after=None
[2025-01-07T11:47:23.356+0000] {logging_mixin.py:190} INFO - [2025-01-07T11:47:23.356+0000] {dag.py:4180} INFO - Setting next_dagrun for consume_1_or_2_with_dataset_expressions to None, run_after=None
[2025-01-07T11:47:23.358+0000] {logging_mixin.py:190} INFO - [2025-01-07T11:47:23.357+0000] {dag.py:4180} INFO - Setting next_dagrun for consume_1_or_both_2_and_3_with_dataset_expressions to None, run_after=None
[2025-01-07T11:47:23.359+0000] {logging_mixin.py:190} INFO - [2025-01-07T11:47:23.358+0000] {dag.py:4180} INFO - Setting next_dagrun for dataset_consumes_1 to None, run_after=None
[2025-01-07T11:47:23.360+0000] {logging_mixin.py:190} INFO - [2025-01-07T11:47:23.359+0000] {dag.py:4180} INFO - Setting next_dagrun for dataset_consumes_1_and_2 to None, run_after=None
[2025-01-07T11:47:23.360+0000] {logging_mixin.py:190} INFO - [2025-01-07T11:47:23.360+0000] {dag.py:4180} INFO - Setting next_dagrun for dataset_consumes_1_never_scheduled to None, run_after=None
[2025-01-07T11:47:23.361+0000] {logging_mixin.py:190} INFO - [2025-01-07T11:47:23.361+0000] {dag.py:4180} INFO - Setting next_dagrun for dataset_consumes_unknown_never_scheduled to None, run_after=None
[2025-01-07T11:47:23.364+0000] {logging_mixin.py:190} INFO - [2025-01-07T11:47:23.364+0000] {dag.py:4180} INFO - Setting next_dagrun for dataset_produces_1 to 2025-01-06 00:00:00+00:00, run_after=2025-01-07 00:00:00+00:00
[2025-01-07T11:47:23.365+0000] {logging_mixin.py:190} INFO - [2025-01-07T11:47:23.365+0000] {dag.py:4180} INFO - Setting next_dagrun for dataset_produces_2 to None, run_after=None
[2025-01-07T11:47:23.426+0000] {processor.py:208} INFO - Processing /home/airflow/.local/lib/python3.12/site-packages/airflow/example_dags/example_datasets.py took 5.423 seconds
[2025-01-07T11:48:03.690+0000] {processor.py:186} INFO - Started process (PID=112) to work on /home/airflow/.local/lib/python3.12/site-packages/airflow/example_dags/example_datasets.py
[2025-01-07T11:48:03.691+0000] {processor.py:914} INFO - Processing file /home/airflow/.local/lib/python3.12/site-packages/airflow/example_dags/example_datasets.py for tasks to queue
[2025-01-07T11:48:03.694+0000] {logging_mixin.py:190} INFO - [2025-01-07T11:48:03.693+0000] {dagbag.py:588} INFO - Filling up the DagBag from /home/airflow/.local/lib/python3.12/site-packages/airflow/example_dags/example_datasets.py
[2025-01-07T11:48:13.978+0000] {processor.py:925} INFO - DAG(s) 'dataset_produces_1', 'dataset_consumes_1_never_scheduled', 'dataset_consumes_unknown_never_scheduled', 'dataset_consumes_1_and_2', 'conditional_dataset_and_time_based_timetable', 'consume_1_or_both_2_and_3_with_dataset_expressions', 'consume_1_and_2_with_dataset_expressions', 'dataset_produces_2', 'dataset_consumes_1', 'consume_1_or_2_with_dataset_expressions' retrieved from /home/airflow/.local/lib/python3.12/site-packages/airflow/example_dags/example_datasets.py
[2025-01-07T11:48:14.263+0000] {logging_mixin.py:190} INFO - [2025-01-07T11:48:14.262+0000] {dag.py:3239} INFO - Sync 10 DAGs
[2025-01-07T11:48:14.384+0000] {logging_mixin.py:190} INFO - [2025-01-07T11:48:14.384+0000] {dag.py:4180} INFO - Setting next_dagrun for conditional_dataset_and_time_based_timetable to 2025-01-01 01:00:00+00:00, run_after=2025-01-01 01:00:00+00:00
[2025-01-07T11:48:14.398+0000] {logging_mixin.py:190} INFO - [2025-01-07T11:48:14.398+0000] {dag.py:4180} INFO - Setting next_dagrun for consume_1_and_2_with_dataset_expressions to None, run_after=None
[2025-01-07T11:48:14.402+0000] {logging_mixin.py:190} INFO - [2025-01-07T11:48:14.401+0000] {dag.py:4180} INFO - Setting next_dagrun for consume_1_or_2_with_dataset_expressions to None, run_after=None
[2025-01-07T11:48:14.405+0000] {logging_mixin.py:190} INFO - [2025-01-07T11:48:14.404+0000] {dag.py:4180} INFO - Setting next_dagrun for consume_1_or_both_2_and_3_with_dataset_expressions to None, run_after=None
[2025-01-07T11:48:14.407+0000] {logging_mixin.py:190} INFO - [2025-01-07T11:48:14.407+0000] {dag.py:4180} INFO - Setting next_dagrun for dataset_consumes_1 to None, run_after=None
[2025-01-07T11:48:14.415+0000] {logging_mixin.py:190} INFO - [2025-01-07T11:48:14.414+0000] {dag.py:4180} INFO - Setting next_dagrun for dataset_consumes_1_and_2 to None, run_after=None
[2025-01-07T11:48:14.419+0000] {logging_mixin.py:190} INFO - [2025-01-07T11:48:14.418+0000] {dag.py:4180} INFO - Setting next_dagrun for dataset_consumes_1_never_scheduled to None, run_after=None
[2025-01-07T11:48:14.421+0000] {logging_mixin.py:190} INFO - [2025-01-07T11:48:14.421+0000] {dag.py:4180} INFO - Setting next_dagrun for dataset_consumes_unknown_never_scheduled to None, run_after=None
[2025-01-07T11:48:14.425+0000] {logging_mixin.py:190} INFO - [2025-01-07T11:48:14.425+0000] {dag.py:4180} INFO - Setting next_dagrun for dataset_produces_1 to 2025-01-06 00:00:00+00:00, run_after=2025-01-07 00:00:00+00:00
[2025-01-07T11:48:14.431+0000] {logging_mixin.py:190} INFO - [2025-01-07T11:48:14.430+0000] {dag.py:4180} INFO - Setting next_dagrun for dataset_produces_2 to None, run_after=None
[2025-01-07T11:48:14.764+0000] {processor.py:208} INFO - Processing /home/airflow/.local/lib/python3.12/site-packages/airflow/example_dags/example_datasets.py took 11.016 seconds
[2025-01-07T11:48:45.796+0000] {processor.py:186} INFO - Started process (PID=175) to work on /home/airflow/.local/lib/python3.12/site-packages/airflow/example_dags/example_datasets.py
[2025-01-07T11:48:45.797+0000] {processor.py:914} INFO - Processing file /home/airflow/.local/lib/python3.12/site-packages/airflow/example_dags/example_datasets.py for tasks to queue
[2025-01-07T11:48:45.802+0000] {logging_mixin.py:190} INFO - [2025-01-07T11:48:45.801+0000] {dagbag.py:588} INFO - Filling up the DagBag from /home/airflow/.local/lib/python3.12/site-packages/airflow/example_dags/example_datasets.py
[2025-01-07T11:48:46.538+0000] {processor.py:925} INFO - DAG(s) 'consume_1_or_both_2_and_3_with_dataset_expressions', 'consume_1_or_2_with_dataset_expressions', 'dataset_produces_1', 'dataset_consumes_1', 'conditional_dataset_and_time_based_timetable', 'dataset_produces_2', 'dataset_consumes_unknown_never_scheduled', 'dataset_consumes_1_and_2', 'dataset_consumes_1_never_scheduled', 'consume_1_and_2_with_dataset_expressions' retrieved from /home/airflow/.local/lib/python3.12/site-packages/airflow/example_dags/example_datasets.py
[2025-01-07T11:48:46.589+0000] {logging_mixin.py:190} INFO - [2025-01-07T11:48:46.588+0000] {dag.py:3239} INFO - Sync 10 DAGs
[2025-01-07T11:48:46.617+0000] {logging_mixin.py:190} INFO - [2025-01-07T11:48:46.616+0000] {dag.py:4180} INFO - Setting next_dagrun for conditional_dataset_and_time_based_timetable to 2025-01-01 01:00:00+00:00, run_after=2025-01-01 01:00:00+00:00
[2025-01-07T11:48:46.622+0000] {logging_mixin.py:190} INFO - [2025-01-07T11:48:46.622+0000] {dag.py:4180} INFO - Setting next_dagrun for consume_1_and_2_with_dataset_expressions to None, run_after=None
[2025-01-07T11:48:46.625+0000] {logging_mixin.py:190} INFO - [2025-01-07T11:48:46.625+0000] {dag.py:4180} INFO - Setting next_dagrun for consume_1_or_2_with_dataset_expressions to None, run_after=None
[2025-01-07T11:48:46.627+0000] {logging_mixin.py:190} INFO - [2025-01-07T11:48:46.627+0000] {dag.py:4180} INFO - Setting next_dagrun for consume_1_or_both_2_and_3_with_dataset_expressions to None, run_after=None
[2025-01-07T11:48:46.629+0000] {logging_mixin.py:190} INFO - [2025-01-07T11:48:46.629+0000] {dag.py:4180} INFO - Setting next_dagrun for dataset_consumes_1 to None, run_after=None
[2025-01-07T11:48:46.631+0000] {logging_mixin.py:190} INFO - [2025-01-07T11:48:46.631+0000] {dag.py:4180} INFO - Setting next_dagrun for dataset_consumes_1_and_2 to None, run_after=None
[2025-01-07T11:48:46.634+0000] {logging_mixin.py:190} INFO - [2025-01-07T11:48:46.633+0000] {dag.py:4180} INFO - Setting next_dagrun for dataset_consumes_1_never_scheduled to None, run_after=None
[2025-01-07T11:48:46.636+0000] {logging_mixin.py:190} INFO - [2025-01-07T11:48:46.636+0000] {dag.py:4180} INFO - Setting next_dagrun for dataset_consumes_unknown_never_scheduled to None, run_after=None
[2025-01-07T11:48:46.641+0000] {logging_mixin.py:190} INFO - [2025-01-07T11:48:46.640+0000] {dag.py:4180} INFO - Setting next_dagrun for dataset_produces_1 to 2025-01-06 00:00:00+00:00, run_after=2025-01-07 00:00:00+00:00
[2025-01-07T11:48:46.643+0000] {logging_mixin.py:190} INFO - [2025-01-07T11:48:46.643+0000] {dag.py:4180} INFO - Setting next_dagrun for dataset_produces_2 to None, run_after=None
[2025-01-07T11:48:46.684+0000] {processor.py:208} INFO - Processing /home/airflow/.local/lib/python3.12/site-packages/airflow/example_dags/example_datasets.py took 0.896 seconds
[2025-01-07T11:49:16.835+0000] {processor.py:186} INFO - Started process (PID=245) to work on /home/airflow/.local/lib/python3.12/site-packages/airflow/example_dags/example_datasets.py
[2025-01-07T11:49:16.836+0000] {processor.py:914} INFO - Processing file /home/airflow/.local/lib/python3.12/site-packages/airflow/example_dags/example_datasets.py for tasks to queue
[2025-01-07T11:49:16.839+0000] {logging_mixin.py:190} INFO - [2025-01-07T11:49:16.838+0000] {dagbag.py:588} INFO - Filling up the DagBag from /home/airflow/.local/lib/python3.12/site-packages/airflow/example_dags/example_datasets.py
[2025-01-07T11:49:17.347+0000] {processor.py:925} INFO - DAG(s) 'dataset_produces_1', 'consume_1_and_2_with_dataset_expressions', 'dataset_produces_2', 'consume_1_or_2_with_dataset_expressions', 'consume_1_or_both_2_and_3_with_dataset_expressions', 'dataset_consumes_1_never_scheduled', 'dataset_consumes_1', 'conditional_dataset_and_time_based_timetable', 'dataset_consumes_unknown_never_scheduled', 'dataset_consumes_1_and_2' retrieved from /home/airflow/.local/lib/python3.12/site-packages/airflow/example_dags/example_datasets.py
[2025-01-07T11:49:17.392+0000] {logging_mixin.py:190} INFO - [2025-01-07T11:49:17.391+0000] {dag.py:3239} INFO - Sync 10 DAGs
[2025-01-07T11:49:17.417+0000] {logging_mixin.py:190} INFO - [2025-01-07T11:49:17.416+0000] {dag.py:4180} INFO - Setting next_dagrun for conditional_dataset_and_time_based_timetable to 2025-01-01 01:00:00+00:00, run_after=2025-01-01 01:00:00+00:00
[2025-01-07T11:49:17.421+0000] {logging_mixin.py:190} INFO - [2025-01-07T11:49:17.421+0000] {dag.py:4180} INFO - Setting next_dagrun for consume_1_and_2_with_dataset_expressions to None, run_after=None
[2025-01-07T11:49:17.423+0000] {logging_mixin.py:190} INFO - [2025-01-07T11:49:17.423+0000] {dag.py:4180} INFO - Setting next_dagrun for consume_1_or_2_with_dataset_expressions to None, run_after=None
[2025-01-07T11:49:17.425+0000] {logging_mixin.py:190} INFO - [2025-01-07T11:49:17.425+0000] {dag.py:4180} INFO - Setting next_dagrun for consume_1_or_both_2_and_3_with_dataset_expressions to None, run_after=None
[2025-01-07T11:49:17.426+0000] {logging_mixin.py:190} INFO - [2025-01-07T11:49:17.426+0000] {dag.py:4180} INFO - Setting next_dagrun for dataset_consumes_1 to None, run_after=None
[2025-01-07T11:49:17.428+0000] {logging_mixin.py:190} INFO - [2025-01-07T11:49:17.428+0000] {dag.py:4180} INFO - Setting next_dagrun for dataset_consumes_1_and_2 to None, run_after=None
[2025-01-07T11:49:17.430+0000] {logging_mixin.py:190} INFO - [2025-01-07T11:49:17.430+0000] {dag.py:4180} INFO - Setting next_dagrun for dataset_consumes_1_never_scheduled to None, run_after=None
[2025-01-07T11:49:17.432+0000] {logging_mixin.py:190} INFO - [2025-01-07T11:49:17.432+0000] {dag.py:4180} INFO - Setting next_dagrun for dataset_consumes_unknown_never_scheduled to None, run_after=None
[2025-01-07T11:49:17.435+0000] {logging_mixin.py:190} INFO - [2025-01-07T11:49:17.434+0000] {dag.py:4180} INFO - Setting next_dagrun for dataset_produces_1 to 2025-01-06 00:00:00+00:00, run_after=2025-01-07 00:00:00+00:00
[2025-01-07T11:49:17.436+0000] {logging_mixin.py:190} INFO - [2025-01-07T11:49:17.436+0000] {dag.py:4180} INFO - Setting next_dagrun for dataset_produces_2 to None, run_after=None
[2025-01-07T11:49:17.470+0000] {processor.py:208} INFO - Processing /home/airflow/.local/lib/python3.12/site-packages/airflow/example_dags/example_datasets.py took 0.640 seconds
[2025-01-07T11:49:47.549+0000] {processor.py:186} INFO - Started process (PID=310) to work on /home/airflow/.local/lib/python3.12/site-packages/airflow/example_dags/example_datasets.py
[2025-01-07T11:49:47.550+0000] {processor.py:914} INFO - Processing file /home/airflow/.local/lib/python3.12/site-packages/airflow/example_dags/example_datasets.py for tasks to queue
[2025-01-07T11:49:47.552+0000] {logging_mixin.py:190} INFO - [2025-01-07T11:49:47.552+0000] {dagbag.py:588} INFO - Filling up the DagBag from /home/airflow/.local/lib/python3.12/site-packages/airflow/example_dags/example_datasets.py
[2025-01-07T11:49:48.182+0000] {processor.py:925} INFO - DAG(s) 'dataset_produces_1', 'conditional_dataset_and_time_based_timetable', 'consume_1_and_2_with_dataset_expressions', 'dataset_consumes_1', 'dataset_produces_2', 'consume_1_or_2_with_dataset_expressions', 'dataset_consumes_unknown_never_scheduled', 'dataset_consumes_1_never_scheduled', 'consume_1_or_both_2_and_3_with_dataset_expressions', 'dataset_consumes_1_and_2' retrieved from /home/airflow/.local/lib/python3.12/site-packages/airflow/example_dags/example_datasets.py
[2025-01-07T11:49:48.226+0000] {logging_mixin.py:190} INFO - [2025-01-07T11:49:48.226+0000] {dag.py:3239} INFO - Sync 10 DAGs
[2025-01-07T11:49:48.250+0000] {logging_mixin.py:190} INFO - [2025-01-07T11:49:48.249+0000] {dag.py:4180} INFO - Setting next_dagrun for conditional_dataset_and_time_based_timetable to 2025-01-01 01:00:00+00:00, run_after=2025-01-01 01:00:00+00:00
[2025-01-07T11:49:48.254+0000] {logging_mixin.py:190} INFO - [2025-01-07T11:49:48.254+0000] {dag.py:4180} INFO - Setting next_dagrun for consume_1_and_2_with_dataset_expressions to None, run_after=None
[2025-01-07T11:49:48.256+0000] {logging_mixin.py:190} INFO - [2025-01-07T11:49:48.256+0000] {dag.py:4180} INFO - Setting next_dagrun for consume_1_or_2_with_dataset_expressions to None, run_after=None
[2025-01-07T11:49:48.257+0000] {logging_mixin.py:190} INFO - [2025-01-07T11:49:48.257+0000] {dag.py:4180} INFO - Setting next_dagrun for consume_1_or_both_2_and_3_with_dataset_expressions to None, run_after=None
[2025-01-07T11:49:48.259+0000] {logging_mixin.py:190} INFO - [2025-01-07T11:49:48.259+0000] {dag.py:4180} INFO - Setting next_dagrun for dataset_consumes_1 to None, run_after=None
[2025-01-07T11:49:48.260+0000] {logging_mixin.py:190} INFO - [2025-01-07T11:49:48.260+0000] {dag.py:4180} INFO - Setting next_dagrun for dataset_consumes_1_and_2 to None, run_after=None
[2025-01-07T11:49:48.262+0000] {logging_mixin.py:190} INFO - [2025-01-07T11:49:48.262+0000] {dag.py:4180} INFO - Setting next_dagrun for dataset_consumes_1_never_scheduled to None, run_after=None
[2025-01-07T11:49:48.263+0000] {logging_mixin.py:190} INFO - [2025-01-07T11:49:48.263+0000] {dag.py:4180} INFO - Setting next_dagrun for dataset_consumes_unknown_never_scheduled to None, run_after=None
[2025-01-07T11:49:48.265+0000] {logging_mixin.py:190} INFO - [2025-01-07T11:49:48.265+0000] {dag.py:4180} INFO - Setting next_dagrun for dataset_produces_1 to 2025-01-06 00:00:00+00:00, run_after=2025-01-07 00:00:00+00:00
[2025-01-07T11:49:48.267+0000] {logging_mixin.py:190} INFO - [2025-01-07T11:49:48.267+0000] {dag.py:4180} INFO - Setting next_dagrun for dataset_produces_2 to None, run_after=None
[2025-01-07T11:49:48.299+0000] {processor.py:208} INFO - Processing /home/airflow/.local/lib/python3.12/site-packages/airflow/example_dags/example_datasets.py took 0.755 seconds
[2025-01-07T11:50:18.707+0000] {processor.py:186} INFO - Started process (PID=373) to work on /home/airflow/.local/lib/python3.12/site-packages/airflow/example_dags/example_datasets.py
[2025-01-07T11:50:18.708+0000] {processor.py:914} INFO - Processing file /home/airflow/.local/lib/python3.12/site-packages/airflow/example_dags/example_datasets.py for tasks to queue
[2025-01-07T11:50:18.711+0000] {logging_mixin.py:190} INFO - [2025-01-07T11:50:18.710+0000] {dagbag.py:588} INFO - Filling up the DagBag from /home/airflow/.local/lib/python3.12/site-packages/airflow/example_dags/example_datasets.py
[2025-01-07T11:50:19.308+0000] {processor.py:925} INFO - DAG(s) 'dataset_consumes_1', 'dataset_consumes_1_and_2', 'consume_1_or_both_2_and_3_with_dataset_expressions', 'conditional_dataset_and_time_based_timetable', 'dataset_consumes_unknown_never_scheduled', 'dataset_produces_1', 'consume_1_or_2_with_dataset_expressions', 'dataset_consumes_1_never_scheduled', 'dataset_produces_2', 'consume_1_and_2_with_dataset_expressions' retrieved from /home/airflow/.local/lib/python3.12/site-packages/airflow/example_dags/example_datasets.py
[2025-01-07T11:50:19.353+0000] {logging_mixin.py:190} INFO - [2025-01-07T11:50:19.352+0000] {dag.py:3239} INFO - Sync 10 DAGs
[2025-01-07T11:50:19.378+0000] {logging_mixin.py:190} INFO - [2025-01-07T11:50:19.377+0000] {dag.py:4180} INFO - Setting next_dagrun for conditional_dataset_and_time_based_timetable to 2025-01-01 01:00:00+00:00, run_after=2025-01-01 01:00:00+00:00
[2025-01-07T11:50:19.382+0000] {logging_mixin.py:190} INFO - [2025-01-07T11:50:19.382+0000] {dag.py:4180} INFO - Setting next_dagrun for consume_1_and_2_with_dataset_expressions to None, run_after=None
[2025-01-07T11:50:19.384+0000] {logging_mixin.py:190} INFO - [2025-01-07T11:50:19.383+0000] {dag.py:4180} INFO - Setting next_dagrun for consume_1_or_2_with_dataset_expressions to None, run_after=None
[2025-01-07T11:50:19.385+0000] {logging_mixin.py:190} INFO - [2025-01-07T11:50:19.385+0000] {dag.py:4180} INFO - Setting next_dagrun for consume_1_or_both_2_and_3_with_dataset_expressions to None, run_after=None
[2025-01-07T11:50:19.386+0000] {logging_mixin.py:190} INFO - [2025-01-07T11:50:19.386+0000] {dag.py:4180} INFO - Setting next_dagrun for dataset_consumes_1 to None, run_after=None
[2025-01-07T11:50:19.388+0000] {logging_mixin.py:190} INFO - [2025-01-07T11:50:19.387+0000] {dag.py:4180} INFO - Setting next_dagrun for dataset_consumes_1_and_2 to None, run_after=None
[2025-01-07T11:50:19.389+0000] {logging_mixin.py:190} INFO - [2025-01-07T11:50:19.389+0000] {dag.py:4180} INFO - Setting next_dagrun for dataset_consumes_1_never_scheduled to None, run_after=None
[2025-01-07T11:50:19.390+0000] {logging_mixin.py:190} INFO - [2025-01-07T11:50:19.390+0000] {dag.py:4180} INFO - Setting next_dagrun for dataset_consumes_unknown_never_scheduled to None, run_after=None
[2025-01-07T11:50:19.392+0000] {logging_mixin.py:190} INFO - [2025-01-07T11:50:19.392+0000] {dag.py:4180} INFO - Setting next_dagrun for dataset_produces_1 to 2025-01-06 00:00:00+00:00, run_after=2025-01-07 00:00:00+00:00
[2025-01-07T11:50:19.394+0000] {logging_mixin.py:190} INFO - [2025-01-07T11:50:19.393+0000] {dag.py:4180} INFO - Setting next_dagrun for dataset_produces_2 to None, run_after=None
[2025-01-07T11:50:19.435+0000] {processor.py:208} INFO - Processing /home/airflow/.local/lib/python3.12/site-packages/airflow/example_dags/example_datasets.py took 0.734 seconds
[2025-01-07T11:50:49.727+0000] {processor.py:186} INFO - Started process (PID=439) to work on /home/airflow/.local/lib/python3.12/site-packages/airflow/example_dags/example_datasets.py
[2025-01-07T11:50:49.729+0000] {processor.py:914} INFO - Processing file /home/airflow/.local/lib/python3.12/site-packages/airflow/example_dags/example_datasets.py for tasks to queue
[2025-01-07T11:50:49.732+0000] {logging_mixin.py:190} INFO - [2025-01-07T11:50:49.731+0000] {dagbag.py:588} INFO - Filling up the DagBag from /home/airflow/.local/lib/python3.12/site-packages/airflow/example_dags/example_datasets.py
[2025-01-07T11:50:50.304+0000] {processor.py:925} INFO - DAG(s) 'dataset_consumes_1_and_2', 'consume_1_or_2_with_dataset_expressions', 'dataset_consumes_1_never_scheduled', 'dataset_consumes_unknown_never_scheduled', 'conditional_dataset_and_time_based_timetable', 'dataset_consumes_1', 'consume_1_and_2_with_dataset_expressions', 'consume_1_or_both_2_and_3_with_dataset_expressions', 'dataset_produces_1', 'dataset_produces_2' retrieved from /home/airflow/.local/lib/python3.12/site-packages/airflow/example_dags/example_datasets.py
[2025-01-07T11:50:50.343+0000] {logging_mixin.py:190} INFO - [2025-01-07T11:50:50.343+0000] {dag.py:3239} INFO - Sync 10 DAGs
[2025-01-07T11:50:50.365+0000] {logging_mixin.py:190} INFO - [2025-01-07T11:50:50.365+0000] {dag.py:4180} INFO - Setting next_dagrun for conditional_dataset_and_time_based_timetable to 2025-01-01 01:00:00+00:00, run_after=2025-01-01 01:00:00+00:00
[2025-01-07T11:50:50.369+0000] {logging_mixin.py:190} INFO - [2025-01-07T11:50:50.368+0000] {dag.py:4180} INFO - Setting next_dagrun for consume_1_and_2_with_dataset_expressions to None, run_after=None
[2025-01-07T11:50:50.370+0000] {logging_mixin.py:190} INFO - [2025-01-07T11:50:50.370+0000] {dag.py:4180} INFO - Setting next_dagrun for consume_1_or_2_with_dataset_expressions to None, run_after=None
[2025-01-07T11:50:50.372+0000] {logging_mixin.py:190} INFO - [2025-01-07T11:50:50.371+0000] {dag.py:4180} INFO - Setting next_dagrun for consume_1_or_both_2_and_3_with_dataset_expressions to None, run_after=None
[2025-01-07T11:50:50.373+0000] {logging_mixin.py:190} INFO - [2025-01-07T11:50:50.373+0000] {dag.py:4180} INFO - Setting next_dagrun for dataset_consumes_1 to None, run_after=None
[2025-01-07T11:50:50.374+0000] {logging_mixin.py:190} INFO - [2025-01-07T11:50:50.374+0000] {dag.py:4180} INFO - Setting next_dagrun for dataset_consumes_1_and_2 to None, run_after=None
[2025-01-07T11:50:50.376+0000] {logging_mixin.py:190} INFO - [2025-01-07T11:50:50.376+0000] {dag.py:4180} INFO - Setting next_dagrun for dataset_consumes_1_never_scheduled to None, run_after=None
[2025-01-07T11:50:50.377+0000] {logging_mixin.py:190} INFO - [2025-01-07T11:50:50.377+0000] {dag.py:4180} INFO - Setting next_dagrun for dataset_consumes_unknown_never_scheduled to None, run_after=None
[2025-01-07T11:50:50.379+0000] {logging_mixin.py:190} INFO - [2025-01-07T11:50:50.379+0000] {dag.py:4180} INFO - Setting next_dagrun for dataset_produces_1 to 2025-01-06 00:00:00+00:00, run_after=2025-01-07 00:00:00+00:00
[2025-01-07T11:50:50.381+0000] {logging_mixin.py:190} INFO - [2025-01-07T11:50:50.380+0000] {dag.py:4180} INFO - Setting next_dagrun for dataset_produces_2 to None, run_after=None
[2025-01-07T11:50:50.412+0000] {processor.py:208} INFO - Processing /home/airflow/.local/lib/python3.12/site-packages/airflow/example_dags/example_datasets.py took 0.693 seconds
[2025-01-07T11:51:20.801+0000] {processor.py:186} INFO - Started process (PID=502) to work on /home/airflow/.local/lib/python3.12/site-packages/airflow/example_dags/example_datasets.py
[2025-01-07T11:51:20.802+0000] {processor.py:914} INFO - Processing file /home/airflow/.local/lib/python3.12/site-packages/airflow/example_dags/example_datasets.py for tasks to queue
[2025-01-07T11:51:20.805+0000] {logging_mixin.py:190} INFO - [2025-01-07T11:51:20.804+0000] {dagbag.py:588} INFO - Filling up the DagBag from /home/airflow/.local/lib/python3.12/site-packages/airflow/example_dags/example_datasets.py
[2025-01-07T11:51:21.413+0000] {processor.py:925} INFO - DAG(s) 'dataset_consumes_1_and_2', 'dataset_produces_1', 'consume_1_or_2_with_dataset_expressions', 'dataset_produces_2', 'consume_1_or_both_2_and_3_with_dataset_expressions', 'dataset_consumes_1', 'dataset_consumes_unknown_never_scheduled', 'conditional_dataset_and_time_based_timetable', 'dataset_consumes_1_never_scheduled', 'consume_1_and_2_with_dataset_expressions' retrieved from /home/airflow/.local/lib/python3.12/site-packages/airflow/example_dags/example_datasets.py
[2025-01-07T11:51:21.462+0000] {logging_mixin.py:190} INFO - [2025-01-07T11:51:21.461+0000] {dag.py:3239} INFO - Sync 10 DAGs
[2025-01-07T11:51:21.491+0000] {logging_mixin.py:190} INFO - [2025-01-07T11:51:21.491+0000] {dag.py:4180} INFO - Setting next_dagrun for conditional_dataset_and_time_based_timetable to 2025-01-01 01:00:00+00:00, run_after=2025-01-01 01:00:00+00:00
[2025-01-07T11:51:21.495+0000] {logging_mixin.py:190} INFO - [2025-01-07T11:51:21.495+0000] {dag.py:4180} INFO - Setting next_dagrun for consume_1_and_2_with_dataset_expressions to None, run_after=None
[2025-01-07T11:51:21.497+0000] {logging_mixin.py:190} INFO - [2025-01-07T11:51:21.497+0000] {dag.py:4180} INFO - Setting next_dagrun for consume_1_or_2_with_dataset_expressions to None, run_after=None
[2025-01-07T11:51:21.499+0000] {logging_mixin.py:190} INFO - [2025-01-07T11:51:21.499+0000] {dag.py:4180} INFO - Setting next_dagrun for consume_1_or_both_2_and_3_with_dataset_expressions to None, run_after=None
[2025-01-07T11:51:21.501+0000] {logging_mixin.py:190} INFO - [2025-01-07T11:51:21.501+0000] {dag.py:4180} INFO - Setting next_dagrun for dataset_consumes_1 to None, run_after=None
[2025-01-07T11:51:21.503+0000] {logging_mixin.py:190} INFO - [2025-01-07T11:51:21.503+0000] {dag.py:4180} INFO - Setting next_dagrun for dataset_consumes_1_and_2 to None, run_after=None
[2025-01-07T11:51:21.507+0000] {logging_mixin.py:190} INFO - [2025-01-07T11:51:21.506+0000] {dag.py:4180} INFO - Setting next_dagrun for dataset_consumes_1_never_scheduled to None, run_after=None
[2025-01-07T11:51:21.510+0000] {logging_mixin.py:190} INFO - [2025-01-07T11:51:21.509+0000] {dag.py:4180} INFO - Setting next_dagrun for dataset_consumes_unknown_never_scheduled to None, run_after=None
[2025-01-07T11:51:21.513+0000] {logging_mixin.py:190} INFO - [2025-01-07T11:51:21.513+0000] {dag.py:4180} INFO - Setting next_dagrun for dataset_produces_1 to 2025-01-06 00:00:00+00:00, run_after=2025-01-07 00:00:00+00:00
[2025-01-07T11:51:21.515+0000] {logging_mixin.py:190} INFO - [2025-01-07T11:51:21.515+0000] {dag.py:4180} INFO - Setting next_dagrun for dataset_produces_2 to None, run_after=None
[2025-01-07T11:51:21.555+0000] {processor.py:208} INFO - Processing /home/airflow/.local/lib/python3.12/site-packages/airflow/example_dags/example_datasets.py took 0.761 seconds
[2025-01-07T11:51:52.204+0000] {processor.py:186} INFO - Started process (PID=565) to work on /home/airflow/.local/lib/python3.12/site-packages/airflow/example_dags/example_datasets.py
[2025-01-07T11:51:52.206+0000] {processor.py:914} INFO - Processing file /home/airflow/.local/lib/python3.12/site-packages/airflow/example_dags/example_datasets.py for tasks to queue
[2025-01-07T11:51:52.208+0000] {logging_mixin.py:190} INFO - [2025-01-07T11:51:52.208+0000] {dagbag.py:588} INFO - Filling up the DagBag from /home/airflow/.local/lib/python3.12/site-packages/airflow/example_dags/example_datasets.py
[2025-01-07T11:51:52.765+0000] {processor.py:925} INFO - DAG(s) 'dataset_consumes_unknown_never_scheduled', 'dataset_consumes_1_and_2', 'dataset_produces_2', 'dataset_consumes_1_never_scheduled', 'conditional_dataset_and_time_based_timetable', 'consume_1_and_2_with_dataset_expressions', 'consume_1_or_both_2_and_3_with_dataset_expressions', 'dataset_consumes_1', 'dataset_produces_1', 'consume_1_or_2_with_dataset_expressions' retrieved from /home/airflow/.local/lib/python3.12/site-packages/airflow/example_dags/example_datasets.py
[2025-01-07T11:51:52.805+0000] {logging_mixin.py:190} INFO - [2025-01-07T11:51:52.805+0000] {dag.py:3239} INFO - Sync 10 DAGs
[2025-01-07T11:51:52.828+0000] {logging_mixin.py:190} INFO - [2025-01-07T11:51:52.827+0000] {dag.py:4180} INFO - Setting next_dagrun for conditional_dataset_and_time_based_timetable to 2025-01-01 01:00:00+00:00, run_after=2025-01-01 01:00:00+00:00
[2025-01-07T11:51:52.831+0000] {logging_mixin.py:190} INFO - [2025-01-07T11:51:52.831+0000] {dag.py:4180} INFO - Setting next_dagrun for consume_1_and_2_with_dataset_expressions to None, run_after=None
[2025-01-07T11:51:52.834+0000] {logging_mixin.py:190} INFO - [2025-01-07T11:51:52.833+0000] {dag.py:4180} INFO - Setting next_dagrun for consume_1_or_2_with_dataset_expressions to None, run_after=None
[2025-01-07T11:51:52.836+0000] {logging_mixin.py:190} INFO - [2025-01-07T11:51:52.835+0000] {dag.py:4180} INFO - Setting next_dagrun for consume_1_or_both_2_and_3_with_dataset_expressions to None, run_after=None
[2025-01-07T11:51:52.837+0000] {logging_mixin.py:190} INFO - [2025-01-07T11:51:52.837+0000] {dag.py:4180} INFO - Setting next_dagrun for dataset_consumes_1 to None, run_after=None
[2025-01-07T11:51:52.838+0000] {logging_mixin.py:190} INFO - [2025-01-07T11:51:52.838+0000] {dag.py:4180} INFO - Setting next_dagrun for dataset_consumes_1_and_2 to None, run_after=None
[2025-01-07T11:51:52.840+0000] {logging_mixin.py:190} INFO - [2025-01-07T11:51:52.839+0000] {dag.py:4180} INFO - Setting next_dagrun for dataset_consumes_1_never_scheduled to None, run_after=None
[2025-01-07T11:51:52.841+0000] {logging_mixin.py:190} INFO - [2025-01-07T11:51:52.841+0000] {dag.py:4180} INFO - Setting next_dagrun for dataset_consumes_unknown_never_scheduled to None, run_after=None
[2025-01-07T11:51:52.843+0000] {logging_mixin.py:190} INFO - [2025-01-07T11:51:52.843+0000] {dag.py:4180} INFO - Setting next_dagrun for dataset_produces_1 to 2025-01-06 00:00:00+00:00, run_after=2025-01-07 00:00:00+00:00
[2025-01-07T11:51:52.844+0000] {logging_mixin.py:190} INFO - [2025-01-07T11:51:52.844+0000] {dag.py:4180} INFO - Setting next_dagrun for dataset_produces_2 to None, run_after=None
[2025-01-07T11:51:52.874+0000] {processor.py:208} INFO - Processing /home/airflow/.local/lib/python3.12/site-packages/airflow/example_dags/example_datasets.py took 0.675 seconds
[2025-01-07T11:52:22.956+0000] {processor.py:186} INFO - Started process (PID=631) to work on /home/airflow/.local/lib/python3.12/site-packages/airflow/example_dags/example_datasets.py
[2025-01-07T11:52:22.957+0000] {processor.py:914} INFO - Processing file /home/airflow/.local/lib/python3.12/site-packages/airflow/example_dags/example_datasets.py for tasks to queue
[2025-01-07T11:52:22.960+0000] {logging_mixin.py:190} INFO - [2025-01-07T11:52:22.959+0000] {dagbag.py:588} INFO - Filling up the DagBag from /home/airflow/.local/lib/python3.12/site-packages/airflow/example_dags/example_datasets.py
[2025-01-07T11:52:23.493+0000] {processor.py:925} INFO - DAG(s) 'dataset_consumes_1_never_scheduled', 'dataset_consumes_1_and_2', 'conditional_dataset_and_time_based_timetable', 'dataset_produces_2', 'consume_1_and_2_with_dataset_expressions', 'dataset_consumes_unknown_never_scheduled', 'consume_1_or_both_2_and_3_with_dataset_expressions', 'dataset_consumes_1', 'consume_1_or_2_with_dataset_expressions', 'dataset_produces_1' retrieved from /home/airflow/.local/lib/python3.12/site-packages/airflow/example_dags/example_datasets.py
[2025-01-07T11:52:23.543+0000] {logging_mixin.py:190} INFO - [2025-01-07T11:52:23.543+0000] {dag.py:3239} INFO - Sync 10 DAGs
[2025-01-07T11:52:23.572+0000] {logging_mixin.py:190} INFO - [2025-01-07T11:52:23.571+0000] {dag.py:4180} INFO - Setting next_dagrun for conditional_dataset_and_time_based_timetable to 2025-01-01 01:00:00+00:00, run_after=2025-01-01 01:00:00+00:00
[2025-01-07T11:52:23.577+0000] {logging_mixin.py:190} INFO - [2025-01-07T11:52:23.577+0000] {dag.py:4180} INFO - Setting next_dagrun for consume_1_and_2_with_dataset_expressions to None, run_after=None
[2025-01-07T11:52:23.580+0000] {logging_mixin.py:190} INFO - [2025-01-07T11:52:23.579+0000] {dag.py:4180} INFO - Setting next_dagrun for consume_1_or_2_with_dataset_expressions to None, run_after=None
[2025-01-07T11:52:23.581+0000] {logging_mixin.py:190} INFO - [2025-01-07T11:52:23.581+0000] {dag.py:4180} INFO - Setting next_dagrun for consume_1_or_both_2_and_3_with_dataset_expressions to None, run_after=None
[2025-01-07T11:52:23.583+0000] {logging_mixin.py:190} INFO - [2025-01-07T11:52:23.582+0000] {dag.py:4180} INFO - Setting next_dagrun for dataset_consumes_1 to None, run_after=None
[2025-01-07T11:52:23.585+0000] {logging_mixin.py:190} INFO - [2025-01-07T11:52:23.584+0000] {dag.py:4180} INFO - Setting next_dagrun for dataset_consumes_1_and_2 to None, run_after=None
[2025-01-07T11:52:23.586+0000] {logging_mixin.py:190} INFO - [2025-01-07T11:52:23.586+0000] {dag.py:4180} INFO - Setting next_dagrun for dataset_consumes_1_never_scheduled to None, run_after=None
[2025-01-07T11:52:23.587+0000] {logging_mixin.py:190} INFO - [2025-01-07T11:52:23.587+0000] {dag.py:4180} INFO - Setting next_dagrun for dataset_consumes_unknown_never_scheduled to None, run_after=None
[2025-01-07T11:52:23.590+0000] {logging_mixin.py:190} INFO - [2025-01-07T11:52:23.590+0000] {dag.py:4180} INFO - Setting next_dagrun for dataset_produces_1 to 2025-01-06 00:00:00+00:00, run_after=2025-01-07 00:00:00+00:00
[2025-01-07T11:52:23.591+0000] {logging_mixin.py:190} INFO - [2025-01-07T11:52:23.591+0000] {dag.py:4180} INFO - Setting next_dagrun for dataset_produces_2 to None, run_after=None
[2025-01-07T11:52:23.625+0000] {processor.py:208} INFO - Processing /home/airflow/.local/lib/python3.12/site-packages/airflow/example_dags/example_datasets.py took 0.675 seconds
[2025-01-07T11:52:53.860+0000] {processor.py:186} INFO - Started process (PID=695) to work on /home/airflow/.local/lib/python3.12/site-packages/airflow/example_dags/example_datasets.py
[2025-01-07T11:52:53.861+0000] {processor.py:914} INFO - Processing file /home/airflow/.local/lib/python3.12/site-packages/airflow/example_dags/example_datasets.py for tasks to queue
[2025-01-07T11:52:53.864+0000] {logging_mixin.py:190} INFO - [2025-01-07T11:52:53.863+0000] {dagbag.py:588} INFO - Filling up the DagBag from /home/airflow/.local/lib/python3.12/site-packages/airflow/example_dags/example_datasets.py
[2025-01-07T11:52:54.360+0000] {processor.py:925} INFO - DAG(s) 'dataset_produces_2', 'consume_1_or_2_with_dataset_expressions', 'conditional_dataset_and_time_based_timetable', 'dataset_consumes_1_never_scheduled', 'consume_1_or_both_2_and_3_with_dataset_expressions', 'dataset_consumes_1', 'dataset_consumes_unknown_never_scheduled', 'dataset_produces_1', 'consume_1_and_2_with_dataset_expressions', 'dataset_consumes_1_and_2' retrieved from /home/airflow/.local/lib/python3.12/site-packages/airflow/example_dags/example_datasets.py
[2025-01-07T11:52:54.399+0000] {logging_mixin.py:190} INFO - [2025-01-07T11:52:54.398+0000] {dag.py:3239} INFO - Sync 10 DAGs
[2025-01-07T11:52:54.420+0000] {logging_mixin.py:190} INFO - [2025-01-07T11:52:54.420+0000] {dag.py:4180} INFO - Setting next_dagrun for conditional_dataset_and_time_based_timetable to 2025-01-01 01:00:00+00:00, run_after=2025-01-01 01:00:00+00:00
[2025-01-07T11:52:54.424+0000] {logging_mixin.py:190} INFO - [2025-01-07T11:52:54.423+0000] {dag.py:4180} INFO - Setting next_dagrun for consume_1_and_2_with_dataset_expressions to None, run_after=None
[2025-01-07T11:52:54.426+0000] {logging_mixin.py:190} INFO - [2025-01-07T11:52:54.426+0000] {dag.py:4180} INFO - Setting next_dagrun for consume_1_or_2_with_dataset_expressions to None, run_after=None
[2025-01-07T11:52:54.429+0000] {logging_mixin.py:190} INFO - [2025-01-07T11:52:54.428+0000] {dag.py:4180} INFO - Setting next_dagrun for consume_1_or_both_2_and_3_with_dataset_expressions to None, run_after=None
[2025-01-07T11:52:54.431+0000] {logging_mixin.py:190} INFO - [2025-01-07T11:52:54.430+0000] {dag.py:4180} INFO - Setting next_dagrun for dataset_consumes_1 to None, run_after=None
[2025-01-07T11:52:54.432+0000] {logging_mixin.py:190} INFO - [2025-01-07T11:52:54.432+0000] {dag.py:4180} INFO - Setting next_dagrun for dataset_consumes_1_and_2 to None, run_after=None
[2025-01-07T11:52:54.433+0000] {logging_mixin.py:190} INFO - [2025-01-07T11:52:54.433+0000] {dag.py:4180} INFO - Setting next_dagrun for dataset_consumes_1_never_scheduled to None, run_after=None
[2025-01-07T11:52:54.435+0000] {logging_mixin.py:190} INFO - [2025-01-07T11:52:54.434+0000] {dag.py:4180} INFO - Setting next_dagrun for dataset_consumes_unknown_never_scheduled to None, run_after=None
[2025-01-07T11:52:54.437+0000] {logging_mixin.py:190} INFO - [2025-01-07T11:52:54.437+0000] {dag.py:4180} INFO - Setting next_dagrun for dataset_produces_1 to 2025-01-06 00:00:00+00:00, run_after=2025-01-07 00:00:00+00:00
[2025-01-07T11:52:54.438+0000] {logging_mixin.py:190} INFO - [2025-01-07T11:52:54.438+0000] {dag.py:4180} INFO - Setting next_dagrun for dataset_produces_2 to None, run_after=None
[2025-01-07T11:52:54.472+0000] {processor.py:208} INFO - Processing /home/airflow/.local/lib/python3.12/site-packages/airflow/example_dags/example_datasets.py took 0.619 seconds
[2025-01-07T11:53:24.780+0000] {processor.py:186} INFO - Started process (PID=758) to work on /home/airflow/.local/lib/python3.12/site-packages/airflow/example_dags/example_datasets.py
[2025-01-07T11:53:24.781+0000] {processor.py:914} INFO - Processing file /home/airflow/.local/lib/python3.12/site-packages/airflow/example_dags/example_datasets.py for tasks to queue
[2025-01-07T11:53:24.783+0000] {logging_mixin.py:190} INFO - [2025-01-07T11:53:24.783+0000] {dagbag.py:588} INFO - Filling up the DagBag from /home/airflow/.local/lib/python3.12/site-packages/airflow/example_dags/example_datasets.py
[2025-01-07T11:53:25.341+0000] {processor.py:925} INFO - DAG(s) 'dataset_produces_2', 'consume_1_or_both_2_and_3_with_dataset_expressions', 'dataset_produces_1', 'conditional_dataset_and_time_based_timetable', 'consume_1_and_2_with_dataset_expressions', 'consume_1_or_2_with_dataset_expressions', 'dataset_consumes_1', 'dataset_consumes_1_never_scheduled', 'dataset_consumes_1_and_2', 'dataset_consumes_unknown_never_scheduled' retrieved from /home/airflow/.local/lib/python3.12/site-packages/airflow/example_dags/example_datasets.py
[2025-01-07T11:53:25.380+0000] {logging_mixin.py:190} INFO - [2025-01-07T11:53:25.380+0000] {dag.py:3239} INFO - Sync 10 DAGs
[2025-01-07T11:53:25.402+0000] {logging_mixin.py:190} INFO - [2025-01-07T11:53:25.402+0000] {dag.py:4180} INFO - Setting next_dagrun for conditional_dataset_and_time_based_timetable to 2025-01-01 01:00:00+00:00, run_after=2025-01-01 01:00:00+00:00
[2025-01-07T11:53:25.407+0000] {logging_mixin.py:190} INFO - [2025-01-07T11:53:25.406+0000] {dag.py:4180} INFO - Setting next_dagrun for consume_1_and_2_with_dataset_expressions to None, run_after=None
[2025-01-07T11:53:25.409+0000] {logging_mixin.py:190} INFO - [2025-01-07T11:53:25.409+0000] {dag.py:4180} INFO - Setting next_dagrun for consume_1_or_2_with_dataset_expressions to None, run_after=None
[2025-01-07T11:53:25.411+0000] {logging_mixin.py:190} INFO - [2025-01-07T11:53:25.410+0000] {dag.py:4180} INFO - Setting next_dagrun for consume_1_or_both_2_and_3_with_dataset_expressions to None, run_after=None
[2025-01-07T11:53:25.412+0000] {logging_mixin.py:190} INFO - [2025-01-07T11:53:25.412+0000] {dag.py:4180} INFO - Setting next_dagrun for dataset_consumes_1 to None, run_after=None
[2025-01-07T11:53:25.413+0000] {logging_mixin.py:190} INFO - [2025-01-07T11:53:25.413+0000] {dag.py:4180} INFO - Setting next_dagrun for dataset_consumes_1_and_2 to None, run_after=None
[2025-01-07T11:53:25.415+0000] {logging_mixin.py:190} INFO - [2025-01-07T11:53:25.414+0000] {dag.py:4180} INFO - Setting next_dagrun for dataset_consumes_1_never_scheduled to None, run_after=None
[2025-01-07T11:53:25.416+0000] {logging_mixin.py:190} INFO - [2025-01-07T11:53:25.416+0000] {dag.py:4180} INFO - Setting next_dagrun for dataset_consumes_unknown_never_scheduled to None, run_after=None
[2025-01-07T11:53:25.418+0000] {logging_mixin.py:190} INFO - [2025-01-07T11:53:25.418+0000] {dag.py:4180} INFO - Setting next_dagrun for dataset_produces_1 to 2025-01-06 00:00:00+00:00, run_after=2025-01-07 00:00:00+00:00
[2025-01-07T11:53:25.420+0000] {logging_mixin.py:190} INFO - [2025-01-07T11:53:25.420+0000] {dag.py:4180} INFO - Setting next_dagrun for dataset_produces_2 to None, run_after=None
[2025-01-07T11:53:25.450+0000] {processor.py:208} INFO - Processing /home/airflow/.local/lib/python3.12/site-packages/airflow/example_dags/example_datasets.py took 0.677 seconds
[2025-01-07T11:53:55.519+0000] {processor.py:186} INFO - Started process (PID=821) to work on /home/airflow/.local/lib/python3.12/site-packages/airflow/example_dags/example_datasets.py
[2025-01-07T11:53:55.520+0000] {processor.py:914} INFO - Processing file /home/airflow/.local/lib/python3.12/site-packages/airflow/example_dags/example_datasets.py for tasks to queue
[2025-01-07T11:53:55.522+0000] {logging_mixin.py:190} INFO - [2025-01-07T11:53:55.522+0000] {dagbag.py:588} INFO - Filling up the DagBag from /home/airflow/.local/lib/python3.12/site-packages/airflow/example_dags/example_datasets.py
[2025-01-07T11:53:56.052+0000] {processor.py:925} INFO - DAG(s) 'consume_1_and_2_with_dataset_expressions', 'dataset_produces_1', 'consume_1_or_2_with_dataset_expressions', 'dataset_consumes_1_and_2', 'consume_1_or_both_2_and_3_with_dataset_expressions', 'dataset_consumes_unknown_never_scheduled', 'dataset_produces_2', 'dataset_consumes_1_never_scheduled', 'dataset_consumes_1', 'conditional_dataset_and_time_based_timetable' retrieved from /home/airflow/.local/lib/python3.12/site-packages/airflow/example_dags/example_datasets.py
[2025-01-07T11:53:56.091+0000] {logging_mixin.py:190} INFO - [2025-01-07T11:53:56.091+0000] {dag.py:3239} INFO - Sync 10 DAGs
[2025-01-07T11:53:56.116+0000] {logging_mixin.py:190} INFO - [2025-01-07T11:53:56.116+0000] {dag.py:4180} INFO - Setting next_dagrun for conditional_dataset_and_time_based_timetable to 2025-01-01 01:00:00+00:00, run_after=2025-01-01 01:00:00+00:00
[2025-01-07T11:53:56.121+0000] {logging_mixin.py:190} INFO - [2025-01-07T11:53:56.120+0000] {dag.py:4180} INFO - Setting next_dagrun for consume_1_and_2_with_dataset_expressions to None, run_after=None
[2025-01-07T11:53:56.122+0000] {logging_mixin.py:190} INFO - [2025-01-07T11:53:56.122+0000] {dag.py:4180} INFO - Setting next_dagrun for consume_1_or_2_with_dataset_expressions to None, run_after=None
[2025-01-07T11:53:56.124+0000] {logging_mixin.py:190} INFO - [2025-01-07T11:53:56.124+0000] {dag.py:4180} INFO - Setting next_dagrun for consume_1_or_both_2_and_3_with_dataset_expressions to None, run_after=None
[2025-01-07T11:53:56.126+0000] {logging_mixin.py:190} INFO - [2025-01-07T11:53:56.126+0000] {dag.py:4180} INFO - Setting next_dagrun for dataset_consumes_1 to None, run_after=None
[2025-01-07T11:53:56.128+0000] {logging_mixin.py:190} INFO - [2025-01-07T11:53:56.128+0000] {dag.py:4180} INFO - Setting next_dagrun for dataset_consumes_1_and_2 to None, run_after=None
[2025-01-07T11:53:56.130+0000] {logging_mixin.py:190} INFO - [2025-01-07T11:53:56.130+0000] {dag.py:4180} INFO - Setting next_dagrun for dataset_consumes_1_never_scheduled to None, run_after=None
[2025-01-07T11:53:56.132+0000] {logging_mixin.py:190} INFO - [2025-01-07T11:53:56.131+0000] {dag.py:4180} INFO - Setting next_dagrun for dataset_consumes_unknown_never_scheduled to None, run_after=None
[2025-01-07T11:53:56.134+0000] {logging_mixin.py:190} INFO - [2025-01-07T11:53:56.134+0000] {dag.py:4180} INFO - Setting next_dagrun for dataset_produces_1 to 2025-01-06 00:00:00+00:00, run_after=2025-01-07 00:00:00+00:00
[2025-01-07T11:53:56.136+0000] {logging_mixin.py:190} INFO - [2025-01-07T11:53:56.136+0000] {dag.py:4180} INFO - Setting next_dagrun for dataset_produces_2 to None, run_after=None
[2025-01-07T11:53:56.170+0000] {processor.py:208} INFO - Processing /home/airflow/.local/lib/python3.12/site-packages/airflow/example_dags/example_datasets.py took 0.657 seconds
[2025-01-07T11:54:26.263+0000] {processor.py:186} INFO - Started process (PID=884) to work on /home/airflow/.local/lib/python3.12/site-packages/airflow/example_dags/example_datasets.py
[2025-01-07T11:54:26.264+0000] {processor.py:914} INFO - Processing file /home/airflow/.local/lib/python3.12/site-packages/airflow/example_dags/example_datasets.py for tasks to queue
[2025-01-07T11:54:26.266+0000] {logging_mixin.py:190} INFO - [2025-01-07T11:54:26.266+0000] {dagbag.py:588} INFO - Filling up the DagBag from /home/airflow/.local/lib/python3.12/site-packages/airflow/example_dags/example_datasets.py
[2025-01-07T11:54:26.807+0000] {processor.py:925} INFO - DAG(s) 'dataset_consumes_1_never_scheduled', 'dataset_consumes_1_and_2', 'dataset_produces_2', 'dataset_consumes_1', 'consume_1_or_both_2_and_3_with_dataset_expressions', 'consume_1_and_2_with_dataset_expressions', 'dataset_consumes_unknown_never_scheduled', 'dataset_produces_1', 'conditional_dataset_and_time_based_timetable', 'consume_1_or_2_with_dataset_expressions' retrieved from /home/airflow/.local/lib/python3.12/site-packages/airflow/example_dags/example_datasets.py
[2025-01-07T11:54:26.849+0000] {logging_mixin.py:190} INFO - [2025-01-07T11:54:26.849+0000] {dag.py:3239} INFO - Sync 10 DAGs
[2025-01-07T11:54:26.871+0000] {logging_mixin.py:190} INFO - [2025-01-07T11:54:26.871+0000] {dag.py:4180} INFO - Setting next_dagrun for conditional_dataset_and_time_based_timetable to 2025-01-01 01:00:00+00:00, run_after=2025-01-01 01:00:00+00:00
[2025-01-07T11:54:26.875+0000] {logging_mixin.py:190} INFO - [2025-01-07T11:54:26.875+0000] {dag.py:4180} INFO - Setting next_dagrun for consume_1_and_2_with_dataset_expressions to None, run_after=None
[2025-01-07T11:54:26.877+0000] {logging_mixin.py:190} INFO - [2025-01-07T11:54:26.877+0000] {dag.py:4180} INFO - Setting next_dagrun for consume_1_or_2_with_dataset_expressions to None, run_after=None
[2025-01-07T11:54:26.878+0000] {logging_mixin.py:190} INFO - [2025-01-07T11:54:26.878+0000] {dag.py:4180} INFO - Setting next_dagrun for consume_1_or_both_2_and_3_with_dataset_expressions to None, run_after=None
[2025-01-07T11:54:26.880+0000] {logging_mixin.py:190} INFO - [2025-01-07T11:54:26.880+0000] {dag.py:4180} INFO - Setting next_dagrun for dataset_consumes_1 to None, run_after=None
[2025-01-07T11:54:26.882+0000] {logging_mixin.py:190} INFO - [2025-01-07T11:54:26.881+0000] {dag.py:4180} INFO - Setting next_dagrun for dataset_consumes_1_and_2 to None, run_after=None
[2025-01-07T11:54:26.883+0000] {logging_mixin.py:190} INFO - [2025-01-07T11:54:26.883+0000] {dag.py:4180} INFO - Setting next_dagrun for dataset_consumes_1_never_scheduled to None, run_after=None
[2025-01-07T11:54:26.884+0000] {logging_mixin.py:190} INFO - [2025-01-07T11:54:26.884+0000] {dag.py:4180} INFO - Setting next_dagrun for dataset_consumes_unknown_never_scheduled to None, run_after=None
[2025-01-07T11:54:26.887+0000] {logging_mixin.py:190} INFO - [2025-01-07T11:54:26.887+0000] {dag.py:4180} INFO - Setting next_dagrun for dataset_produces_1 to 2025-01-06 00:00:00+00:00, run_after=2025-01-07 00:00:00+00:00
[2025-01-07T11:54:26.888+0000] {logging_mixin.py:190} INFO - [2025-01-07T11:54:26.888+0000] {dag.py:4180} INFO - Setting next_dagrun for dataset_produces_2 to None, run_after=None
[2025-01-07T11:54:26.920+0000] {processor.py:208} INFO - Processing /home/airflow/.local/lib/python3.12/site-packages/airflow/example_dags/example_datasets.py took 0.663 seconds
[2025-01-07T11:54:57.552+0000] {processor.py:186} INFO - Started process (PID=947) to work on /home/airflow/.local/lib/python3.12/site-packages/airflow/example_dags/example_datasets.py
[2025-01-07T11:54:57.553+0000] {processor.py:914} INFO - Processing file /home/airflow/.local/lib/python3.12/site-packages/airflow/example_dags/example_datasets.py for tasks to queue
[2025-01-07T11:54:57.556+0000] {logging_mixin.py:190} INFO - [2025-01-07T11:54:57.556+0000] {dagbag.py:588} INFO - Filling up the DagBag from /home/airflow/.local/lib/python3.12/site-packages/airflow/example_dags/example_datasets.py
[2025-01-07T11:54:58.147+0000] {processor.py:925} INFO - DAG(s) 'dataset_consumes_1', 'dataset_consumes_unknown_never_scheduled', 'dataset_consumes_1_never_scheduled', 'dataset_consumes_1_and_2', 'dataset_produces_2', 'dataset_produces_1', 'consume_1_or_both_2_and_3_with_dataset_expressions', 'conditional_dataset_and_time_based_timetable', 'consume_1_and_2_with_dataset_expressions', 'consume_1_or_2_with_dataset_expressions' retrieved from /home/airflow/.local/lib/python3.12/site-packages/airflow/example_dags/example_datasets.py
[2025-01-07T11:54:58.222+0000] {logging_mixin.py:190} INFO - [2025-01-07T11:54:58.221+0000] {dag.py:3239} INFO - Sync 10 DAGs
[2025-01-07T11:54:58.249+0000] {logging_mixin.py:190} INFO - [2025-01-07T11:54:58.248+0000] {dag.py:4180} INFO - Setting next_dagrun for conditional_dataset_and_time_based_timetable to 2025-01-01 01:00:00+00:00, run_after=2025-01-01 01:00:00+00:00
[2025-01-07T11:54:58.254+0000] {logging_mixin.py:190} INFO - [2025-01-07T11:54:58.253+0000] {dag.py:4180} INFO - Setting next_dagrun for consume_1_and_2_with_dataset_expressions to None, run_after=None
[2025-01-07T11:54:58.256+0000] {logging_mixin.py:190} INFO - [2025-01-07T11:54:58.255+0000] {dag.py:4180} INFO - Setting next_dagrun for consume_1_or_2_with_dataset_expressions to None, run_after=None
[2025-01-07T11:54:58.257+0000] {logging_mixin.py:190} INFO - [2025-01-07T11:54:58.257+0000] {dag.py:4180} INFO - Setting next_dagrun for consume_1_or_both_2_and_3_with_dataset_expressions to None, run_after=None
[2025-01-07T11:54:58.259+0000] {logging_mixin.py:190} INFO - [2025-01-07T11:54:58.258+0000] {dag.py:4180} INFO - Setting next_dagrun for dataset_consumes_1 to None, run_after=None
[2025-01-07T11:54:58.261+0000] {logging_mixin.py:190} INFO - [2025-01-07T11:54:58.260+0000] {dag.py:4180} INFO - Setting next_dagrun for dataset_consumes_1_and_2 to None, run_after=None
[2025-01-07T11:54:58.262+0000] {logging_mixin.py:190} INFO - [2025-01-07T11:54:58.262+0000] {dag.py:4180} INFO - Setting next_dagrun for dataset_consumes_1_never_scheduled to None, run_after=None
[2025-01-07T11:54:58.263+0000] {logging_mixin.py:190} INFO - [2025-01-07T11:54:58.263+0000] {dag.py:4180} INFO - Setting next_dagrun for dataset_consumes_unknown_never_scheduled to None, run_after=None
[2025-01-07T11:54:58.266+0000] {logging_mixin.py:190} INFO - [2025-01-07T11:54:58.266+0000] {dag.py:4180} INFO - Setting next_dagrun for dataset_produces_1 to 2025-01-06 00:00:00+00:00, run_after=2025-01-07 00:00:00+00:00
[2025-01-07T11:54:58.268+0000] {logging_mixin.py:190} INFO - [2025-01-07T11:54:58.267+0000] {dag.py:4180} INFO - Setting next_dagrun for dataset_produces_2 to None, run_after=None
[2025-01-07T11:54:58.306+0000] {processor.py:208} INFO - Processing /home/airflow/.local/lib/python3.12/site-packages/airflow/example_dags/example_datasets.py took 0.762 seconds
[2025-01-07T11:55:28.390+0000] {processor.py:186} INFO - Started process (PID=1010) to work on /home/airflow/.local/lib/python3.12/site-packages/airflow/example_dags/example_datasets.py
[2025-01-07T11:55:28.392+0000] {processor.py:914} INFO - Processing file /home/airflow/.local/lib/python3.12/site-packages/airflow/example_dags/example_datasets.py for tasks to queue
[2025-01-07T11:55:28.394+0000] {logging_mixin.py:190} INFO - [2025-01-07T11:55:28.394+0000] {dagbag.py:588} INFO - Filling up the DagBag from /home/airflow/.local/lib/python3.12/site-packages/airflow/example_dags/example_datasets.py
[2025-01-07T11:55:28.960+0000] {processor.py:925} INFO - DAG(s) 'dataset_consumes_1_never_scheduled', 'consume_1_and_2_with_dataset_expressions', 'conditional_dataset_and_time_based_timetable', 'dataset_produces_2', 'dataset_produces_1', 'dataset_consumes_1_and_2', 'consume_1_or_both_2_and_3_with_dataset_expressions', 'dataset_consumes_1', 'consume_1_or_2_with_dataset_expressions', 'dataset_consumes_unknown_never_scheduled' retrieved from /home/airflow/.local/lib/python3.12/site-packages/airflow/example_dags/example_datasets.py
[2025-01-07T11:55:29.017+0000] {logging_mixin.py:190} INFO - [2025-01-07T11:55:29.017+0000] {dag.py:3239} INFO - Sync 10 DAGs
[2025-01-07T11:55:29.052+0000] {logging_mixin.py:190} INFO - [2025-01-07T11:55:29.051+0000] {dag.py:4180} INFO - Setting next_dagrun for conditional_dataset_and_time_based_timetable to 2025-01-01 01:00:00+00:00, run_after=2025-01-01 01:00:00+00:00
[2025-01-07T11:55:29.058+0000] {logging_mixin.py:190} INFO - [2025-01-07T11:55:29.058+0000] {dag.py:4180} INFO - Setting next_dagrun for consume_1_and_2_with_dataset_expressions to None, run_after=None
[2025-01-07T11:55:29.060+0000] {logging_mixin.py:190} INFO - [2025-01-07T11:55:29.060+0000] {dag.py:4180} INFO - Setting next_dagrun for consume_1_or_2_with_dataset_expressions to None, run_after=None
[2025-01-07T11:55:29.062+0000] {logging_mixin.py:190} INFO - [2025-01-07T11:55:29.062+0000] {dag.py:4180} INFO - Setting next_dagrun for consume_1_or_both_2_and_3_with_dataset_expressions to None, run_after=None
[2025-01-07T11:55:29.063+0000] {logging_mixin.py:190} INFO - [2025-01-07T11:55:29.063+0000] {dag.py:4180} INFO - Setting next_dagrun for dataset_consumes_1 to None, run_after=None
[2025-01-07T11:55:29.066+0000] {logging_mixin.py:190} INFO - [2025-01-07T11:55:29.065+0000] {dag.py:4180} INFO - Setting next_dagrun for dataset_consumes_1_and_2 to None, run_after=None
[2025-01-07T11:55:29.067+0000] {logging_mixin.py:190} INFO - [2025-01-07T11:55:29.067+0000] {dag.py:4180} INFO - Setting next_dagrun for dataset_consumes_1_never_scheduled to None, run_after=None
[2025-01-07T11:55:29.069+0000] {logging_mixin.py:190} INFO - [2025-01-07T11:55:29.069+0000] {dag.py:4180} INFO - Setting next_dagrun for dataset_consumes_unknown_never_scheduled to None, run_after=None
[2025-01-07T11:55:29.073+0000] {logging_mixin.py:190} INFO - [2025-01-07T11:55:29.072+0000] {dag.py:4180} INFO - Setting next_dagrun for dataset_produces_1 to 2025-01-06 00:00:00+00:00, run_after=2025-01-07 00:00:00+00:00
[2025-01-07T11:55:29.075+0000] {logging_mixin.py:190} INFO - [2025-01-07T11:55:29.075+0000] {dag.py:4180} INFO - Setting next_dagrun for dataset_produces_2 to None, run_after=None
[2025-01-07T11:55:29.108+0000] {processor.py:208} INFO - Processing /home/airflow/.local/lib/python3.12/site-packages/airflow/example_dags/example_datasets.py took 0.725 seconds
[2025-01-07T11:55:59.740+0000] {processor.py:186} INFO - Started process (PID=1073) to work on /home/airflow/.local/lib/python3.12/site-packages/airflow/example_dags/example_datasets.py
[2025-01-07T11:55:59.741+0000] {processor.py:914} INFO - Processing file /home/airflow/.local/lib/python3.12/site-packages/airflow/example_dags/example_datasets.py for tasks to queue
[2025-01-07T11:55:59.743+0000] {logging_mixin.py:190} INFO - [2025-01-07T11:55:59.743+0000] {dagbag.py:588} INFO - Filling up the DagBag from /home/airflow/.local/lib/python3.12/site-packages/airflow/example_dags/example_datasets.py
[2025-01-07T11:56:00.404+0000] {processor.py:925} INFO - DAG(s) 'dataset_consumes_1_never_scheduled', 'dataset_consumes_1_and_2', 'conditional_dataset_and_time_based_timetable', 'consume_1_or_both_2_and_3_with_dataset_expressions', 'consume_1_and_2_with_dataset_expressions', 'dataset_consumes_unknown_never_scheduled', 'dataset_produces_2', 'consume_1_or_2_with_dataset_expressions', 'dataset_consumes_1', 'dataset_produces_1' retrieved from /home/airflow/.local/lib/python3.12/site-packages/airflow/example_dags/example_datasets.py
[2025-01-07T11:56:00.451+0000] {logging_mixin.py:190} INFO - [2025-01-07T11:56:00.451+0000] {dag.py:3239} INFO - Sync 10 DAGs
[2025-01-07T11:56:00.477+0000] {logging_mixin.py:190} INFO - [2025-01-07T11:56:00.477+0000] {dag.py:4180} INFO - Setting next_dagrun for conditional_dataset_and_time_based_timetable to 2025-01-01 01:00:00+00:00, run_after=2025-01-01 01:00:00+00:00
[2025-01-07T11:56:00.481+0000] {logging_mixin.py:190} INFO - [2025-01-07T11:56:00.480+0000] {dag.py:4180} INFO - Setting next_dagrun for consume_1_and_2_with_dataset_expressions to None, run_after=None
[2025-01-07T11:56:00.482+0000] {logging_mixin.py:190} INFO - [2025-01-07T11:56:00.482+0000] {dag.py:4180} INFO - Setting next_dagrun for consume_1_or_2_with_dataset_expressions to None, run_after=None
[2025-01-07T11:56:00.484+0000] {logging_mixin.py:190} INFO - [2025-01-07T11:56:00.483+0000] {dag.py:4180} INFO - Setting next_dagrun for consume_1_or_both_2_and_3_with_dataset_expressions to None, run_after=None
[2025-01-07T11:56:00.487+0000] {logging_mixin.py:190} INFO - [2025-01-07T11:56:00.487+0000] {dag.py:4180} INFO - Setting next_dagrun for dataset_consumes_1 to None, run_after=None
[2025-01-07T11:56:00.489+0000] {logging_mixin.py:190} INFO - [2025-01-07T11:56:00.489+0000] {dag.py:4180} INFO - Setting next_dagrun for dataset_consumes_1_and_2 to None, run_after=None
[2025-01-07T11:56:00.490+0000] {logging_mixin.py:190} INFO - [2025-01-07T11:56:00.490+0000] {dag.py:4180} INFO - Setting next_dagrun for dataset_consumes_1_never_scheduled to None, run_after=None
[2025-01-07T11:56:00.492+0000] {logging_mixin.py:190} INFO - [2025-01-07T11:56:00.491+0000] {dag.py:4180} INFO - Setting next_dagrun for dataset_consumes_unknown_never_scheduled to None, run_after=None
[2025-01-07T11:56:00.494+0000] {logging_mixin.py:190} INFO - [2025-01-07T11:56:00.494+0000] {dag.py:4180} INFO - Setting next_dagrun for dataset_produces_1 to 2025-01-06 00:00:00+00:00, run_after=2025-01-07 00:00:00+00:00
[2025-01-07T11:56:00.496+0000] {logging_mixin.py:190} INFO - [2025-01-07T11:56:00.496+0000] {dag.py:4180} INFO - Setting next_dagrun for dataset_produces_2 to None, run_after=None
[2025-01-07T11:56:00.532+0000] {processor.py:208} INFO - Processing /home/airflow/.local/lib/python3.12/site-packages/airflow/example_dags/example_datasets.py took 0.800 seconds
[2025-01-07T11:56:30.744+0000] {processor.py:186} INFO - Started process (PID=1136) to work on /home/airflow/.local/lib/python3.12/site-packages/airflow/example_dags/example_datasets.py
[2025-01-07T11:56:30.745+0000] {processor.py:914} INFO - Processing file /home/airflow/.local/lib/python3.12/site-packages/airflow/example_dags/example_datasets.py for tasks to queue
[2025-01-07T11:56:30.748+0000] {logging_mixin.py:190} INFO - [2025-01-07T11:56:30.747+0000] {dagbag.py:588} INFO - Filling up the DagBag from /home/airflow/.local/lib/python3.12/site-packages/airflow/example_dags/example_datasets.py
[2025-01-07T11:56:31.301+0000] {processor.py:925} INFO - DAG(s) 'dataset_produces_1', 'dataset_produces_2', 'consume_1_and_2_with_dataset_expressions', 'consume_1_or_2_with_dataset_expressions', 'conditional_dataset_and_time_based_timetable', 'dataset_consumes_1_never_scheduled', 'consume_1_or_both_2_and_3_with_dataset_expressions', 'dataset_consumes_unknown_never_scheduled', 'dataset_consumes_1_and_2', 'dataset_consumes_1' retrieved from /home/airflow/.local/lib/python3.12/site-packages/airflow/example_dags/example_datasets.py
[2025-01-07T11:56:31.352+0000] {logging_mixin.py:190} INFO - [2025-01-07T11:56:31.352+0000] {dag.py:3239} INFO - Sync 10 DAGs
[2025-01-07T11:56:31.376+0000] {logging_mixin.py:190} INFO - [2025-01-07T11:56:31.376+0000] {dag.py:4180} INFO - Setting next_dagrun for conditional_dataset_and_time_based_timetable to 2025-01-01 01:00:00+00:00, run_after=2025-01-01 01:00:00+00:00
[2025-01-07T11:56:31.380+0000] {logging_mixin.py:190} INFO - [2025-01-07T11:56:31.379+0000] {dag.py:4180} INFO - Setting next_dagrun for consume_1_and_2_with_dataset_expressions to None, run_after=None
[2025-01-07T11:56:31.382+0000] {logging_mixin.py:190} INFO - [2025-01-07T11:56:31.381+0000] {dag.py:4180} INFO - Setting next_dagrun for consume_1_or_2_with_dataset_expressions to None, run_after=None
[2025-01-07T11:56:31.383+0000] {logging_mixin.py:190} INFO - [2025-01-07T11:56:31.383+0000] {dag.py:4180} INFO - Setting next_dagrun for consume_1_or_both_2_and_3_with_dataset_expressions to None, run_after=None
[2025-01-07T11:56:31.385+0000] {logging_mixin.py:190} INFO - [2025-01-07T11:56:31.385+0000] {dag.py:4180} INFO - Setting next_dagrun for dataset_consumes_1 to None, run_after=None
[2025-01-07T11:56:31.386+0000] {logging_mixin.py:190} INFO - [2025-01-07T11:56:31.386+0000] {dag.py:4180} INFO - Setting next_dagrun for dataset_consumes_1_and_2 to None, run_after=None
[2025-01-07T11:56:31.388+0000] {logging_mixin.py:190} INFO - [2025-01-07T11:56:31.388+0000] {dag.py:4180} INFO - Setting next_dagrun for dataset_consumes_1_never_scheduled to None, run_after=None
[2025-01-07T11:56:31.390+0000] {logging_mixin.py:190} INFO - [2025-01-07T11:56:31.390+0000] {dag.py:4180} INFO - Setting next_dagrun for dataset_consumes_unknown_never_scheduled to None, run_after=None
[2025-01-07T11:56:31.393+0000] {logging_mixin.py:190} INFO - [2025-01-07T11:56:31.392+0000] {dag.py:4180} INFO - Setting next_dagrun for dataset_produces_1 to 2025-01-06 00:00:00+00:00, run_after=2025-01-07 00:00:00+00:00
[2025-01-07T11:56:31.394+0000] {logging_mixin.py:190} INFO - [2025-01-07T11:56:31.394+0000] {dag.py:4180} INFO - Setting next_dagrun for dataset_produces_2 to None, run_after=None
[2025-01-07T11:56:31.434+0000] {processor.py:208} INFO - Processing /home/airflow/.local/lib/python3.12/site-packages/airflow/example_dags/example_datasets.py took 0.697 seconds
[2025-01-07T11:57:02.004+0000] {processor.py:186} INFO - Started process (PID=1199) to work on /home/airflow/.local/lib/python3.12/site-packages/airflow/example_dags/example_datasets.py
[2025-01-07T11:57:02.006+0000] {processor.py:914} INFO - Processing file /home/airflow/.local/lib/python3.12/site-packages/airflow/example_dags/example_datasets.py for tasks to queue
[2025-01-07T11:57:02.008+0000] {logging_mixin.py:190} INFO - [2025-01-07T11:57:02.008+0000] {dagbag.py:588} INFO - Filling up the DagBag from /home/airflow/.local/lib/python3.12/site-packages/airflow/example_dags/example_datasets.py
[2025-01-07T11:57:02.698+0000] {processor.py:925} INFO - DAG(s) 'dataset_produces_2', 'dataset_consumes_unknown_never_scheduled', 'consume_1_or_both_2_and_3_with_dataset_expressions', 'consume_1_or_2_with_dataset_expressions', 'dataset_consumes_1', 'consume_1_and_2_with_dataset_expressions', 'dataset_produces_1', 'dataset_consumes_1_never_scheduled', 'dataset_consumes_1_and_2', 'conditional_dataset_and_time_based_timetable' retrieved from /home/airflow/.local/lib/python3.12/site-packages/airflow/example_dags/example_datasets.py
[2025-01-07T11:57:02.757+0000] {logging_mixin.py:190} INFO - [2025-01-07T11:57:02.757+0000] {dag.py:3239} INFO - Sync 10 DAGs
[2025-01-07T11:57:02.790+0000] {logging_mixin.py:190} INFO - [2025-01-07T11:57:02.790+0000] {dag.py:4180} INFO - Setting next_dagrun for conditional_dataset_and_time_based_timetable to 2025-01-01 01:00:00+00:00, run_after=2025-01-01 01:00:00+00:00
[2025-01-07T11:57:02.796+0000] {logging_mixin.py:190} INFO - [2025-01-07T11:57:02.795+0000] {dag.py:4180} INFO - Setting next_dagrun for consume_1_and_2_with_dataset_expressions to None, run_after=None
[2025-01-07T11:57:02.798+0000] {logging_mixin.py:190} INFO - [2025-01-07T11:57:02.797+0000] {dag.py:4180} INFO - Setting next_dagrun for consume_1_or_2_with_dataset_expressions to None, run_after=None
[2025-01-07T11:57:02.800+0000] {logging_mixin.py:190} INFO - [2025-01-07T11:57:02.799+0000] {dag.py:4180} INFO - Setting next_dagrun for consume_1_or_both_2_and_3_with_dataset_expressions to None, run_after=None
[2025-01-07T11:57:02.802+0000] {logging_mixin.py:190} INFO - [2025-01-07T11:57:02.802+0000] {dag.py:4180} INFO - Setting next_dagrun for dataset_consumes_1 to None, run_after=None
[2025-01-07T11:57:02.804+0000] {logging_mixin.py:190} INFO - [2025-01-07T11:57:02.804+0000] {dag.py:4180} INFO - Setting next_dagrun for dataset_consumes_1_and_2 to None, run_after=None
[2025-01-07T11:57:02.807+0000] {logging_mixin.py:190} INFO - [2025-01-07T11:57:02.807+0000] {dag.py:4180} INFO - Setting next_dagrun for dataset_consumes_1_never_scheduled to None, run_after=None
[2025-01-07T11:57:02.809+0000] {logging_mixin.py:190} INFO - [2025-01-07T11:57:02.809+0000] {dag.py:4180} INFO - Setting next_dagrun for dataset_consumes_unknown_never_scheduled to None, run_after=None
[2025-01-07T11:57:02.814+0000] {logging_mixin.py:190} INFO - [2025-01-07T11:57:02.813+0000] {dag.py:4180} INFO - Setting next_dagrun for dataset_produces_1 to 2025-01-06 00:00:00+00:00, run_after=2025-01-07 00:00:00+00:00
[2025-01-07T11:57:02.816+0000] {logging_mixin.py:190} INFO - [2025-01-07T11:57:02.816+0000] {dag.py:4180} INFO - Setting next_dagrun for dataset_produces_2 to None, run_after=None
[2025-01-07T11:57:02.865+0000] {processor.py:208} INFO - Processing /home/airflow/.local/lib/python3.12/site-packages/airflow/example_dags/example_datasets.py took 0.868 seconds
[2025-01-07T11:57:33.287+0000] {processor.py:186} INFO - Started process (PID=1262) to work on /home/airflow/.local/lib/python3.12/site-packages/airflow/example_dags/example_datasets.py
[2025-01-07T11:57:33.288+0000] {processor.py:914} INFO - Processing file /home/airflow/.local/lib/python3.12/site-packages/airflow/example_dags/example_datasets.py for tasks to queue
[2025-01-07T11:57:33.300+0000] {logging_mixin.py:190} INFO - [2025-01-07T11:57:33.300+0000] {dagbag.py:588} INFO - Filling up the DagBag from /home/airflow/.local/lib/python3.12/site-packages/airflow/example_dags/example_datasets.py
[2025-01-07T11:57:33.888+0000] {processor.py:925} INFO - DAG(s) 'dataset_consumes_1_never_scheduled', 'conditional_dataset_and_time_based_timetable', 'dataset_consumes_1', 'consume_1_or_2_with_dataset_expressions', 'consume_1_and_2_with_dataset_expressions', 'dataset_produces_1', 'dataset_consumes_unknown_never_scheduled', 'dataset_consumes_1_and_2', 'consume_1_or_both_2_and_3_with_dataset_expressions', 'dataset_produces_2' retrieved from /home/airflow/.local/lib/python3.12/site-packages/airflow/example_dags/example_datasets.py
[2025-01-07T11:57:33.967+0000] {logging_mixin.py:190} INFO - [2025-01-07T11:57:33.967+0000] {dag.py:3239} INFO - Sync 10 DAGs
[2025-01-07T11:57:34.007+0000] {logging_mixin.py:190} INFO - [2025-01-07T11:57:34.007+0000] {dag.py:4180} INFO - Setting next_dagrun for conditional_dataset_and_time_based_timetable to 2025-01-01 01:00:00+00:00, run_after=2025-01-01 01:00:00+00:00
[2025-01-07T11:57:34.018+0000] {logging_mixin.py:190} INFO - [2025-01-07T11:57:34.017+0000] {dag.py:4180} INFO - Setting next_dagrun for consume_1_and_2_with_dataset_expressions to None, run_after=None
[2025-01-07T11:57:34.026+0000] {logging_mixin.py:190} INFO - [2025-01-07T11:57:34.025+0000] {dag.py:4180} INFO - Setting next_dagrun for consume_1_or_2_with_dataset_expressions to None, run_after=None
[2025-01-07T11:57:34.031+0000] {logging_mixin.py:190} INFO - [2025-01-07T11:57:34.031+0000] {dag.py:4180} INFO - Setting next_dagrun for consume_1_or_both_2_and_3_with_dataset_expressions to None, run_after=None
[2025-01-07T11:57:34.034+0000] {logging_mixin.py:190} INFO - [2025-01-07T11:57:34.033+0000] {dag.py:4180} INFO - Setting next_dagrun for dataset_consumes_1 to None, run_after=None
[2025-01-07T11:57:34.037+0000] {logging_mixin.py:190} INFO - [2025-01-07T11:57:34.036+0000] {dag.py:4180} INFO - Setting next_dagrun for dataset_consumes_1_and_2 to None, run_after=None
[2025-01-07T11:57:34.042+0000] {logging_mixin.py:190} INFO - [2025-01-07T11:57:34.042+0000] {dag.py:4180} INFO - Setting next_dagrun for dataset_consumes_1_never_scheduled to None, run_after=None
[2025-01-07T11:57:34.045+0000] {logging_mixin.py:190} INFO - [2025-01-07T11:57:34.044+0000] {dag.py:4180} INFO - Setting next_dagrun for dataset_consumes_unknown_never_scheduled to None, run_after=None
[2025-01-07T11:57:34.050+0000] {logging_mixin.py:190} INFO - [2025-01-07T11:57:34.049+0000] {dag.py:4180} INFO - Setting next_dagrun for dataset_produces_1 to 2025-01-06 00:00:00+00:00, run_after=2025-01-07 00:00:00+00:00
[2025-01-07T11:57:34.052+0000] {logging_mixin.py:190} INFO - [2025-01-07T11:57:34.052+0000] {dag.py:4180} INFO - Setting next_dagrun for dataset_produces_2 to None, run_after=None
[2025-01-07T11:57:34.102+0000] {processor.py:208} INFO - Processing /home/airflow/.local/lib/python3.12/site-packages/airflow/example_dags/example_datasets.py took 0.822 seconds
[2025-01-07T11:58:04.768+0000] {processor.py:186} INFO - Started process (PID=1332) to work on /home/airflow/.local/lib/python3.12/site-packages/airflow/example_dags/example_datasets.py
[2025-01-07T11:58:04.770+0000] {processor.py:914} INFO - Processing file /home/airflow/.local/lib/python3.12/site-packages/airflow/example_dags/example_datasets.py for tasks to queue
[2025-01-07T11:58:04.773+0000] {logging_mixin.py:190} INFO - [2025-01-07T11:58:04.773+0000] {dagbag.py:588} INFO - Filling up the DagBag from /home/airflow/.local/lib/python3.12/site-packages/airflow/example_dags/example_datasets.py
[2025-01-07T11:58:05.578+0000] {processor.py:925} INFO - DAG(s) 'dataset_consumes_1_and_2', 'dataset_consumes_unknown_never_scheduled', 'dataset_produces_1', 'dataset_produces_2', 'consume_1_or_2_with_dataset_expressions', 'consume_1_or_both_2_and_3_with_dataset_expressions', 'conditional_dataset_and_time_based_timetable', 'dataset_consumes_1', 'dataset_consumes_1_never_scheduled', 'consume_1_and_2_with_dataset_expressions' retrieved from /home/airflow/.local/lib/python3.12/site-packages/airflow/example_dags/example_datasets.py
[2025-01-07T11:58:05.630+0000] {logging_mixin.py:190} INFO - [2025-01-07T11:58:05.630+0000] {dag.py:3239} INFO - Sync 10 DAGs
[2025-01-07T11:58:05.672+0000] {logging_mixin.py:190} INFO - [2025-01-07T11:58:05.671+0000] {dag.py:4180} INFO - Setting next_dagrun for conditional_dataset_and_time_based_timetable to 2025-01-01 01:00:00+00:00, run_after=2025-01-01 01:00:00+00:00
[2025-01-07T11:58:05.676+0000] {logging_mixin.py:190} INFO - [2025-01-07T11:58:05.676+0000] {dag.py:4180} INFO - Setting next_dagrun for consume_1_and_2_with_dataset_expressions to None, run_after=None
[2025-01-07T11:58:05.679+0000] {logging_mixin.py:190} INFO - [2025-01-07T11:58:05.679+0000] {dag.py:4180} INFO - Setting next_dagrun for consume_1_or_2_with_dataset_expressions to None, run_after=None
[2025-01-07T11:58:05.681+0000] {logging_mixin.py:190} INFO - [2025-01-07T11:58:05.681+0000] {dag.py:4180} INFO - Setting next_dagrun for consume_1_or_both_2_and_3_with_dataset_expressions to None, run_after=None
[2025-01-07T11:58:05.683+0000] {logging_mixin.py:190} INFO - [2025-01-07T11:58:05.683+0000] {dag.py:4180} INFO - Setting next_dagrun for dataset_consumes_1 to None, run_after=None
[2025-01-07T11:58:05.685+0000] {logging_mixin.py:190} INFO - [2025-01-07T11:58:05.685+0000] {dag.py:4180} INFO - Setting next_dagrun for dataset_consumes_1_and_2 to None, run_after=None
[2025-01-07T11:58:05.687+0000] {logging_mixin.py:190} INFO - [2025-01-07T11:58:05.687+0000] {dag.py:4180} INFO - Setting next_dagrun for dataset_consumes_1_never_scheduled to None, run_after=None
[2025-01-07T11:58:05.689+0000] {logging_mixin.py:190} INFO - [2025-01-07T11:58:05.689+0000] {dag.py:4180} INFO - Setting next_dagrun for dataset_consumes_unknown_never_scheduled to None, run_after=None
[2025-01-07T11:58:05.693+0000] {logging_mixin.py:190} INFO - [2025-01-07T11:58:05.693+0000] {dag.py:4180} INFO - Setting next_dagrun for dataset_produces_1 to 2025-01-06 00:00:00+00:00, run_after=2025-01-07 00:00:00+00:00
[2025-01-07T11:58:05.695+0000] {logging_mixin.py:190} INFO - [2025-01-07T11:58:05.695+0000] {dag.py:4180} INFO - Setting next_dagrun for dataset_produces_2 to None, run_after=None
[2025-01-07T11:58:05.735+0000] {processor.py:208} INFO - Processing /home/airflow/.local/lib/python3.12/site-packages/airflow/example_dags/example_datasets.py took 0.973 seconds
[2025-01-07T11:58:36.368+0000] {processor.py:186} INFO - Started process (PID=1395) to work on /home/airflow/.local/lib/python3.12/site-packages/airflow/example_dags/example_datasets.py
[2025-01-07T11:58:36.369+0000] {processor.py:914} INFO - Processing file /home/airflow/.local/lib/python3.12/site-packages/airflow/example_dags/example_datasets.py for tasks to queue
[2025-01-07T11:58:36.371+0000] {logging_mixin.py:190} INFO - [2025-01-07T11:58:36.371+0000] {dagbag.py:588} INFO - Filling up the DagBag from /home/airflow/.local/lib/python3.12/site-packages/airflow/example_dags/example_datasets.py
[2025-01-07T11:58:37.023+0000] {processor.py:925} INFO - DAG(s) 'dataset_consumes_1', 'consume_1_or_both_2_and_3_with_dataset_expressions', 'dataset_produces_2', 'consume_1_and_2_with_dataset_expressions', 'dataset_consumes_1_never_scheduled', 'consume_1_or_2_with_dataset_expressions', 'conditional_dataset_and_time_based_timetable', 'dataset_consumes_1_and_2', 'dataset_produces_1', 'dataset_consumes_unknown_never_scheduled' retrieved from /home/airflow/.local/lib/python3.12/site-packages/airflow/example_dags/example_datasets.py
[2025-01-07T11:58:37.069+0000] {logging_mixin.py:190} INFO - [2025-01-07T11:58:37.069+0000] {dag.py:3239} INFO - Sync 10 DAGs
[2025-01-07T11:58:37.099+0000] {logging_mixin.py:190} INFO - [2025-01-07T11:58:37.099+0000] {dag.py:4180} INFO - Setting next_dagrun for conditional_dataset_and_time_based_timetable to 2025-01-01 01:00:00+00:00, run_after=2025-01-01 01:00:00+00:00
[2025-01-07T11:58:37.103+0000] {logging_mixin.py:190} INFO - [2025-01-07T11:58:37.103+0000] {dag.py:4180} INFO - Setting next_dagrun for consume_1_and_2_with_dataset_expressions to None, run_after=None
[2025-01-07T11:58:37.105+0000] {logging_mixin.py:190} INFO - [2025-01-07T11:58:37.104+0000] {dag.py:4180} INFO - Setting next_dagrun for consume_1_or_2_with_dataset_expressions to None, run_after=None
[2025-01-07T11:58:37.106+0000] {logging_mixin.py:190} INFO - [2025-01-07T11:58:37.106+0000] {dag.py:4180} INFO - Setting next_dagrun for consume_1_or_both_2_and_3_with_dataset_expressions to None, run_after=None
[2025-01-07T11:58:37.107+0000] {logging_mixin.py:190} INFO - [2025-01-07T11:58:37.107+0000] {dag.py:4180} INFO - Setting next_dagrun for dataset_consumes_1 to None, run_after=None
[2025-01-07T11:58:37.109+0000] {logging_mixin.py:190} INFO - [2025-01-07T11:58:37.109+0000] {dag.py:4180} INFO - Setting next_dagrun for dataset_consumes_1_and_2 to None, run_after=None
[2025-01-07T11:58:37.110+0000] {logging_mixin.py:190} INFO - [2025-01-07T11:58:37.110+0000] {dag.py:4180} INFO - Setting next_dagrun for dataset_consumes_1_never_scheduled to None, run_after=None
[2025-01-07T11:58:37.112+0000] {logging_mixin.py:190} INFO - [2025-01-07T11:58:37.112+0000] {dag.py:4180} INFO - Setting next_dagrun for dataset_consumes_unknown_never_scheduled to None, run_after=None
[2025-01-07T11:58:37.115+0000] {logging_mixin.py:190} INFO - [2025-01-07T11:58:37.115+0000] {dag.py:4180} INFO - Setting next_dagrun for dataset_produces_1 to 2025-01-06 00:00:00+00:00, run_after=2025-01-07 00:00:00+00:00
[2025-01-07T11:58:37.117+0000] {logging_mixin.py:190} INFO - [2025-01-07T11:58:37.117+0000] {dag.py:4180} INFO - Setting next_dagrun for dataset_produces_2 to None, run_after=None
[2025-01-07T11:58:37.163+0000] {processor.py:208} INFO - Processing /home/airflow/.local/lib/python3.12/site-packages/airflow/example_dags/example_datasets.py took 0.801 seconds
[2025-01-07T11:59:07.752+0000] {processor.py:186} INFO - Started process (PID=1458) to work on /home/airflow/.local/lib/python3.12/site-packages/airflow/example_dags/example_datasets.py
[2025-01-07T11:59:07.754+0000] {processor.py:914} INFO - Processing file /home/airflow/.local/lib/python3.12/site-packages/airflow/example_dags/example_datasets.py for tasks to queue
[2025-01-07T11:59:07.756+0000] {logging_mixin.py:190} INFO - [2025-01-07T11:59:07.756+0000] {dagbag.py:588} INFO - Filling up the DagBag from /home/airflow/.local/lib/python3.12/site-packages/airflow/example_dags/example_datasets.py
[2025-01-07T11:59:08.311+0000] {processor.py:925} INFO - DAG(s) 'dataset_consumes_1', 'consume_1_and_2_with_dataset_expressions', 'dataset_consumes_1_and_2', 'consume_1_or_both_2_and_3_with_dataset_expressions', 'consume_1_or_2_with_dataset_expressions', 'dataset_produces_2', 'conditional_dataset_and_time_based_timetable', 'dataset_produces_1', 'dataset_consumes_1_never_scheduled', 'dataset_consumes_unknown_never_scheduled' retrieved from /home/airflow/.local/lib/python3.12/site-packages/airflow/example_dags/example_datasets.py
[2025-01-07T11:59:08.358+0000] {logging_mixin.py:190} INFO - [2025-01-07T11:59:08.358+0000] {dag.py:3239} INFO - Sync 10 DAGs
[2025-01-07T11:59:08.385+0000] {logging_mixin.py:190} INFO - [2025-01-07T11:59:08.385+0000] {dag.py:4180} INFO - Setting next_dagrun for conditional_dataset_and_time_based_timetable to 2025-01-01 01:00:00+00:00, run_after=2025-01-01 01:00:00+00:00
[2025-01-07T11:59:08.390+0000] {logging_mixin.py:190} INFO - [2025-01-07T11:59:08.390+0000] {dag.py:4180} INFO - Setting next_dagrun for consume_1_and_2_with_dataset_expressions to None, run_after=None
[2025-01-07T11:59:08.395+0000] {logging_mixin.py:190} INFO - [2025-01-07T11:59:08.394+0000] {dag.py:4180} INFO - Setting next_dagrun for consume_1_or_2_with_dataset_expressions to None, run_after=None
[2025-01-07T11:59:08.397+0000] {logging_mixin.py:190} INFO - [2025-01-07T11:59:08.397+0000] {dag.py:4180} INFO - Setting next_dagrun for consume_1_or_both_2_and_3_with_dataset_expressions to None, run_after=None
[2025-01-07T11:59:08.399+0000] {logging_mixin.py:190} INFO - [2025-01-07T11:59:08.399+0000] {dag.py:4180} INFO - Setting next_dagrun for dataset_consumes_1 to None, run_after=None
[2025-01-07T11:59:08.401+0000] {logging_mixin.py:190} INFO - [2025-01-07T11:59:08.401+0000] {dag.py:4180} INFO - Setting next_dagrun for dataset_consumes_1_and_2 to None, run_after=None
[2025-01-07T11:59:08.403+0000] {logging_mixin.py:190} INFO - [2025-01-07T11:59:08.403+0000] {dag.py:4180} INFO - Setting next_dagrun for dataset_consumes_1_never_scheduled to None, run_after=None
[2025-01-07T11:59:08.405+0000] {logging_mixin.py:190} INFO - [2025-01-07T11:59:08.405+0000] {dag.py:4180} INFO - Setting next_dagrun for dataset_consumes_unknown_never_scheduled to None, run_after=None
[2025-01-07T11:59:08.408+0000] {logging_mixin.py:190} INFO - [2025-01-07T11:59:08.408+0000] {dag.py:4180} INFO - Setting next_dagrun for dataset_produces_1 to 2025-01-06 00:00:00+00:00, run_after=2025-01-07 00:00:00+00:00
[2025-01-07T11:59:08.410+0000] {logging_mixin.py:190} INFO - [2025-01-07T11:59:08.410+0000] {dag.py:4180} INFO - Setting next_dagrun for dataset_produces_2 to None, run_after=None
[2025-01-07T11:59:08.447+0000] {processor.py:208} INFO - Processing /home/airflow/.local/lib/python3.12/site-packages/airflow/example_dags/example_datasets.py took 0.701 seconds
[2025-01-07T11:59:38.925+0000] {processor.py:186} INFO - Started process (PID=1522) to work on /home/airflow/.local/lib/python3.12/site-packages/airflow/example_dags/example_datasets.py
[2025-01-07T11:59:38.926+0000] {processor.py:914} INFO - Processing file /home/airflow/.local/lib/python3.12/site-packages/airflow/example_dags/example_datasets.py for tasks to queue
[2025-01-07T11:59:38.929+0000] {logging_mixin.py:190} INFO - [2025-01-07T11:59:38.928+0000] {dagbag.py:588} INFO - Filling up the DagBag from /home/airflow/.local/lib/python3.12/site-packages/airflow/example_dags/example_datasets.py
[2025-01-07T11:59:39.441+0000] {processor.py:925} INFO - DAG(s) 'dataset_consumes_1', 'dataset_consumes_1_never_scheduled', 'dataset_consumes_1_and_2', 'dataset_consumes_unknown_never_scheduled', 'dataset_produces_1', 'conditional_dataset_and_time_based_timetable', 'dataset_produces_2', 'consume_1_and_2_with_dataset_expressions', 'consume_1_or_2_with_dataset_expressions', 'consume_1_or_both_2_and_3_with_dataset_expressions' retrieved from /home/airflow/.local/lib/python3.12/site-packages/airflow/example_dags/example_datasets.py
[2025-01-07T11:59:39.481+0000] {logging_mixin.py:190} INFO - [2025-01-07T11:59:39.481+0000] {dag.py:3239} INFO - Sync 10 DAGs
[2025-01-07T11:59:39.504+0000] {logging_mixin.py:190} INFO - [2025-01-07T11:59:39.503+0000] {dag.py:4180} INFO - Setting next_dagrun for conditional_dataset_and_time_based_timetable to 2025-01-01 01:00:00+00:00, run_after=2025-01-01 01:00:00+00:00
[2025-01-07T11:59:39.508+0000] {logging_mixin.py:190} INFO - [2025-01-07T11:59:39.507+0000] {dag.py:4180} INFO - Setting next_dagrun for consume_1_and_2_with_dataset_expressions to None, run_after=None
[2025-01-07T11:59:39.510+0000] {logging_mixin.py:190} INFO - [2025-01-07T11:59:39.510+0000] {dag.py:4180} INFO - Setting next_dagrun for consume_1_or_2_with_dataset_expressions to None, run_after=None
[2025-01-07T11:59:39.511+0000] {logging_mixin.py:190} INFO - [2025-01-07T11:59:39.511+0000] {dag.py:4180} INFO - Setting next_dagrun for consume_1_or_both_2_and_3_with_dataset_expressions to None, run_after=None
[2025-01-07T11:59:39.513+0000] {logging_mixin.py:190} INFO - [2025-01-07T11:59:39.513+0000] {dag.py:4180} INFO - Setting next_dagrun for dataset_consumes_1 to None, run_after=None
[2025-01-07T11:59:39.515+0000] {logging_mixin.py:190} INFO - [2025-01-07T11:59:39.514+0000] {dag.py:4180} INFO - Setting next_dagrun for dataset_consumes_1_and_2 to None, run_after=None
[2025-01-07T11:59:39.516+0000] {logging_mixin.py:190} INFO - [2025-01-07T11:59:39.516+0000] {dag.py:4180} INFO - Setting next_dagrun for dataset_consumes_1_never_scheduled to None, run_after=None
[2025-01-07T11:59:39.518+0000] {logging_mixin.py:190} INFO - [2025-01-07T11:59:39.518+0000] {dag.py:4180} INFO - Setting next_dagrun for dataset_consumes_unknown_never_scheduled to None, run_after=None
[2025-01-07T11:59:39.522+0000] {logging_mixin.py:190} INFO - [2025-01-07T11:59:39.521+0000] {dag.py:4180} INFO - Setting next_dagrun for dataset_produces_1 to 2025-01-06 00:00:00+00:00, run_after=2025-01-07 00:00:00+00:00
[2025-01-07T11:59:39.524+0000] {logging_mixin.py:190} INFO - [2025-01-07T11:59:39.524+0000] {dag.py:4180} INFO - Setting next_dagrun for dataset_produces_2 to None, run_after=None
[2025-01-07T11:59:39.557+0000] {processor.py:208} INFO - Processing /home/airflow/.local/lib/python3.12/site-packages/airflow/example_dags/example_datasets.py took 0.638 seconds
[2025-01-07T12:00:10.018+0000] {processor.py:186} INFO - Started process (PID=1585) to work on /home/airflow/.local/lib/python3.12/site-packages/airflow/example_dags/example_datasets.py
[2025-01-07T12:00:10.019+0000] {processor.py:914} INFO - Processing file /home/airflow/.local/lib/python3.12/site-packages/airflow/example_dags/example_datasets.py for tasks to queue
[2025-01-07T12:00:10.022+0000] {logging_mixin.py:190} INFO - [2025-01-07T12:00:10.021+0000] {dagbag.py:588} INFO - Filling up the DagBag from /home/airflow/.local/lib/python3.12/site-packages/airflow/example_dags/example_datasets.py
[2025-01-07T12:00:10.562+0000] {processor.py:925} INFO - DAG(s) 'dataset_consumes_1_never_scheduled', 'dataset_consumes_unknown_never_scheduled', 'consume_1_and_2_with_dataset_expressions', 'dataset_produces_2', 'dataset_produces_1', 'dataset_consumes_1_and_2', 'consume_1_or_both_2_and_3_with_dataset_expressions', 'conditional_dataset_and_time_based_timetable', 'consume_1_or_2_with_dataset_expressions', 'dataset_consumes_1' retrieved from /home/airflow/.local/lib/python3.12/site-packages/airflow/example_dags/example_datasets.py
[2025-01-07T12:00:10.631+0000] {logging_mixin.py:190} INFO - [2025-01-07T12:00:10.630+0000] {dag.py:3239} INFO - Sync 10 DAGs
[2025-01-07T12:00:10.657+0000] {logging_mixin.py:190} INFO - [2025-01-07T12:00:10.657+0000] {dag.py:4180} INFO - Setting next_dagrun for conditional_dataset_and_time_based_timetable to 2025-01-01 01:00:00+00:00, run_after=2025-01-01 01:00:00+00:00
[2025-01-07T12:00:10.662+0000] {logging_mixin.py:190} INFO - [2025-01-07T12:00:10.662+0000] {dag.py:4180} INFO - Setting next_dagrun for consume_1_and_2_with_dataset_expressions to None, run_after=None
[2025-01-07T12:00:10.665+0000] {logging_mixin.py:190} INFO - [2025-01-07T12:00:10.665+0000] {dag.py:4180} INFO - Setting next_dagrun for consume_1_or_2_with_dataset_expressions to None, run_after=None
[2025-01-07T12:00:10.667+0000] {logging_mixin.py:190} INFO - [2025-01-07T12:00:10.667+0000] {dag.py:4180} INFO - Setting next_dagrun for consume_1_or_both_2_and_3_with_dataset_expressions to None, run_after=None
[2025-01-07T12:00:10.670+0000] {logging_mixin.py:190} INFO - [2025-01-07T12:00:10.670+0000] {dag.py:4180} INFO - Setting next_dagrun for dataset_consumes_1 to None, run_after=None
[2025-01-07T12:00:10.672+0000] {logging_mixin.py:190} INFO - [2025-01-07T12:00:10.672+0000] {dag.py:4180} INFO - Setting next_dagrun for dataset_consumes_1_and_2 to None, run_after=None
[2025-01-07T12:00:10.674+0000] {logging_mixin.py:190} INFO - [2025-01-07T12:00:10.674+0000] {dag.py:4180} INFO - Setting next_dagrun for dataset_consumes_1_never_scheduled to None, run_after=None
[2025-01-07T12:00:10.676+0000] {logging_mixin.py:190} INFO - [2025-01-07T12:00:10.676+0000] {dag.py:4180} INFO - Setting next_dagrun for dataset_consumes_unknown_never_scheduled to None, run_after=None
[2025-01-07T12:00:10.682+0000] {logging_mixin.py:190} INFO - [2025-01-07T12:00:10.682+0000] {dag.py:4180} INFO - Setting next_dagrun for dataset_produces_1 to 2025-01-06 00:00:00+00:00, run_after=2025-01-07 00:00:00+00:00
[2025-01-07T12:00:10.684+0000] {logging_mixin.py:190} INFO - [2025-01-07T12:00:10.684+0000] {dag.py:4180} INFO - Setting next_dagrun for dataset_produces_2 to None, run_after=None
[2025-01-07T12:00:10.729+0000] {processor.py:208} INFO - Processing /home/airflow/.local/lib/python3.12/site-packages/airflow/example_dags/example_datasets.py took 0.716 seconds
[2025-01-07T12:00:41.138+0000] {processor.py:186} INFO - Started process (PID=1648) to work on /home/airflow/.local/lib/python3.12/site-packages/airflow/example_dags/example_datasets.py
[2025-01-07T12:00:41.139+0000] {processor.py:914} INFO - Processing file /home/airflow/.local/lib/python3.12/site-packages/airflow/example_dags/example_datasets.py for tasks to queue
[2025-01-07T12:00:41.143+0000] {logging_mixin.py:190} INFO - [2025-01-07T12:00:41.142+0000] {dagbag.py:588} INFO - Filling up the DagBag from /home/airflow/.local/lib/python3.12/site-packages/airflow/example_dags/example_datasets.py
[2025-01-07T12:00:41.767+0000] {processor.py:925} INFO - DAG(s) 'consume_1_or_both_2_and_3_with_dataset_expressions', 'dataset_consumes_1', 'dataset_consumes_unknown_never_scheduled', 'consume_1_or_2_with_dataset_expressions', 'dataset_consumes_1_and_2', 'dataset_produces_2', 'dataset_consumes_1_never_scheduled', 'consume_1_and_2_with_dataset_expressions', 'dataset_produces_1', 'conditional_dataset_and_time_based_timetable' retrieved from /home/airflow/.local/lib/python3.12/site-packages/airflow/example_dags/example_datasets.py
[2025-01-07T12:00:41.819+0000] {logging_mixin.py:190} INFO - [2025-01-07T12:00:41.819+0000] {dag.py:3239} INFO - Sync 10 DAGs
[2025-01-07T12:00:41.847+0000] {logging_mixin.py:190} INFO - [2025-01-07T12:00:41.846+0000] {dag.py:4180} INFO - Setting next_dagrun for conditional_dataset_and_time_based_timetable to 2025-01-01 01:00:00+00:00, run_after=2025-01-01 01:00:00+00:00
[2025-01-07T12:00:41.852+0000] {logging_mixin.py:190} INFO - [2025-01-07T12:00:41.851+0000] {dag.py:4180} INFO - Setting next_dagrun for consume_1_and_2_with_dataset_expressions to None, run_after=None
[2025-01-07T12:00:41.854+0000] {logging_mixin.py:190} INFO - [2025-01-07T12:00:41.853+0000] {dag.py:4180} INFO - Setting next_dagrun for consume_1_or_2_with_dataset_expressions to None, run_after=None
[2025-01-07T12:00:41.856+0000] {logging_mixin.py:190} INFO - [2025-01-07T12:00:41.856+0000] {dag.py:4180} INFO - Setting next_dagrun for consume_1_or_both_2_and_3_with_dataset_expressions to None, run_after=None
[2025-01-07T12:00:41.858+0000] {logging_mixin.py:190} INFO - [2025-01-07T12:00:41.858+0000] {dag.py:4180} INFO - Setting next_dagrun for dataset_consumes_1 to None, run_after=None
[2025-01-07T12:00:41.860+0000] {logging_mixin.py:190} INFO - [2025-01-07T12:00:41.860+0000] {dag.py:4180} INFO - Setting next_dagrun for dataset_consumes_1_and_2 to None, run_after=None
[2025-01-07T12:00:41.862+0000] {logging_mixin.py:190} INFO - [2025-01-07T12:00:41.862+0000] {dag.py:4180} INFO - Setting next_dagrun for dataset_consumes_1_never_scheduled to None, run_after=None
[2025-01-07T12:00:41.864+0000] {logging_mixin.py:190} INFO - [2025-01-07T12:00:41.864+0000] {dag.py:4180} INFO - Setting next_dagrun for dataset_consumes_unknown_never_scheduled to None, run_after=None
[2025-01-07T12:00:41.868+0000] {logging_mixin.py:190} INFO - [2025-01-07T12:00:41.868+0000] {dag.py:4180} INFO - Setting next_dagrun for dataset_produces_1 to 2025-01-06 00:00:00+00:00, run_after=2025-01-07 00:00:00+00:00
[2025-01-07T12:00:41.870+0000] {logging_mixin.py:190} INFO - [2025-01-07T12:00:41.870+0000] {dag.py:4180} INFO - Setting next_dagrun for dataset_produces_2 to None, run_after=None
[2025-01-07T12:00:41.916+0000] {processor.py:208} INFO - Processing /home/airflow/.local/lib/python3.12/site-packages/airflow/example_dags/example_datasets.py took 0.785 seconds
[2025-01-07T12:01:12.293+0000] {processor.py:186} INFO - Started process (PID=1711) to work on /home/airflow/.local/lib/python3.12/site-packages/airflow/example_dags/example_datasets.py
[2025-01-07T12:01:12.294+0000] {processor.py:914} INFO - Processing file /home/airflow/.local/lib/python3.12/site-packages/airflow/example_dags/example_datasets.py for tasks to queue
[2025-01-07T12:01:12.298+0000] {logging_mixin.py:190} INFO - [2025-01-07T12:01:12.298+0000] {dagbag.py:588} INFO - Filling up the DagBag from /home/airflow/.local/lib/python3.12/site-packages/airflow/example_dags/example_datasets.py
[2025-01-07T12:01:12.972+0000] {processor.py:925} INFO - DAG(s) 'dataset_consumes_1_and_2', 'dataset_produces_1', 'consume_1_or_2_with_dataset_expressions', 'consume_1_and_2_with_dataset_expressions', 'conditional_dataset_and_time_based_timetable', 'dataset_consumes_1_never_scheduled', 'consume_1_or_both_2_and_3_with_dataset_expressions', 'dataset_consumes_1', 'dataset_consumes_unknown_never_scheduled', 'dataset_produces_2' retrieved from /home/airflow/.local/lib/python3.12/site-packages/airflow/example_dags/example_datasets.py
[2025-01-07T12:01:13.032+0000] {logging_mixin.py:190} INFO - [2025-01-07T12:01:13.032+0000] {dag.py:3239} INFO - Sync 10 DAGs
[2025-01-07T12:01:13.059+0000] {logging_mixin.py:190} INFO - [2025-01-07T12:01:13.059+0000] {dag.py:4180} INFO - Setting next_dagrun for conditional_dataset_and_time_based_timetable to 2025-01-01 01:00:00+00:00, run_after=2025-01-01 01:00:00+00:00
[2025-01-07T12:01:13.065+0000] {logging_mixin.py:190} INFO - [2025-01-07T12:01:13.065+0000] {dag.py:4180} INFO - Setting next_dagrun for consume_1_and_2_with_dataset_expressions to None, run_after=None
[2025-01-07T12:01:13.068+0000] {logging_mixin.py:190} INFO - [2025-01-07T12:01:13.068+0000] {dag.py:4180} INFO - Setting next_dagrun for consume_1_or_2_with_dataset_expressions to None, run_after=None
[2025-01-07T12:01:13.070+0000] {logging_mixin.py:190} INFO - [2025-01-07T12:01:13.070+0000] {dag.py:4180} INFO - Setting next_dagrun for consume_1_or_both_2_and_3_with_dataset_expressions to None, run_after=None
[2025-01-07T12:01:13.071+0000] {logging_mixin.py:190} INFO - [2025-01-07T12:01:13.071+0000] {dag.py:4180} INFO - Setting next_dagrun for dataset_consumes_1 to None, run_after=None
[2025-01-07T12:01:13.073+0000] {logging_mixin.py:190} INFO - [2025-01-07T12:01:13.072+0000] {dag.py:4180} INFO - Setting next_dagrun for dataset_consumes_1_and_2 to None, run_after=None
[2025-01-07T12:01:13.074+0000] {logging_mixin.py:190} INFO - [2025-01-07T12:01:13.074+0000] {dag.py:4180} INFO - Setting next_dagrun for dataset_consumes_1_never_scheduled to None, run_after=None
[2025-01-07T12:01:13.075+0000] {logging_mixin.py:190} INFO - [2025-01-07T12:01:13.075+0000] {dag.py:4180} INFO - Setting next_dagrun for dataset_consumes_unknown_never_scheduled to None, run_after=None
[2025-01-07T12:01:13.079+0000] {logging_mixin.py:190} INFO - [2025-01-07T12:01:13.078+0000] {dag.py:4180} INFO - Setting next_dagrun for dataset_produces_1 to 2025-01-06 00:00:00+00:00, run_after=2025-01-07 00:00:00+00:00
[2025-01-07T12:01:13.081+0000] {logging_mixin.py:190} INFO - [2025-01-07T12:01:13.081+0000] {dag.py:4180} INFO - Setting next_dagrun for dataset_produces_2 to None, run_after=None
[2025-01-07T12:01:13.116+0000] {processor.py:208} INFO - Processing /home/airflow/.local/lib/python3.12/site-packages/airflow/example_dags/example_datasets.py took 0.828 seconds
[2025-01-07T12:01:43.781+0000] {processor.py:186} INFO - Started process (PID=1774) to work on /home/airflow/.local/lib/python3.12/site-packages/airflow/example_dags/example_datasets.py
[2025-01-07T12:01:43.782+0000] {processor.py:914} INFO - Processing file /home/airflow/.local/lib/python3.12/site-packages/airflow/example_dags/example_datasets.py for tasks to queue
[2025-01-07T12:01:43.784+0000] {logging_mixin.py:190} INFO - [2025-01-07T12:01:43.784+0000] {dagbag.py:588} INFO - Filling up the DagBag from /home/airflow/.local/lib/python3.12/site-packages/airflow/example_dags/example_datasets.py
[2025-01-07T12:01:44.334+0000] {processor.py:925} INFO - DAG(s) 'consume_1_or_both_2_and_3_with_dataset_expressions', 'consume_1_or_2_with_dataset_expressions', 'dataset_produces_1', 'dataset_consumes_1_and_2', 'dataset_produces_2', 'conditional_dataset_and_time_based_timetable', 'dataset_consumes_unknown_never_scheduled', 'dataset_consumes_1_never_scheduled', 'consume_1_and_2_with_dataset_expressions', 'dataset_consumes_1' retrieved from /home/airflow/.local/lib/python3.12/site-packages/airflow/example_dags/example_datasets.py
[2025-01-07T12:01:44.378+0000] {logging_mixin.py:190} INFO - [2025-01-07T12:01:44.377+0000] {dag.py:3239} INFO - Sync 10 DAGs
[2025-01-07T12:01:44.401+0000] {logging_mixin.py:190} INFO - [2025-01-07T12:01:44.401+0000] {dag.py:4180} INFO - Setting next_dagrun for conditional_dataset_and_time_based_timetable to 2025-01-01 01:00:00+00:00, run_after=2025-01-01 01:00:00+00:00
[2025-01-07T12:01:44.406+0000] {logging_mixin.py:190} INFO - [2025-01-07T12:01:44.405+0000] {dag.py:4180} INFO - Setting next_dagrun for consume_1_and_2_with_dataset_expressions to None, run_after=None
[2025-01-07T12:01:44.407+0000] {logging_mixin.py:190} INFO - [2025-01-07T12:01:44.407+0000] {dag.py:4180} INFO - Setting next_dagrun for consume_1_or_2_with_dataset_expressions to None, run_after=None
[2025-01-07T12:01:44.409+0000] {logging_mixin.py:190} INFO - [2025-01-07T12:01:44.409+0000] {dag.py:4180} INFO - Setting next_dagrun for consume_1_or_both_2_and_3_with_dataset_expressions to None, run_after=None
[2025-01-07T12:01:44.411+0000] {logging_mixin.py:190} INFO - [2025-01-07T12:01:44.411+0000] {dag.py:4180} INFO - Setting next_dagrun for dataset_consumes_1 to None, run_after=None
[2025-01-07T12:01:44.413+0000] {logging_mixin.py:190} INFO - [2025-01-07T12:01:44.413+0000] {dag.py:4180} INFO - Setting next_dagrun for dataset_consumes_1_and_2 to None, run_after=None
[2025-01-07T12:01:44.415+0000] {logging_mixin.py:190} INFO - [2025-01-07T12:01:44.414+0000] {dag.py:4180} INFO - Setting next_dagrun for dataset_consumes_1_never_scheduled to None, run_after=None
[2025-01-07T12:01:44.416+0000] {logging_mixin.py:190} INFO - [2025-01-07T12:01:44.416+0000] {dag.py:4180} INFO - Setting next_dagrun for dataset_consumes_unknown_never_scheduled to None, run_after=None
[2025-01-07T12:01:44.419+0000] {logging_mixin.py:190} INFO - [2025-01-07T12:01:44.418+0000] {dag.py:4180} INFO - Setting next_dagrun for dataset_produces_1 to 2025-01-06 00:00:00+00:00, run_after=2025-01-07 00:00:00+00:00
[2025-01-07T12:01:44.420+0000] {logging_mixin.py:190} INFO - [2025-01-07T12:01:44.420+0000] {dag.py:4180} INFO - Setting next_dagrun for dataset_produces_2 to None, run_after=None
[2025-01-07T12:01:44.453+0000] {processor.py:208} INFO - Processing /home/airflow/.local/lib/python3.12/site-packages/airflow/example_dags/example_datasets.py took 0.684 seconds
[2025-01-07T12:02:14.697+0000] {processor.py:186} INFO - Started process (PID=1837) to work on /home/airflow/.local/lib/python3.12/site-packages/airflow/example_dags/example_datasets.py
[2025-01-07T12:02:14.698+0000] {processor.py:914} INFO - Processing file /home/airflow/.local/lib/python3.12/site-packages/airflow/example_dags/example_datasets.py for tasks to queue
[2025-01-07T12:02:14.701+0000] {logging_mixin.py:190} INFO - [2025-01-07T12:02:14.700+0000] {dagbag.py:588} INFO - Filling up the DagBag from /home/airflow/.local/lib/python3.12/site-packages/airflow/example_dags/example_datasets.py
[2025-01-07T12:02:15.243+0000] {processor.py:925} INFO - DAG(s) 'dataset_consumes_1_and_2', 'dataset_consumes_unknown_never_scheduled', 'dataset_consumes_1_never_scheduled', 'consume_1_and_2_with_dataset_expressions', 'consume_1_or_both_2_and_3_with_dataset_expressions', 'dataset_produces_1', 'consume_1_or_2_with_dataset_expressions', 'dataset_consumes_1', 'conditional_dataset_and_time_based_timetable', 'dataset_produces_2' retrieved from /home/airflow/.local/lib/python3.12/site-packages/airflow/example_dags/example_datasets.py
[2025-01-07T12:02:15.291+0000] {logging_mixin.py:190} INFO - [2025-01-07T12:02:15.291+0000] {dag.py:3239} INFO - Sync 10 DAGs
[2025-01-07T12:02:15.322+0000] {logging_mixin.py:190} INFO - [2025-01-07T12:02:15.322+0000] {dag.py:4180} INFO - Setting next_dagrun for conditional_dataset_and_time_based_timetable to 2025-01-01 01:00:00+00:00, run_after=2025-01-01 01:00:00+00:00
[2025-01-07T12:02:15.328+0000] {logging_mixin.py:190} INFO - [2025-01-07T12:02:15.328+0000] {dag.py:4180} INFO - Setting next_dagrun for consume_1_and_2_with_dataset_expressions to None, run_after=None
[2025-01-07T12:02:15.331+0000] {logging_mixin.py:190} INFO - [2025-01-07T12:02:15.331+0000] {dag.py:4180} INFO - Setting next_dagrun for consume_1_or_2_with_dataset_expressions to None, run_after=None
[2025-01-07T12:02:15.333+0000] {logging_mixin.py:190} INFO - [2025-01-07T12:02:15.333+0000] {dag.py:4180} INFO - Setting next_dagrun for consume_1_or_both_2_and_3_with_dataset_expressions to None, run_after=None
[2025-01-07T12:02:15.336+0000] {logging_mixin.py:190} INFO - [2025-01-07T12:02:15.335+0000] {dag.py:4180} INFO - Setting next_dagrun for dataset_consumes_1 to None, run_after=None
[2025-01-07T12:02:15.338+0000] {logging_mixin.py:190} INFO - [2025-01-07T12:02:15.338+0000] {dag.py:4180} INFO - Setting next_dagrun for dataset_consumes_1_and_2 to None, run_after=None
[2025-01-07T12:02:15.340+0000] {logging_mixin.py:190} INFO - [2025-01-07T12:02:15.340+0000] {dag.py:4180} INFO - Setting next_dagrun for dataset_consumes_1_never_scheduled to None, run_after=None
[2025-01-07T12:02:15.342+0000] {logging_mixin.py:190} INFO - [2025-01-07T12:02:15.342+0000] {dag.py:4180} INFO - Setting next_dagrun for dataset_consumes_unknown_never_scheduled to None, run_after=None
[2025-01-07T12:02:15.346+0000] {logging_mixin.py:190} INFO - [2025-01-07T12:02:15.346+0000] {dag.py:4180} INFO - Setting next_dagrun for dataset_produces_1 to 2025-01-06 00:00:00+00:00, run_after=2025-01-07 00:00:00+00:00
[2025-01-07T12:02:15.348+0000] {logging_mixin.py:190} INFO - [2025-01-07T12:02:15.348+0000] {dag.py:4180} INFO - Setting next_dagrun for dataset_produces_2 to None, run_after=None
[2025-01-07T12:02:15.395+0000] {processor.py:208} INFO - Processing /home/airflow/.local/lib/python3.12/site-packages/airflow/example_dags/example_datasets.py took 0.703 seconds
[2025-01-07T12:02:45.725+0000] {processor.py:186} INFO - Started process (PID=1900) to work on /home/airflow/.local/lib/python3.12/site-packages/airflow/example_dags/example_datasets.py
[2025-01-07T12:02:45.726+0000] {processor.py:914} INFO - Processing file /home/airflow/.local/lib/python3.12/site-packages/airflow/example_dags/example_datasets.py for tasks to queue
[2025-01-07T12:02:45.728+0000] {logging_mixin.py:190} INFO - [2025-01-07T12:02:45.728+0000] {dagbag.py:588} INFO - Filling up the DagBag from /home/airflow/.local/lib/python3.12/site-packages/airflow/example_dags/example_datasets.py
[2025-01-07T12:02:46.349+0000] {processor.py:925} INFO - DAG(s) 'dataset_consumes_1_never_scheduled', 'dataset_produces_2', 'conditional_dataset_and_time_based_timetable', 'consume_1_or_both_2_and_3_with_dataset_expressions', 'dataset_consumes_unknown_never_scheduled', 'dataset_consumes_1_and_2', 'consume_1_or_2_with_dataset_expressions', 'consume_1_and_2_with_dataset_expressions', 'dataset_produces_1', 'dataset_consumes_1' retrieved from /home/airflow/.local/lib/python3.12/site-packages/airflow/example_dags/example_datasets.py
[2025-01-07T12:02:46.397+0000] {logging_mixin.py:190} INFO - [2025-01-07T12:02:46.397+0000] {dag.py:3239} INFO - Sync 10 DAGs
[2025-01-07T12:02:46.426+0000] {logging_mixin.py:190} INFO - [2025-01-07T12:02:46.425+0000] {dag.py:4180} INFO - Setting next_dagrun for conditional_dataset_and_time_based_timetable to 2025-01-01 01:00:00+00:00, run_after=2025-01-01 01:00:00+00:00
[2025-01-07T12:02:46.430+0000] {logging_mixin.py:190} INFO - [2025-01-07T12:02:46.429+0000] {dag.py:4180} INFO - Setting next_dagrun for consume_1_and_2_with_dataset_expressions to None, run_after=None
[2025-01-07T12:02:46.433+0000] {logging_mixin.py:190} INFO - [2025-01-07T12:02:46.432+0000] {dag.py:4180} INFO - Setting next_dagrun for consume_1_or_2_with_dataset_expressions to None, run_after=None
[2025-01-07T12:02:46.435+0000] {logging_mixin.py:190} INFO - [2025-01-07T12:02:46.435+0000] {dag.py:4180} INFO - Setting next_dagrun for consume_1_or_both_2_and_3_with_dataset_expressions to None, run_after=None
[2025-01-07T12:02:46.437+0000] {logging_mixin.py:190} INFO - [2025-01-07T12:02:46.437+0000] {dag.py:4180} INFO - Setting next_dagrun for dataset_consumes_1 to None, run_after=None
[2025-01-07T12:02:46.439+0000] {logging_mixin.py:190} INFO - [2025-01-07T12:02:46.439+0000] {dag.py:4180} INFO - Setting next_dagrun for dataset_consumes_1_and_2 to None, run_after=None
[2025-01-07T12:02:46.441+0000] {logging_mixin.py:190} INFO - [2025-01-07T12:02:46.441+0000] {dag.py:4180} INFO - Setting next_dagrun for dataset_consumes_1_never_scheduled to None, run_after=None
[2025-01-07T12:02:46.444+0000] {logging_mixin.py:190} INFO - [2025-01-07T12:02:46.443+0000] {dag.py:4180} INFO - Setting next_dagrun for dataset_consumes_unknown_never_scheduled to None, run_after=None
[2025-01-07T12:02:46.447+0000] {logging_mixin.py:190} INFO - [2025-01-07T12:02:46.447+0000] {dag.py:4180} INFO - Setting next_dagrun for dataset_produces_1 to 2025-01-06 00:00:00+00:00, run_after=2025-01-07 00:00:00+00:00
[2025-01-07T12:02:46.449+0000] {logging_mixin.py:190} INFO - [2025-01-07T12:02:46.449+0000] {dag.py:4180} INFO - Setting next_dagrun for dataset_produces_2 to None, run_after=None
[2025-01-07T12:02:46.484+0000] {processor.py:208} INFO - Processing /home/airflow/.local/lib/python3.12/site-packages/airflow/example_dags/example_datasets.py took 0.766 seconds
[2025-01-07T12:03:17.066+0000] {processor.py:186} INFO - Started process (PID=1963) to work on /home/airflow/.local/lib/python3.12/site-packages/airflow/example_dags/example_datasets.py
[2025-01-07T12:03:17.068+0000] {processor.py:914} INFO - Processing file /home/airflow/.local/lib/python3.12/site-packages/airflow/example_dags/example_datasets.py for tasks to queue
[2025-01-07T12:03:17.070+0000] {logging_mixin.py:190} INFO - [2025-01-07T12:03:17.070+0000] {dagbag.py:588} INFO - Filling up the DagBag from /home/airflow/.local/lib/python3.12/site-packages/airflow/example_dags/example_datasets.py
[2025-01-07T12:03:17.645+0000] {processor.py:925} INFO - DAG(s) 'dataset_consumes_1_and_2', 'consume_1_and_2_with_dataset_expressions', 'conditional_dataset_and_time_based_timetable', 'dataset_consumes_1', 'consume_1_or_2_with_dataset_expressions', 'consume_1_or_both_2_and_3_with_dataset_expressions', 'dataset_consumes_1_never_scheduled', 'dataset_consumes_unknown_never_scheduled', 'dataset_produces_2', 'dataset_produces_1' retrieved from /home/airflow/.local/lib/python3.12/site-packages/airflow/example_dags/example_datasets.py
[2025-01-07T12:03:17.695+0000] {logging_mixin.py:190} INFO - [2025-01-07T12:03:17.695+0000] {dag.py:3239} INFO - Sync 10 DAGs
[2025-01-07T12:03:17.721+0000] {logging_mixin.py:190} INFO - [2025-01-07T12:03:17.720+0000] {dag.py:4180} INFO - Setting next_dagrun for conditional_dataset_and_time_based_timetable to 2025-01-01 01:00:00+00:00, run_after=2025-01-01 01:00:00+00:00
[2025-01-07T12:03:17.725+0000] {logging_mixin.py:190} INFO - [2025-01-07T12:03:17.725+0000] {dag.py:4180} INFO - Setting next_dagrun for consume_1_and_2_with_dataset_expressions to None, run_after=None
[2025-01-07T12:03:17.728+0000] {logging_mixin.py:190} INFO - [2025-01-07T12:03:17.728+0000] {dag.py:4180} INFO - Setting next_dagrun for consume_1_or_2_with_dataset_expressions to None, run_after=None
[2025-01-07T12:03:17.730+0000] {logging_mixin.py:190} INFO - [2025-01-07T12:03:17.730+0000] {dag.py:4180} INFO - Setting next_dagrun for consume_1_or_both_2_and_3_with_dataset_expressions to None, run_after=None
[2025-01-07T12:03:17.732+0000] {logging_mixin.py:190} INFO - [2025-01-07T12:03:17.732+0000] {dag.py:4180} INFO - Setting next_dagrun for dataset_consumes_1 to None, run_after=None
[2025-01-07T12:03:17.734+0000] {logging_mixin.py:190} INFO - [2025-01-07T12:03:17.734+0000] {dag.py:4180} INFO - Setting next_dagrun for dataset_consumes_1_and_2 to None, run_after=None
[2025-01-07T12:03:17.736+0000] {logging_mixin.py:190} INFO - [2025-01-07T12:03:17.736+0000] {dag.py:4180} INFO - Setting next_dagrun for dataset_consumes_1_never_scheduled to None, run_after=None
[2025-01-07T12:03:17.738+0000] {logging_mixin.py:190} INFO - [2025-01-07T12:03:17.738+0000] {dag.py:4180} INFO - Setting next_dagrun for dataset_consumes_unknown_never_scheduled to None, run_after=None
[2025-01-07T12:03:17.741+0000] {logging_mixin.py:190} INFO - [2025-01-07T12:03:17.741+0000] {dag.py:4180} INFO - Setting next_dagrun for dataset_produces_1 to 2025-01-06 00:00:00+00:00, run_after=2025-01-07 00:00:00+00:00
[2025-01-07T12:03:17.743+0000] {logging_mixin.py:190} INFO - [2025-01-07T12:03:17.743+0000] {dag.py:4180} INFO - Setting next_dagrun for dataset_produces_2 to None, run_after=None
[2025-01-07T12:03:17.790+0000] {processor.py:208} INFO - Processing /home/airflow/.local/lib/python3.12/site-packages/airflow/example_dags/example_datasets.py took 0.729 seconds
[2025-01-07T12:03:47.859+0000] {processor.py:186} INFO - Started process (PID=2029) to work on /home/airflow/.local/lib/python3.12/site-packages/airflow/example_dags/example_datasets.py
[2025-01-07T12:03:47.861+0000] {processor.py:914} INFO - Processing file /home/airflow/.local/lib/python3.12/site-packages/airflow/example_dags/example_datasets.py for tasks to queue
[2025-01-07T12:03:47.864+0000] {logging_mixin.py:190} INFO - [2025-01-07T12:03:47.864+0000] {dagbag.py:588} INFO - Filling up the DagBag from /home/airflow/.local/lib/python3.12/site-packages/airflow/example_dags/example_datasets.py
[2025-01-07T12:03:48.490+0000] {processor.py:925} INFO - DAG(s) 'consume_1_or_2_with_dataset_expressions', 'conditional_dataset_and_time_based_timetable', 'dataset_consumes_unknown_never_scheduled', 'dataset_consumes_1_and_2', 'consume_1_or_both_2_and_3_with_dataset_expressions', 'dataset_produces_1', 'dataset_consumes_1_never_scheduled', 'dataset_produces_2', 'consume_1_and_2_with_dataset_expressions', 'dataset_consumes_1' retrieved from /home/airflow/.local/lib/python3.12/site-packages/airflow/example_dags/example_datasets.py
[2025-01-07T12:03:48.546+0000] {logging_mixin.py:190} INFO - [2025-01-07T12:03:48.546+0000] {dag.py:3239} INFO - Sync 10 DAGs
[2025-01-07T12:03:48.583+0000] {logging_mixin.py:190} INFO - [2025-01-07T12:03:48.583+0000] {dag.py:4180} INFO - Setting next_dagrun for conditional_dataset_and_time_based_timetable to 2025-01-01 01:00:00+00:00, run_after=2025-01-01 01:00:00+00:00
[2025-01-07T12:03:48.589+0000] {logging_mixin.py:190} INFO - [2025-01-07T12:03:48.589+0000] {dag.py:4180} INFO - Setting next_dagrun for consume_1_and_2_with_dataset_expressions to None, run_after=None
[2025-01-07T12:03:48.592+0000] {logging_mixin.py:190} INFO - [2025-01-07T12:03:48.592+0000] {dag.py:4180} INFO - Setting next_dagrun for consume_1_or_2_with_dataset_expressions to None, run_after=None
[2025-01-07T12:03:48.595+0000] {logging_mixin.py:190} INFO - [2025-01-07T12:03:48.594+0000] {dag.py:4180} INFO - Setting next_dagrun for consume_1_or_both_2_and_3_with_dataset_expressions to None, run_after=None
[2025-01-07T12:03:48.596+0000] {logging_mixin.py:190} INFO - [2025-01-07T12:03:48.596+0000] {dag.py:4180} INFO - Setting next_dagrun for dataset_consumes_1 to None, run_after=None
[2025-01-07T12:03:48.599+0000] {logging_mixin.py:190} INFO - [2025-01-07T12:03:48.598+0000] {dag.py:4180} INFO - Setting next_dagrun for dataset_consumes_1_and_2 to None, run_after=None
[2025-01-07T12:03:48.601+0000] {logging_mixin.py:190} INFO - [2025-01-07T12:03:48.601+0000] {dag.py:4180} INFO - Setting next_dagrun for dataset_consumes_1_never_scheduled to None, run_after=None
[2025-01-07T12:03:48.604+0000] {logging_mixin.py:190} INFO - [2025-01-07T12:03:48.603+0000] {dag.py:4180} INFO - Setting next_dagrun for dataset_consumes_unknown_never_scheduled to None, run_after=None
[2025-01-07T12:03:48.607+0000] {logging_mixin.py:190} INFO - [2025-01-07T12:03:48.607+0000] {dag.py:4180} INFO - Setting next_dagrun for dataset_produces_1 to 2025-01-06 00:00:00+00:00, run_after=2025-01-07 00:00:00+00:00
[2025-01-07T12:03:48.609+0000] {logging_mixin.py:190} INFO - [2025-01-07T12:03:48.609+0000] {dag.py:4180} INFO - Setting next_dagrun for dataset_produces_2 to None, run_after=None
[2025-01-07T12:03:48.662+0000] {processor.py:208} INFO - Processing /home/airflow/.local/lib/python3.12/site-packages/airflow/example_dags/example_datasets.py took 0.809 seconds
[2025-01-07T12:04:18.964+0000] {processor.py:186} INFO - Started process (PID=2098) to work on /home/airflow/.local/lib/python3.12/site-packages/airflow/example_dags/example_datasets.py
[2025-01-07T12:04:18.965+0000] {processor.py:914} INFO - Processing file /home/airflow/.local/lib/python3.12/site-packages/airflow/example_dags/example_datasets.py for tasks to queue
[2025-01-07T12:04:18.968+0000] {logging_mixin.py:190} INFO - [2025-01-07T12:04:18.967+0000] {dagbag.py:588} INFO - Filling up the DagBag from /home/airflow/.local/lib/python3.12/site-packages/airflow/example_dags/example_datasets.py
[2025-01-07T12:04:19.514+0000] {processor.py:925} INFO - DAG(s) 'dataset_produces_2', 'dataset_consumes_1_and_2', 'dataset_produces_1', 'consume_1_or_both_2_and_3_with_dataset_expressions', 'dataset_consumes_1_never_scheduled', 'consume_1_and_2_with_dataset_expressions', 'dataset_consumes_1', 'dataset_consumes_unknown_never_scheduled', 'consume_1_or_2_with_dataset_expressions', 'conditional_dataset_and_time_based_timetable' retrieved from /home/airflow/.local/lib/python3.12/site-packages/airflow/example_dags/example_datasets.py
[2025-01-07T12:04:19.562+0000] {logging_mixin.py:190} INFO - [2025-01-07T12:04:19.562+0000] {dag.py:3239} INFO - Sync 10 DAGs
[2025-01-07T12:04:19.593+0000] {logging_mixin.py:190} INFO - [2025-01-07T12:04:19.592+0000] {dag.py:4180} INFO - Setting next_dagrun for conditional_dataset_and_time_based_timetable to 2025-01-01 01:00:00+00:00, run_after=2025-01-01 01:00:00+00:00
[2025-01-07T12:04:19.597+0000] {logging_mixin.py:190} INFO - [2025-01-07T12:04:19.597+0000] {dag.py:4180} INFO - Setting next_dagrun for consume_1_and_2_with_dataset_expressions to None, run_after=None
[2025-01-07T12:04:19.599+0000] {logging_mixin.py:190} INFO - [2025-01-07T12:04:19.599+0000] {dag.py:4180} INFO - Setting next_dagrun for consume_1_or_2_with_dataset_expressions to None, run_after=None
[2025-01-07T12:04:19.601+0000] {logging_mixin.py:190} INFO - [2025-01-07T12:04:19.601+0000] {dag.py:4180} INFO - Setting next_dagrun for consume_1_or_both_2_and_3_with_dataset_expressions to None, run_after=None
[2025-01-07T12:04:19.603+0000] {logging_mixin.py:190} INFO - [2025-01-07T12:04:19.603+0000] {dag.py:4180} INFO - Setting next_dagrun for dataset_consumes_1 to None, run_after=None
[2025-01-07T12:04:19.605+0000] {logging_mixin.py:190} INFO - [2025-01-07T12:04:19.605+0000] {dag.py:4180} INFO - Setting next_dagrun for dataset_consumes_1_and_2 to None, run_after=None
[2025-01-07T12:04:19.607+0000] {logging_mixin.py:190} INFO - [2025-01-07T12:04:19.607+0000] {dag.py:4180} INFO - Setting next_dagrun for dataset_consumes_1_never_scheduled to None, run_after=None
[2025-01-07T12:04:19.608+0000] {logging_mixin.py:190} INFO - [2025-01-07T12:04:19.608+0000] {dag.py:4180} INFO - Setting next_dagrun for dataset_consumes_unknown_never_scheduled to None, run_after=None
[2025-01-07T12:04:19.612+0000] {logging_mixin.py:190} INFO - [2025-01-07T12:04:19.611+0000] {dag.py:4180} INFO - Setting next_dagrun for dataset_produces_1 to 2025-01-06 00:00:00+00:00, run_after=2025-01-07 00:00:00+00:00
[2025-01-07T12:04:19.614+0000] {logging_mixin.py:190} INFO - [2025-01-07T12:04:19.614+0000] {dag.py:4180} INFO - Setting next_dagrun for dataset_produces_2 to None, run_after=None
[2025-01-07T12:04:19.649+0000] {processor.py:208} INFO - Processing /home/airflow/.local/lib/python3.12/site-packages/airflow/example_dags/example_datasets.py took 0.692 seconds
[2025-01-07T12:04:50.240+0000] {processor.py:186} INFO - Started process (PID=2161) to work on /home/airflow/.local/lib/python3.12/site-packages/airflow/example_dags/example_datasets.py
[2025-01-07T12:04:50.241+0000] {processor.py:914} INFO - Processing file /home/airflow/.local/lib/python3.12/site-packages/airflow/example_dags/example_datasets.py for tasks to queue
[2025-01-07T12:04:50.244+0000] {logging_mixin.py:190} INFO - [2025-01-07T12:04:50.243+0000] {dagbag.py:588} INFO - Filling up the DagBag from /home/airflow/.local/lib/python3.12/site-packages/airflow/example_dags/example_datasets.py
[2025-01-07T12:04:50.846+0000] {processor.py:925} INFO - DAG(s) 'dataset_consumes_1', 'dataset_consumes_1_never_scheduled', 'consume_1_or_both_2_and_3_with_dataset_expressions', 'dataset_produces_1', 'consume_1_and_2_with_dataset_expressions', 'conditional_dataset_and_time_based_timetable', 'dataset_consumes_unknown_never_scheduled', 'dataset_produces_2', 'dataset_consumes_1_and_2', 'consume_1_or_2_with_dataset_expressions' retrieved from /home/airflow/.local/lib/python3.12/site-packages/airflow/example_dags/example_datasets.py
[2025-01-07T12:04:50.896+0000] {logging_mixin.py:190} INFO - [2025-01-07T12:04:50.896+0000] {dag.py:3239} INFO - Sync 10 DAGs
[2025-01-07T12:04:50.925+0000] {logging_mixin.py:190} INFO - [2025-01-07T12:04:50.925+0000] {dag.py:4180} INFO - Setting next_dagrun for conditional_dataset_and_time_based_timetable to 2025-01-01 01:00:00+00:00, run_after=2025-01-01 01:00:00+00:00
[2025-01-07T12:04:50.930+0000] {logging_mixin.py:190} INFO - [2025-01-07T12:04:50.929+0000] {dag.py:4180} INFO - Setting next_dagrun for consume_1_and_2_with_dataset_expressions to None, run_after=None
[2025-01-07T12:04:50.932+0000] {logging_mixin.py:190} INFO - [2025-01-07T12:04:50.932+0000] {dag.py:4180} INFO - Setting next_dagrun for consume_1_or_2_with_dataset_expressions to None, run_after=None
[2025-01-07T12:04:50.934+0000] {logging_mixin.py:190} INFO - [2025-01-07T12:04:50.934+0000] {dag.py:4180} INFO - Setting next_dagrun for consume_1_or_both_2_and_3_with_dataset_expressions to None, run_after=None
[2025-01-07T12:04:50.936+0000] {logging_mixin.py:190} INFO - [2025-01-07T12:04:50.936+0000] {dag.py:4180} INFO - Setting next_dagrun for dataset_consumes_1 to None, run_after=None
[2025-01-07T12:04:50.938+0000] {logging_mixin.py:190} INFO - [2025-01-07T12:04:50.937+0000] {dag.py:4180} INFO - Setting next_dagrun for dataset_consumes_1_and_2 to None, run_after=None
[2025-01-07T12:04:50.939+0000] {logging_mixin.py:190} INFO - [2025-01-07T12:04:50.939+0000] {dag.py:4180} INFO - Setting next_dagrun for dataset_consumes_1_never_scheduled to None, run_after=None
[2025-01-07T12:04:50.941+0000] {logging_mixin.py:190} INFO - [2025-01-07T12:04:50.941+0000] {dag.py:4180} INFO - Setting next_dagrun for dataset_consumes_unknown_never_scheduled to None, run_after=None
[2025-01-07T12:04:50.944+0000] {logging_mixin.py:190} INFO - [2025-01-07T12:04:50.944+0000] {dag.py:4180} INFO - Setting next_dagrun for dataset_produces_1 to 2025-01-06 00:00:00+00:00, run_after=2025-01-07 00:00:00+00:00
[2025-01-07T12:04:50.946+0000] {logging_mixin.py:190} INFO - [2025-01-07T12:04:50.946+0000] {dag.py:4180} INFO - Setting next_dagrun for dataset_produces_2 to None, run_after=None
[2025-01-07T12:04:50.984+0000] {processor.py:208} INFO - Processing /home/airflow/.local/lib/python3.12/site-packages/airflow/example_dags/example_datasets.py took 0.751 seconds
[2025-01-07T12:05:21.764+0000] {processor.py:186} INFO - Started process (PID=2224) to work on /home/airflow/.local/lib/python3.12/site-packages/airflow/example_dags/example_datasets.py
[2025-01-07T12:05:21.766+0000] {processor.py:914} INFO - Processing file /home/airflow/.local/lib/python3.12/site-packages/airflow/example_dags/example_datasets.py for tasks to queue
[2025-01-07T12:05:21.769+0000] {logging_mixin.py:190} INFO - [2025-01-07T12:05:21.768+0000] {dagbag.py:588} INFO - Filling up the DagBag from /home/airflow/.local/lib/python3.12/site-packages/airflow/example_dags/example_datasets.py
[2025-01-07T12:05:22.401+0000] {processor.py:925} INFO - DAG(s) 'dataset_produces_2', 'dataset_consumes_1_and_2', 'consume_1_and_2_with_dataset_expressions', 'consume_1_or_both_2_and_3_with_dataset_expressions', 'consume_1_or_2_with_dataset_expressions', 'dataset_consumes_unknown_never_scheduled', 'dataset_consumes_1', 'conditional_dataset_and_time_based_timetable', 'dataset_produces_1', 'dataset_consumes_1_never_scheduled' retrieved from /home/airflow/.local/lib/python3.12/site-packages/airflow/example_dags/example_datasets.py
[2025-01-07T12:05:22.461+0000] {logging_mixin.py:190} INFO - [2025-01-07T12:05:22.461+0000] {dag.py:3239} INFO - Sync 10 DAGs
[2025-01-07T12:05:22.499+0000] {logging_mixin.py:190} INFO - [2025-01-07T12:05:22.499+0000] {dag.py:4180} INFO - Setting next_dagrun for conditional_dataset_and_time_based_timetable to 2025-01-01 01:00:00+00:00, run_after=2025-01-01 01:00:00+00:00
[2025-01-07T12:05:22.506+0000] {logging_mixin.py:190} INFO - [2025-01-07T12:05:22.506+0000] {dag.py:4180} INFO - Setting next_dagrun for consume_1_and_2_with_dataset_expressions to None, run_after=None
[2025-01-07T12:05:22.512+0000] {logging_mixin.py:190} INFO - [2025-01-07T12:05:22.511+0000] {dag.py:4180} INFO - Setting next_dagrun for consume_1_or_2_with_dataset_expressions to None, run_after=None
[2025-01-07T12:05:22.514+0000] {logging_mixin.py:190} INFO - [2025-01-07T12:05:22.514+0000] {dag.py:4180} INFO - Setting next_dagrun for consume_1_or_both_2_and_3_with_dataset_expressions to None, run_after=None
[2025-01-07T12:05:22.517+0000] {logging_mixin.py:190} INFO - [2025-01-07T12:05:22.517+0000] {dag.py:4180} INFO - Setting next_dagrun for dataset_consumes_1 to None, run_after=None
[2025-01-07T12:05:22.520+0000] {logging_mixin.py:190} INFO - [2025-01-07T12:05:22.520+0000] {dag.py:4180} INFO - Setting next_dagrun for dataset_consumes_1_and_2 to None, run_after=None
[2025-01-07T12:05:22.522+0000] {logging_mixin.py:190} INFO - [2025-01-07T12:05:22.522+0000] {dag.py:4180} INFO - Setting next_dagrun for dataset_consumes_1_never_scheduled to None, run_after=None
[2025-01-07T12:05:22.524+0000] {logging_mixin.py:190} INFO - [2025-01-07T12:05:22.524+0000] {dag.py:4180} INFO - Setting next_dagrun for dataset_consumes_unknown_never_scheduled to None, run_after=None
[2025-01-07T12:05:22.530+0000] {logging_mixin.py:190} INFO - [2025-01-07T12:05:22.529+0000] {dag.py:4180} INFO - Setting next_dagrun for dataset_produces_1 to 2025-01-06 00:00:00+00:00, run_after=2025-01-07 00:00:00+00:00
[2025-01-07T12:05:22.534+0000] {logging_mixin.py:190} INFO - [2025-01-07T12:05:22.533+0000] {dag.py:4180} INFO - Setting next_dagrun for dataset_produces_2 to None, run_after=None
[2025-01-07T12:05:22.578+0000] {processor.py:208} INFO - Processing /home/airflow/.local/lib/python3.12/site-packages/airflow/example_dags/example_datasets.py took 0.821 seconds
[2025-01-07T12:05:53.207+0000] {processor.py:186} INFO - Started process (PID=2287) to work on /home/airflow/.local/lib/python3.12/site-packages/airflow/example_dags/example_datasets.py
[2025-01-07T12:05:53.208+0000] {processor.py:914} INFO - Processing file /home/airflow/.local/lib/python3.12/site-packages/airflow/example_dags/example_datasets.py for tasks to queue
[2025-01-07T12:05:53.211+0000] {logging_mixin.py:190} INFO - [2025-01-07T12:05:53.211+0000] {dagbag.py:588} INFO - Filling up the DagBag from /home/airflow/.local/lib/python3.12/site-packages/airflow/example_dags/example_datasets.py
[2025-01-07T12:05:53.940+0000] {processor.py:925} INFO - DAG(s) 'conditional_dataset_and_time_based_timetable', 'dataset_produces_2', 'dataset_consumes_1', 'dataset_consumes_unknown_never_scheduled', 'dataset_consumes_1_never_scheduled', 'dataset_consumes_1_and_2', 'consume_1_and_2_with_dataset_expressions', 'consume_1_or_2_with_dataset_expressions', 'dataset_produces_1', 'consume_1_or_both_2_and_3_with_dataset_expressions' retrieved from /home/airflow/.local/lib/python3.12/site-packages/airflow/example_dags/example_datasets.py
[2025-01-07T12:05:54.014+0000] {logging_mixin.py:190} INFO - [2025-01-07T12:05:54.013+0000] {dag.py:3239} INFO - Sync 10 DAGs
[2025-01-07T12:05:54.044+0000] {logging_mixin.py:190} INFO - [2025-01-07T12:05:54.044+0000] {dag.py:4180} INFO - Setting next_dagrun for conditional_dataset_and_time_based_timetable to 2025-01-01 01:00:00+00:00, run_after=2025-01-01 01:00:00+00:00
[2025-01-07T12:05:54.048+0000] {logging_mixin.py:190} INFO - [2025-01-07T12:05:54.048+0000] {dag.py:4180} INFO - Setting next_dagrun for consume_1_and_2_with_dataset_expressions to None, run_after=None
[2025-01-07T12:05:54.050+0000] {logging_mixin.py:190} INFO - [2025-01-07T12:05:54.050+0000] {dag.py:4180} INFO - Setting next_dagrun for consume_1_or_2_with_dataset_expressions to None, run_after=None
[2025-01-07T12:05:54.053+0000] {logging_mixin.py:190} INFO - [2025-01-07T12:05:54.053+0000] {dag.py:4180} INFO - Setting next_dagrun for consume_1_or_both_2_and_3_with_dataset_expressions to None, run_after=None
[2025-01-07T12:05:54.055+0000] {logging_mixin.py:190} INFO - [2025-01-07T12:05:54.055+0000] {dag.py:4180} INFO - Setting next_dagrun for dataset_consumes_1 to None, run_after=None
[2025-01-07T12:05:54.057+0000] {logging_mixin.py:190} INFO - [2025-01-07T12:05:54.057+0000] {dag.py:4180} INFO - Setting next_dagrun for dataset_consumes_1_and_2 to None, run_after=None
[2025-01-07T12:05:54.060+0000] {logging_mixin.py:190} INFO - [2025-01-07T12:05:54.059+0000] {dag.py:4180} INFO - Setting next_dagrun for dataset_consumes_1_never_scheduled to None, run_after=None
[2025-01-07T12:05:54.062+0000] {logging_mixin.py:190} INFO - [2025-01-07T12:05:54.061+0000] {dag.py:4180} INFO - Setting next_dagrun for dataset_consumes_unknown_never_scheduled to None, run_after=None
[2025-01-07T12:05:54.066+0000] {logging_mixin.py:190} INFO - [2025-01-07T12:05:54.065+0000] {dag.py:4180} INFO - Setting next_dagrun for dataset_produces_1 to 2025-01-06 00:00:00+00:00, run_after=2025-01-07 00:00:00+00:00
[2025-01-07T12:05:54.068+0000] {logging_mixin.py:190} INFO - [2025-01-07T12:05:54.068+0000] {dag.py:4180} INFO - Setting next_dagrun for dataset_produces_2 to None, run_after=None
[2025-01-07T12:05:54.130+0000] {processor.py:208} INFO - Processing /home/airflow/.local/lib/python3.12/site-packages/airflow/example_dags/example_datasets.py took 0.931 seconds
[2025-01-07T12:06:24.722+0000] {processor.py:186} INFO - Started process (PID=2350) to work on /home/airflow/.local/lib/python3.12/site-packages/airflow/example_dags/example_datasets.py
[2025-01-07T12:06:24.724+0000] {processor.py:914} INFO - Processing file /home/airflow/.local/lib/python3.12/site-packages/airflow/example_dags/example_datasets.py for tasks to queue
[2025-01-07T12:06:24.726+0000] {logging_mixin.py:190} INFO - [2025-01-07T12:06:24.726+0000] {dagbag.py:588} INFO - Filling up the DagBag from /home/airflow/.local/lib/python3.12/site-packages/airflow/example_dags/example_datasets.py
[2025-01-07T12:06:25.268+0000] {processor.py:925} INFO - DAG(s) 'consume_1_and_2_with_dataset_expressions', 'consume_1_or_2_with_dataset_expressions', 'conditional_dataset_and_time_based_timetable', 'dataset_consumes_unknown_never_scheduled', 'dataset_produces_1', 'consume_1_or_both_2_and_3_with_dataset_expressions', 'dataset_produces_2', 'dataset_consumes_1_never_scheduled', 'dataset_consumes_1', 'dataset_consumes_1_and_2' retrieved from /home/airflow/.local/lib/python3.12/site-packages/airflow/example_dags/example_datasets.py
[2025-01-07T12:06:25.315+0000] {logging_mixin.py:190} INFO - [2025-01-07T12:06:25.314+0000] {dag.py:3239} INFO - Sync 10 DAGs
[2025-01-07T12:06:25.344+0000] {logging_mixin.py:190} INFO - [2025-01-07T12:06:25.343+0000] {dag.py:4180} INFO - Setting next_dagrun for conditional_dataset_and_time_based_timetable to 2025-01-01 01:00:00+00:00, run_after=2025-01-01 01:00:00+00:00
[2025-01-07T12:06:25.347+0000] {logging_mixin.py:190} INFO - [2025-01-07T12:06:25.347+0000] {dag.py:4180} INFO - Setting next_dagrun for consume_1_and_2_with_dataset_expressions to None, run_after=None
[2025-01-07T12:06:25.349+0000] {logging_mixin.py:190} INFO - [2025-01-07T12:06:25.349+0000] {dag.py:4180} INFO - Setting next_dagrun for consume_1_or_2_with_dataset_expressions to None, run_after=None
[2025-01-07T12:06:25.351+0000] {logging_mixin.py:190} INFO - [2025-01-07T12:06:25.351+0000] {dag.py:4180} INFO - Setting next_dagrun for consume_1_or_both_2_and_3_with_dataset_expressions to None, run_after=None
[2025-01-07T12:06:25.353+0000] {logging_mixin.py:190} INFO - [2025-01-07T12:06:25.352+0000] {dag.py:4180} INFO - Setting next_dagrun for dataset_consumes_1 to None, run_after=None
[2025-01-07T12:06:25.354+0000] {logging_mixin.py:190} INFO - [2025-01-07T12:06:25.354+0000] {dag.py:4180} INFO - Setting next_dagrun for dataset_consumes_1_and_2 to None, run_after=None
[2025-01-07T12:06:25.357+0000] {logging_mixin.py:190} INFO - [2025-01-07T12:06:25.356+0000] {dag.py:4180} INFO - Setting next_dagrun for dataset_consumes_1_never_scheduled to None, run_after=None
[2025-01-07T12:06:25.359+0000] {logging_mixin.py:190} INFO - [2025-01-07T12:06:25.359+0000] {dag.py:4180} INFO - Setting next_dagrun for dataset_consumes_unknown_never_scheduled to None, run_after=None
[2025-01-07T12:06:25.362+0000] {logging_mixin.py:190} INFO - [2025-01-07T12:06:25.362+0000] {dag.py:4180} INFO - Setting next_dagrun for dataset_produces_1 to 2025-01-06 00:00:00+00:00, run_after=2025-01-07 00:00:00+00:00
[2025-01-07T12:06:25.364+0000] {logging_mixin.py:190} INFO - [2025-01-07T12:06:25.364+0000] {dag.py:4180} INFO - Setting next_dagrun for dataset_produces_2 to None, run_after=None
[2025-01-07T12:06:25.398+0000] {processor.py:208} INFO - Processing /home/airflow/.local/lib/python3.12/site-packages/airflow/example_dags/example_datasets.py took 0.684 seconds
[2025-01-07T12:06:55.465+0000] {processor.py:186} INFO - Started process (PID=2413) to work on /home/airflow/.local/lib/python3.12/site-packages/airflow/example_dags/example_datasets.py
[2025-01-07T12:06:55.466+0000] {processor.py:914} INFO - Processing file /home/airflow/.local/lib/python3.12/site-packages/airflow/example_dags/example_datasets.py for tasks to queue
[2025-01-07T12:06:55.469+0000] {logging_mixin.py:190} INFO - [2025-01-07T12:06:55.468+0000] {dagbag.py:588} INFO - Filling up the DagBag from /home/airflow/.local/lib/python3.12/site-packages/airflow/example_dags/example_datasets.py
[2025-01-07T12:06:56.003+0000] {processor.py:925} INFO - DAG(s) 'dataset_consumes_1', 'dataset_produces_1', 'consume_1_or_2_with_dataset_expressions', 'consume_1_or_both_2_and_3_with_dataset_expressions', 'dataset_consumes_1_and_2', 'dataset_produces_2', 'dataset_consumes_1_never_scheduled', 'consume_1_and_2_with_dataset_expressions', 'conditional_dataset_and_time_based_timetable', 'dataset_consumes_unknown_never_scheduled' retrieved from /home/airflow/.local/lib/python3.12/site-packages/airflow/example_dags/example_datasets.py
[2025-01-07T12:06:56.050+0000] {logging_mixin.py:190} INFO - [2025-01-07T12:06:56.049+0000] {dag.py:3239} INFO - Sync 10 DAGs
[2025-01-07T12:06:56.079+0000] {logging_mixin.py:190} INFO - [2025-01-07T12:06:56.079+0000] {dag.py:4180} INFO - Setting next_dagrun for conditional_dataset_and_time_based_timetable to 2025-01-01 01:00:00+00:00, run_after=2025-01-01 01:00:00+00:00
[2025-01-07T12:06:56.087+0000] {logging_mixin.py:190} INFO - [2025-01-07T12:06:56.086+0000] {dag.py:4180} INFO - Setting next_dagrun for consume_1_and_2_with_dataset_expressions to None, run_after=None
[2025-01-07T12:06:56.090+0000] {logging_mixin.py:190} INFO - [2025-01-07T12:06:56.090+0000] {dag.py:4180} INFO - Setting next_dagrun for consume_1_or_2_with_dataset_expressions to None, run_after=None
[2025-01-07T12:06:56.093+0000] {logging_mixin.py:190} INFO - [2025-01-07T12:06:56.093+0000] {dag.py:4180} INFO - Setting next_dagrun for consume_1_or_both_2_and_3_with_dataset_expressions to None, run_after=None
[2025-01-07T12:06:56.095+0000] {logging_mixin.py:190} INFO - [2025-01-07T12:06:56.095+0000] {dag.py:4180} INFO - Setting next_dagrun for dataset_consumes_1 to None, run_after=None
[2025-01-07T12:06:56.097+0000] {logging_mixin.py:190} INFO - [2025-01-07T12:06:56.097+0000] {dag.py:4180} INFO - Setting next_dagrun for dataset_consumes_1_and_2 to None, run_after=None
[2025-01-07T12:06:56.099+0000] {logging_mixin.py:190} INFO - [2025-01-07T12:06:56.099+0000] {dag.py:4180} INFO - Setting next_dagrun for dataset_consumes_1_never_scheduled to None, run_after=None
[2025-01-07T12:06:56.102+0000] {logging_mixin.py:190} INFO - [2025-01-07T12:06:56.101+0000] {dag.py:4180} INFO - Setting next_dagrun for dataset_consumes_unknown_never_scheduled to None, run_after=None
[2025-01-07T12:06:56.106+0000] {logging_mixin.py:190} INFO - [2025-01-07T12:06:56.105+0000] {dag.py:4180} INFO - Setting next_dagrun for dataset_produces_1 to 2025-01-06 00:00:00+00:00, run_after=2025-01-07 00:00:00+00:00
[2025-01-07T12:06:56.108+0000] {logging_mixin.py:190} INFO - [2025-01-07T12:06:56.108+0000] {dag.py:4180} INFO - Setting next_dagrun for dataset_produces_2 to None, run_after=None
[2025-01-07T12:06:56.155+0000] {processor.py:208} INFO - Processing /home/airflow/.local/lib/python3.12/site-packages/airflow/example_dags/example_datasets.py took 0.696 seconds
[2025-01-07T12:07:26.973+0000] {processor.py:186} INFO - Started process (PID=2479) to work on /home/airflow/.local/lib/python3.12/site-packages/airflow/example_dags/example_datasets.py
[2025-01-07T12:07:26.974+0000] {processor.py:914} INFO - Processing file /home/airflow/.local/lib/python3.12/site-packages/airflow/example_dags/example_datasets.py for tasks to queue
[2025-01-07T12:07:26.977+0000] {logging_mixin.py:190} INFO - [2025-01-07T12:07:26.977+0000] {dagbag.py:588} INFO - Filling up the DagBag from /home/airflow/.local/lib/python3.12/site-packages/airflow/example_dags/example_datasets.py
[2025-01-07T12:07:27.563+0000] {processor.py:925} INFO - DAG(s) 'consume_1_and_2_with_dataset_expressions', 'conditional_dataset_and_time_based_timetable', 'dataset_consumes_1_and_2', 'dataset_consumes_1', 'consume_1_or_2_with_dataset_expressions', 'dataset_consumes_unknown_never_scheduled', 'dataset_produces_2', 'dataset_produces_1', 'consume_1_or_both_2_and_3_with_dataset_expressions', 'dataset_consumes_1_never_scheduled' retrieved from /home/airflow/.local/lib/python3.12/site-packages/airflow/example_dags/example_datasets.py
[2025-01-07T12:07:27.609+0000] {logging_mixin.py:190} INFO - [2025-01-07T12:07:27.608+0000] {dag.py:3239} INFO - Sync 10 DAGs
[2025-01-07T12:07:27.634+0000] {logging_mixin.py:190} INFO - [2025-01-07T12:07:27.634+0000] {dag.py:4180} INFO - Setting next_dagrun for conditional_dataset_and_time_based_timetable to 2025-01-01 01:00:00+00:00, run_after=2025-01-01 01:00:00+00:00
[2025-01-07T12:07:27.638+0000] {logging_mixin.py:190} INFO - [2025-01-07T12:07:27.638+0000] {dag.py:4180} INFO - Setting next_dagrun for consume_1_and_2_with_dataset_expressions to None, run_after=None
[2025-01-07T12:07:27.640+0000] {logging_mixin.py:190} INFO - [2025-01-07T12:07:27.640+0000] {dag.py:4180} INFO - Setting next_dagrun for consume_1_or_2_with_dataset_expressions to None, run_after=None
[2025-01-07T12:07:27.642+0000] {logging_mixin.py:190} INFO - [2025-01-07T12:07:27.641+0000] {dag.py:4180} INFO - Setting next_dagrun for consume_1_or_both_2_and_3_with_dataset_expressions to None, run_after=None
[2025-01-07T12:07:27.643+0000] {logging_mixin.py:190} INFO - [2025-01-07T12:07:27.643+0000] {dag.py:4180} INFO - Setting next_dagrun for dataset_consumes_1 to None, run_after=None
[2025-01-07T12:07:27.645+0000] {logging_mixin.py:190} INFO - [2025-01-07T12:07:27.645+0000] {dag.py:4180} INFO - Setting next_dagrun for dataset_consumes_1_and_2 to None, run_after=None
[2025-01-07T12:07:27.646+0000] {logging_mixin.py:190} INFO - [2025-01-07T12:07:27.646+0000] {dag.py:4180} INFO - Setting next_dagrun for dataset_consumes_1_never_scheduled to None, run_after=None
[2025-01-07T12:07:27.648+0000] {logging_mixin.py:190} INFO - [2025-01-07T12:07:27.648+0000] {dag.py:4180} INFO - Setting next_dagrun for dataset_consumes_unknown_never_scheduled to None, run_after=None
[2025-01-07T12:07:27.650+0000] {logging_mixin.py:190} INFO - [2025-01-07T12:07:27.650+0000] {dag.py:4180} INFO - Setting next_dagrun for dataset_produces_1 to 2025-01-06 00:00:00+00:00, run_after=2025-01-07 00:00:00+00:00
[2025-01-07T12:07:27.652+0000] {logging_mixin.py:190} INFO - [2025-01-07T12:07:27.652+0000] {dag.py:4180} INFO - Setting next_dagrun for dataset_produces_2 to None, run_after=None
[2025-01-07T12:07:27.689+0000] {processor.py:208} INFO - Processing /home/airflow/.local/lib/python3.12/site-packages/airflow/example_dags/example_datasets.py took 0.722 seconds
[2025-01-07T12:07:58.235+0000] {processor.py:186} INFO - Started process (PID=2543) to work on /home/airflow/.local/lib/python3.12/site-packages/airflow/example_dags/example_datasets.py
[2025-01-07T12:07:58.236+0000] {processor.py:914} INFO - Processing file /home/airflow/.local/lib/python3.12/site-packages/airflow/example_dags/example_datasets.py for tasks to queue
[2025-01-07T12:07:58.239+0000] {logging_mixin.py:190} INFO - [2025-01-07T12:07:58.239+0000] {dagbag.py:588} INFO - Filling up the DagBag from /home/airflow/.local/lib/python3.12/site-packages/airflow/example_dags/example_datasets.py
[2025-01-07T12:07:59.683+0000] {processor.py:925} INFO - DAG(s) 'dataset_produces_2', 'consume_1_and_2_with_dataset_expressions', 'dataset_consumes_1_never_scheduled', 'dataset_consumes_1_and_2', 'dataset_consumes_1', 'dataset_produces_1', 'dataset_consumes_unknown_never_scheduled', 'conditional_dataset_and_time_based_timetable', 'consume_1_or_2_with_dataset_expressions', 'consume_1_or_both_2_and_3_with_dataset_expressions' retrieved from /home/airflow/.local/lib/python3.12/site-packages/airflow/example_dags/example_datasets.py
[2025-01-07T12:07:59.792+0000] {logging_mixin.py:190} INFO - [2025-01-07T12:07:59.792+0000] {dag.py:3239} INFO - Sync 10 DAGs
[2025-01-07T12:07:59.849+0000] {logging_mixin.py:190} INFO - [2025-01-07T12:07:59.849+0000] {dag.py:4180} INFO - Setting next_dagrun for conditional_dataset_and_time_based_timetable to 2025-01-01 01:00:00+00:00, run_after=2025-01-01 01:00:00+00:00
[2025-01-07T12:07:59.856+0000] {logging_mixin.py:190} INFO - [2025-01-07T12:07:59.855+0000] {dag.py:4180} INFO - Setting next_dagrun for consume_1_and_2_with_dataset_expressions to None, run_after=None
[2025-01-07T12:07:59.859+0000] {logging_mixin.py:190} INFO - [2025-01-07T12:07:59.859+0000] {dag.py:4180} INFO - Setting next_dagrun for consume_1_or_2_with_dataset_expressions to None, run_after=None
[2025-01-07T12:07:59.863+0000] {logging_mixin.py:190} INFO - [2025-01-07T12:07:59.863+0000] {dag.py:4180} INFO - Setting next_dagrun for consume_1_or_both_2_and_3_with_dataset_expressions to None, run_after=None
[2025-01-07T12:07:59.866+0000] {logging_mixin.py:190} INFO - [2025-01-07T12:07:59.866+0000] {dag.py:4180} INFO - Setting next_dagrun for dataset_consumes_1 to None, run_after=None
[2025-01-07T12:07:59.869+0000] {logging_mixin.py:190} INFO - [2025-01-07T12:07:59.869+0000] {dag.py:4180} INFO - Setting next_dagrun for dataset_consumes_1_and_2 to None, run_after=None
[2025-01-07T12:07:59.872+0000] {logging_mixin.py:190} INFO - [2025-01-07T12:07:59.872+0000] {dag.py:4180} INFO - Setting next_dagrun for dataset_consumes_1_never_scheduled to None, run_after=None
[2025-01-07T12:07:59.875+0000] {logging_mixin.py:190} INFO - [2025-01-07T12:07:59.875+0000] {dag.py:4180} INFO - Setting next_dagrun for dataset_consumes_unknown_never_scheduled to None, run_after=None
[2025-01-07T12:07:59.883+0000] {logging_mixin.py:190} INFO - [2025-01-07T12:07:59.882+0000] {dag.py:4180} INFO - Setting next_dagrun for dataset_produces_1 to 2025-01-06 00:00:00+00:00, run_after=2025-01-07 00:00:00+00:00
[2025-01-07T12:07:59.887+0000] {logging_mixin.py:190} INFO - [2025-01-07T12:07:59.887+0000] {dag.py:4180} INFO - Setting next_dagrun for dataset_produces_2 to None, run_after=None
[2025-01-07T12:07:59.975+0000] {processor.py:208} INFO - Processing /home/airflow/.local/lib/python3.12/site-packages/airflow/example_dags/example_datasets.py took 1.747 seconds
[2025-01-07T12:08:30.166+0000] {processor.py:186} INFO - Started process (PID=2607) to work on /home/airflow/.local/lib/python3.12/site-packages/airflow/example_dags/example_datasets.py
[2025-01-07T12:08:30.167+0000] {processor.py:914} INFO - Processing file /home/airflow/.local/lib/python3.12/site-packages/airflow/example_dags/example_datasets.py for tasks to queue
[2025-01-07T12:08:30.171+0000] {logging_mixin.py:190} INFO - [2025-01-07T12:08:30.170+0000] {dagbag.py:588} INFO - Filling up the DagBag from /home/airflow/.local/lib/python3.12/site-packages/airflow/example_dags/example_datasets.py
[2025-01-07T12:08:30.729+0000] {processor.py:925} INFO - DAG(s) 'dataset_consumes_unknown_never_scheduled', 'dataset_consumes_1_and_2', 'consume_1_or_both_2_and_3_with_dataset_expressions', 'consume_1_or_2_with_dataset_expressions', 'dataset_produces_2', 'dataset_consumes_1_never_scheduled', 'conditional_dataset_and_time_based_timetable', 'dataset_produces_1', 'dataset_consumes_1', 'consume_1_and_2_with_dataset_expressions' retrieved from /home/airflow/.local/lib/python3.12/site-packages/airflow/example_dags/example_datasets.py
[2025-01-07T12:08:30.782+0000] {logging_mixin.py:190} INFO - [2025-01-07T12:08:30.780+0000] {dag.py:3239} INFO - Sync 10 DAGs
[2025-01-07T12:08:30.813+0000] {logging_mixin.py:190} INFO - [2025-01-07T12:08:30.813+0000] {dag.py:4180} INFO - Setting next_dagrun for conditional_dataset_and_time_based_timetable to 2025-01-01 01:00:00+00:00, run_after=2025-01-01 01:00:00+00:00
[2025-01-07T12:08:30.818+0000] {logging_mixin.py:190} INFO - [2025-01-07T12:08:30.818+0000] {dag.py:4180} INFO - Setting next_dagrun for consume_1_and_2_with_dataset_expressions to None, run_after=None
[2025-01-07T12:08:30.821+0000] {logging_mixin.py:190} INFO - [2025-01-07T12:08:30.821+0000] {dag.py:4180} INFO - Setting next_dagrun for consume_1_or_2_with_dataset_expressions to None, run_after=None
[2025-01-07T12:08:30.823+0000] {logging_mixin.py:190} INFO - [2025-01-07T12:08:30.823+0000] {dag.py:4180} INFO - Setting next_dagrun for consume_1_or_both_2_and_3_with_dataset_expressions to None, run_after=None
[2025-01-07T12:08:30.825+0000] {logging_mixin.py:190} INFO - [2025-01-07T12:08:30.825+0000] {dag.py:4180} INFO - Setting next_dagrun for dataset_consumes_1 to None, run_after=None
[2025-01-07T12:08:30.827+0000] {logging_mixin.py:190} INFO - [2025-01-07T12:08:30.827+0000] {dag.py:4180} INFO - Setting next_dagrun for dataset_consumes_1_and_2 to None, run_after=None
[2025-01-07T12:08:30.829+0000] {logging_mixin.py:190} INFO - [2025-01-07T12:08:30.828+0000] {dag.py:4180} INFO - Setting next_dagrun for dataset_consumes_1_never_scheduled to None, run_after=None
[2025-01-07T12:08:30.830+0000] {logging_mixin.py:190} INFO - [2025-01-07T12:08:30.830+0000] {dag.py:4180} INFO - Setting next_dagrun for dataset_consumes_unknown_never_scheduled to None, run_after=None
[2025-01-07T12:08:30.833+0000] {logging_mixin.py:190} INFO - [2025-01-07T12:08:30.833+0000] {dag.py:4180} INFO - Setting next_dagrun for dataset_produces_1 to 2025-01-06 00:00:00+00:00, run_after=2025-01-07 00:00:00+00:00
[2025-01-07T12:08:30.835+0000] {logging_mixin.py:190} INFO - [2025-01-07T12:08:30.835+0000] {dag.py:4180} INFO - Setting next_dagrun for dataset_produces_2 to None, run_after=None
[2025-01-07T12:08:30.875+0000] {processor.py:208} INFO - Processing /home/airflow/.local/lib/python3.12/site-packages/airflow/example_dags/example_datasets.py took 0.715 seconds
[2025-01-07T12:09:02.514+0000] {processor.py:186} INFO - Started process (PID=2672) to work on /home/airflow/.local/lib/python3.12/site-packages/airflow/example_dags/example_datasets.py
[2025-01-07T12:09:02.516+0000] {processor.py:914} INFO - Processing file /home/airflow/.local/lib/python3.12/site-packages/airflow/example_dags/example_datasets.py for tasks to queue
[2025-01-07T12:09:02.519+0000] {logging_mixin.py:190} INFO - [2025-01-07T12:09:02.519+0000] {dagbag.py:588} INFO - Filling up the DagBag from /home/airflow/.local/lib/python3.12/site-packages/airflow/example_dags/example_datasets.py
[2025-01-07T12:09:03.393+0000] {processor.py:925} INFO - DAG(s) 'dataset_consumes_1_and_2', 'dataset_consumes_1', 'dataset_consumes_1_never_scheduled', 'conditional_dataset_and_time_based_timetable', 'consume_1_and_2_with_dataset_expressions', 'consume_1_or_both_2_and_3_with_dataset_expressions', 'dataset_consumes_unknown_never_scheduled', 'dataset_produces_2', 'dataset_produces_1', 'consume_1_or_2_with_dataset_expressions' retrieved from /home/airflow/.local/lib/python3.12/site-packages/airflow/example_dags/example_datasets.py
[2025-01-07T12:09:03.475+0000] {logging_mixin.py:190} INFO - [2025-01-07T12:09:03.475+0000] {dag.py:3239} INFO - Sync 10 DAGs
[2025-01-07T12:09:03.528+0000] {logging_mixin.py:190} INFO - [2025-01-07T12:09:03.528+0000] {dag.py:4180} INFO - Setting next_dagrun for conditional_dataset_and_time_based_timetable to 2025-01-01 01:00:00+00:00, run_after=2025-01-01 01:00:00+00:00
[2025-01-07T12:09:03.535+0000] {logging_mixin.py:190} INFO - [2025-01-07T12:09:03.534+0000] {dag.py:4180} INFO - Setting next_dagrun for consume_1_and_2_with_dataset_expressions to None, run_after=None
[2025-01-07T12:09:03.538+0000] {logging_mixin.py:190} INFO - [2025-01-07T12:09:03.538+0000] {dag.py:4180} INFO - Setting next_dagrun for consume_1_or_2_with_dataset_expressions to None, run_after=None
[2025-01-07T12:09:03.543+0000] {logging_mixin.py:190} INFO - [2025-01-07T12:09:03.542+0000] {dag.py:4180} INFO - Setting next_dagrun for consume_1_or_both_2_and_3_with_dataset_expressions to None, run_after=None
[2025-01-07T12:09:03.546+0000] {logging_mixin.py:190} INFO - [2025-01-07T12:09:03.545+0000] {dag.py:4180} INFO - Setting next_dagrun for dataset_consumes_1 to None, run_after=None
[2025-01-07T12:09:03.548+0000] {logging_mixin.py:190} INFO - [2025-01-07T12:09:03.548+0000] {dag.py:4180} INFO - Setting next_dagrun for dataset_consumes_1_and_2 to None, run_after=None
[2025-01-07T12:09:03.551+0000] {logging_mixin.py:190} INFO - [2025-01-07T12:09:03.551+0000] {dag.py:4180} INFO - Setting next_dagrun for dataset_consumes_1_never_scheduled to None, run_after=None
[2025-01-07T12:09:03.555+0000] {logging_mixin.py:190} INFO - [2025-01-07T12:09:03.554+0000] {dag.py:4180} INFO - Setting next_dagrun for dataset_consumes_unknown_never_scheduled to None, run_after=None
[2025-01-07T12:09:03.560+0000] {logging_mixin.py:190} INFO - [2025-01-07T12:09:03.559+0000] {dag.py:4180} INFO - Setting next_dagrun for dataset_produces_1 to 2025-01-06 00:00:00+00:00, run_after=2025-01-07 00:00:00+00:00
[2025-01-07T12:09:03.563+0000] {logging_mixin.py:190} INFO - [2025-01-07T12:09:03.563+0000] {dag.py:4180} INFO - Setting next_dagrun for dataset_produces_2 to None, run_after=None
[2025-01-07T12:09:03.633+0000] {processor.py:208} INFO - Processing /home/airflow/.local/lib/python3.12/site-packages/airflow/example_dags/example_datasets.py took 1.128 seconds
[2025-01-07T12:09:33.812+0000] {processor.py:186} INFO - Started process (PID=2738) to work on /home/airflow/.local/lib/python3.12/site-packages/airflow/example_dags/example_datasets.py
[2025-01-07T12:09:33.814+0000] {processor.py:914} INFO - Processing file /home/airflow/.local/lib/python3.12/site-packages/airflow/example_dags/example_datasets.py for tasks to queue
[2025-01-07T12:09:33.818+0000] {logging_mixin.py:190} INFO - [2025-01-07T12:09:33.817+0000] {dagbag.py:588} INFO - Filling up the DagBag from /home/airflow/.local/lib/python3.12/site-packages/airflow/example_dags/example_datasets.py
[2025-01-07T12:09:34.758+0000] {processor.py:925} INFO - DAG(s) 'conditional_dataset_and_time_based_timetable', 'dataset_produces_2', 'dataset_consumes_1_and_2', 'dataset_produces_1', 'consume_1_and_2_with_dataset_expressions', 'dataset_consumes_1', 'dataset_consumes_1_never_scheduled', 'consume_1_or_both_2_and_3_with_dataset_expressions', 'consume_1_or_2_with_dataset_expressions', 'dataset_consumes_unknown_never_scheduled' retrieved from /home/airflow/.local/lib/python3.12/site-packages/airflow/example_dags/example_datasets.py
[2025-01-07T12:09:34.851+0000] {logging_mixin.py:190} INFO - [2025-01-07T12:09:34.850+0000] {dag.py:3239} INFO - Sync 10 DAGs
[2025-01-07T12:09:34.898+0000] {logging_mixin.py:190} INFO - [2025-01-07T12:09:34.897+0000] {dag.py:4180} INFO - Setting next_dagrun for conditional_dataset_and_time_based_timetable to 2025-01-01 01:00:00+00:00, run_after=2025-01-01 01:00:00+00:00
[2025-01-07T12:09:34.906+0000] {logging_mixin.py:190} INFO - [2025-01-07T12:09:34.906+0000] {dag.py:4180} INFO - Setting next_dagrun for consume_1_and_2_with_dataset_expressions to None, run_after=None
[2025-01-07T12:09:34.910+0000] {logging_mixin.py:190} INFO - [2025-01-07T12:09:34.909+0000] {dag.py:4180} INFO - Setting next_dagrun for consume_1_or_2_with_dataset_expressions to None, run_after=None
[2025-01-07T12:09:34.914+0000] {logging_mixin.py:190} INFO - [2025-01-07T12:09:34.913+0000] {dag.py:4180} INFO - Setting next_dagrun for consume_1_or_both_2_and_3_with_dataset_expressions to None, run_after=None
[2025-01-07T12:09:34.918+0000] {logging_mixin.py:190} INFO - [2025-01-07T12:09:34.917+0000] {dag.py:4180} INFO - Setting next_dagrun for dataset_consumes_1 to None, run_after=None
[2025-01-07T12:09:34.922+0000] {logging_mixin.py:190} INFO - [2025-01-07T12:09:34.921+0000] {dag.py:4180} INFO - Setting next_dagrun for dataset_consumes_1_and_2 to None, run_after=None
[2025-01-07T12:09:34.926+0000] {logging_mixin.py:190} INFO - [2025-01-07T12:09:34.925+0000] {dag.py:4180} INFO - Setting next_dagrun for dataset_consumes_1_never_scheduled to None, run_after=None
[2025-01-07T12:09:34.928+0000] {logging_mixin.py:190} INFO - [2025-01-07T12:09:34.928+0000] {dag.py:4180} INFO - Setting next_dagrun for dataset_consumes_unknown_never_scheduled to None, run_after=None
[2025-01-07T12:09:34.932+0000] {logging_mixin.py:190} INFO - [2025-01-07T12:09:34.932+0000] {dag.py:4180} INFO - Setting next_dagrun for dataset_produces_1 to 2025-01-06 00:00:00+00:00, run_after=2025-01-07 00:00:00+00:00
[2025-01-07T12:09:34.935+0000] {logging_mixin.py:190} INFO - [2025-01-07T12:09:34.935+0000] {dag.py:4180} INFO - Setting next_dagrun for dataset_produces_2 to None, run_after=None
[2025-01-07T12:09:34.999+0000] {processor.py:208} INFO - Processing /home/airflow/.local/lib/python3.12/site-packages/airflow/example_dags/example_datasets.py took 1.196 seconds
[2025-01-07T12:10:05.394+0000] {processor.py:186} INFO - Started process (PID=2804) to work on /home/airflow/.local/lib/python3.12/site-packages/airflow/example_dags/example_datasets.py
[2025-01-07T12:10:05.396+0000] {processor.py:914} INFO - Processing file /home/airflow/.local/lib/python3.12/site-packages/airflow/example_dags/example_datasets.py for tasks to queue
[2025-01-07T12:10:05.400+0000] {logging_mixin.py:190} INFO - [2025-01-07T12:10:05.400+0000] {dagbag.py:588} INFO - Filling up the DagBag from /home/airflow/.local/lib/python3.12/site-packages/airflow/example_dags/example_datasets.py
[2025-01-07T12:10:06.207+0000] {processor.py:925} INFO - DAG(s) 'dataset_produces_2', 'dataset_consumes_1_never_scheduled', 'dataset_consumes_1_and_2', 'dataset_consumes_unknown_never_scheduled', 'consume_1_or_both_2_and_3_with_dataset_expressions', 'dataset_consumes_1', 'dataset_produces_1', 'conditional_dataset_and_time_based_timetable', 'consume_1_and_2_with_dataset_expressions', 'consume_1_or_2_with_dataset_expressions' retrieved from /home/airflow/.local/lib/python3.12/site-packages/airflow/example_dags/example_datasets.py
[2025-01-07T12:10:06.276+0000] {logging_mixin.py:190} INFO - [2025-01-07T12:10:06.276+0000] {dag.py:3239} INFO - Sync 10 DAGs
[2025-01-07T12:10:06.312+0000] {logging_mixin.py:190} INFO - [2025-01-07T12:10:06.312+0000] {dag.py:4180} INFO - Setting next_dagrun for conditional_dataset_and_time_based_timetable to 2025-01-01 01:00:00+00:00, run_after=2025-01-01 01:00:00+00:00
[2025-01-07T12:10:06.318+0000] {logging_mixin.py:190} INFO - [2025-01-07T12:10:06.318+0000] {dag.py:4180} INFO - Setting next_dagrun for consume_1_and_2_with_dataset_expressions to None, run_after=None
[2025-01-07T12:10:06.324+0000] {logging_mixin.py:190} INFO - [2025-01-07T12:10:06.324+0000] {dag.py:4180} INFO - Setting next_dagrun for consume_1_or_2_with_dataset_expressions to None, run_after=None
[2025-01-07T12:10:06.327+0000] {logging_mixin.py:190} INFO - [2025-01-07T12:10:06.326+0000] {dag.py:4180} INFO - Setting next_dagrun for consume_1_or_both_2_and_3_with_dataset_expressions to None, run_after=None
[2025-01-07T12:10:06.329+0000] {logging_mixin.py:190} INFO - [2025-01-07T12:10:06.329+0000] {dag.py:4180} INFO - Setting next_dagrun for dataset_consumes_1 to None, run_after=None
[2025-01-07T12:10:06.332+0000] {logging_mixin.py:190} INFO - [2025-01-07T12:10:06.331+0000] {dag.py:4180} INFO - Setting next_dagrun for dataset_consumes_1_and_2 to None, run_after=None
[2025-01-07T12:10:06.334+0000] {logging_mixin.py:190} INFO - [2025-01-07T12:10:06.334+0000] {dag.py:4180} INFO - Setting next_dagrun for dataset_consumes_1_never_scheduled to None, run_after=None
[2025-01-07T12:10:06.337+0000] {logging_mixin.py:190} INFO - [2025-01-07T12:10:06.337+0000] {dag.py:4180} INFO - Setting next_dagrun for dataset_consumes_unknown_never_scheduled to None, run_after=None
[2025-01-07T12:10:06.341+0000] {logging_mixin.py:190} INFO - [2025-01-07T12:10:06.341+0000] {dag.py:4180} INFO - Setting next_dagrun for dataset_produces_1 to 2025-01-06 00:00:00+00:00, run_after=2025-01-07 00:00:00+00:00
[2025-01-07T12:10:06.343+0000] {logging_mixin.py:190} INFO - [2025-01-07T12:10:06.343+0000] {dag.py:4180} INFO - Setting next_dagrun for dataset_produces_2 to None, run_after=None
[2025-01-07T12:10:06.400+0000] {processor.py:208} INFO - Processing /home/airflow/.local/lib/python3.12/site-packages/airflow/example_dags/example_datasets.py took 1.014 seconds
[2025-01-07T12:10:36.546+0000] {processor.py:186} INFO - Started process (PID=2868) to work on /home/airflow/.local/lib/python3.12/site-packages/airflow/example_dags/example_datasets.py
[2025-01-07T12:10:36.548+0000] {processor.py:914} INFO - Processing file /home/airflow/.local/lib/python3.12/site-packages/airflow/example_dags/example_datasets.py for tasks to queue
[2025-01-07T12:10:36.552+0000] {logging_mixin.py:190} INFO - [2025-01-07T12:10:36.552+0000] {dagbag.py:588} INFO - Filling up the DagBag from /home/airflow/.local/lib/python3.12/site-packages/airflow/example_dags/example_datasets.py
[2025-01-07T12:10:37.387+0000] {processor.py:925} INFO - DAG(s) 'consume_1_or_both_2_and_3_with_dataset_expressions', 'dataset_consumes_1_never_scheduled', 'dataset_consumes_1', 'conditional_dataset_and_time_based_timetable', 'dataset_produces_2', 'dataset_produces_1', 'consume_1_and_2_with_dataset_expressions', 'dataset_consumes_1_and_2', 'consume_1_or_2_with_dataset_expressions', 'dataset_consumes_unknown_never_scheduled' retrieved from /home/airflow/.local/lib/python3.12/site-packages/airflow/example_dags/example_datasets.py
[2025-01-07T12:10:37.464+0000] {logging_mixin.py:190} INFO - [2025-01-07T12:10:37.464+0000] {dag.py:3239} INFO - Sync 10 DAGs
[2025-01-07T12:10:37.507+0000] {logging_mixin.py:190} INFO - [2025-01-07T12:10:37.506+0000] {dag.py:4180} INFO - Setting next_dagrun for conditional_dataset_and_time_based_timetable to 2025-01-01 01:00:00+00:00, run_after=2025-01-01 01:00:00+00:00
[2025-01-07T12:10:37.516+0000] {logging_mixin.py:190} INFO - [2025-01-07T12:10:37.516+0000] {dag.py:4180} INFO - Setting next_dagrun for consume_1_and_2_with_dataset_expressions to None, run_after=None
[2025-01-07T12:10:37.519+0000] {logging_mixin.py:190} INFO - [2025-01-07T12:10:37.519+0000] {dag.py:4180} INFO - Setting next_dagrun for consume_1_or_2_with_dataset_expressions to None, run_after=None
[2025-01-07T12:10:37.521+0000] {logging_mixin.py:190} INFO - [2025-01-07T12:10:37.521+0000] {dag.py:4180} INFO - Setting next_dagrun for consume_1_or_both_2_and_3_with_dataset_expressions to None, run_after=None
[2025-01-07T12:10:37.524+0000] {logging_mixin.py:190} INFO - [2025-01-07T12:10:37.524+0000] {dag.py:4180} INFO - Setting next_dagrun for dataset_consumes_1 to None, run_after=None
[2025-01-07T12:10:37.527+0000] {logging_mixin.py:190} INFO - [2025-01-07T12:10:37.527+0000] {dag.py:4180} INFO - Setting next_dagrun for dataset_consumes_1_and_2 to None, run_after=None
[2025-01-07T12:10:37.529+0000] {logging_mixin.py:190} INFO - [2025-01-07T12:10:37.529+0000] {dag.py:4180} INFO - Setting next_dagrun for dataset_consumes_1_never_scheduled to None, run_after=None
[2025-01-07T12:10:37.531+0000] {logging_mixin.py:190} INFO - [2025-01-07T12:10:37.531+0000] {dag.py:4180} INFO - Setting next_dagrun for dataset_consumes_unknown_never_scheduled to None, run_after=None
[2025-01-07T12:10:37.536+0000] {logging_mixin.py:190} INFO - [2025-01-07T12:10:37.536+0000] {dag.py:4180} INFO - Setting next_dagrun for dataset_produces_1 to 2025-01-06 00:00:00+00:00, run_after=2025-01-07 00:00:00+00:00
[2025-01-07T12:10:37.538+0000] {logging_mixin.py:190} INFO - [2025-01-07T12:10:37.538+0000] {dag.py:4180} INFO - Setting next_dagrun for dataset_produces_2 to None, run_after=None
[2025-01-07T12:10:37.595+0000] {processor.py:208} INFO - Processing /home/airflow/.local/lib/python3.12/site-packages/airflow/example_dags/example_datasets.py took 1.058 seconds
[2025-01-07T12:11:08.205+0000] {processor.py:186} INFO - Started process (PID=2932) to work on /home/airflow/.local/lib/python3.12/site-packages/airflow/example_dags/example_datasets.py
[2025-01-07T12:11:08.207+0000] {processor.py:914} INFO - Processing file /home/airflow/.local/lib/python3.12/site-packages/airflow/example_dags/example_datasets.py for tasks to queue
[2025-01-07T12:11:08.213+0000] {logging_mixin.py:190} INFO - [2025-01-07T12:11:08.211+0000] {dagbag.py:588} INFO - Filling up the DagBag from /home/airflow/.local/lib/python3.12/site-packages/airflow/example_dags/example_datasets.py
[2025-01-07T12:11:09.449+0000] {processor.py:925} INFO - DAG(s) 'consume_1_or_both_2_and_3_with_dataset_expressions', 'dataset_consumes_1', 'consume_1_or_2_with_dataset_expressions', 'consume_1_and_2_with_dataset_expressions', 'dataset_consumes_1_never_scheduled', 'conditional_dataset_and_time_based_timetable', 'dataset_consumes_1_and_2', 'dataset_produces_2', 'dataset_consumes_unknown_never_scheduled', 'dataset_produces_1' retrieved from /home/airflow/.local/lib/python3.12/site-packages/airflow/example_dags/example_datasets.py
[2025-01-07T12:11:09.555+0000] {logging_mixin.py:190} INFO - [2025-01-07T12:11:09.555+0000] {dag.py:3239} INFO - Sync 10 DAGs
[2025-01-07T12:11:09.620+0000] {logging_mixin.py:190} INFO - [2025-01-07T12:11:09.619+0000] {dag.py:4180} INFO - Setting next_dagrun for conditional_dataset_and_time_based_timetable to 2025-01-01 01:00:00+00:00, run_after=2025-01-01 01:00:00+00:00
[2025-01-07T12:11:09.630+0000] {logging_mixin.py:190} INFO - [2025-01-07T12:11:09.630+0000] {dag.py:4180} INFO - Setting next_dagrun for consume_1_and_2_with_dataset_expressions to None, run_after=None
[2025-01-07T12:11:09.635+0000] {logging_mixin.py:190} INFO - [2025-01-07T12:11:09.634+0000] {dag.py:4180} INFO - Setting next_dagrun for consume_1_or_2_with_dataset_expressions to None, run_after=None
[2025-01-07T12:11:09.640+0000] {logging_mixin.py:190} INFO - [2025-01-07T12:11:09.639+0000] {dag.py:4180} INFO - Setting next_dagrun for consume_1_or_both_2_and_3_with_dataset_expressions to None, run_after=None
[2025-01-07T12:11:09.644+0000] {logging_mixin.py:190} INFO - [2025-01-07T12:11:09.644+0000] {dag.py:4180} INFO - Setting next_dagrun for dataset_consumes_1 to None, run_after=None
[2025-01-07T12:11:09.647+0000] {logging_mixin.py:190} INFO - [2025-01-07T12:11:09.647+0000] {dag.py:4180} INFO - Setting next_dagrun for dataset_consumes_1_and_2 to None, run_after=None
[2025-01-07T12:11:09.652+0000] {logging_mixin.py:190} INFO - [2025-01-07T12:11:09.652+0000] {dag.py:4180} INFO - Setting next_dagrun for dataset_consumes_1_never_scheduled to None, run_after=None
[2025-01-07T12:11:09.656+0000] {logging_mixin.py:190} INFO - [2025-01-07T12:11:09.656+0000] {dag.py:4180} INFO - Setting next_dagrun for dataset_consumes_unknown_never_scheduled to None, run_after=None
[2025-01-07T12:11:09.664+0000] {logging_mixin.py:190} INFO - [2025-01-07T12:11:09.664+0000] {dag.py:4180} INFO - Setting next_dagrun for dataset_produces_1 to 2025-01-06 00:00:00+00:00, run_after=2025-01-07 00:00:00+00:00
[2025-01-07T12:11:09.669+0000] {logging_mixin.py:190} INFO - [2025-01-07T12:11:09.668+0000] {dag.py:4180} INFO - Setting next_dagrun for dataset_produces_2 to None, run_after=None
[2025-01-07T12:11:09.785+0000] {processor.py:208} INFO - Processing /home/airflow/.local/lib/python3.12/site-packages/airflow/example_dags/example_datasets.py took 1.592 seconds
[2025-01-07T12:11:40.499+0000] {processor.py:186} INFO - Started process (PID=2995) to work on /home/airflow/.local/lib/python3.12/site-packages/airflow/example_dags/example_datasets.py
[2025-01-07T12:11:40.500+0000] {processor.py:914} INFO - Processing file /home/airflow/.local/lib/python3.12/site-packages/airflow/example_dags/example_datasets.py for tasks to queue
[2025-01-07T12:11:40.504+0000] {logging_mixin.py:190} INFO - [2025-01-07T12:11:40.504+0000] {dagbag.py:588} INFO - Filling up the DagBag from /home/airflow/.local/lib/python3.12/site-packages/airflow/example_dags/example_datasets.py
[2025-01-07T12:11:41.279+0000] {processor.py:925} INFO - DAG(s) 'conditional_dataset_and_time_based_timetable', 'dataset_produces_2', 'consume_1_and_2_with_dataset_expressions', 'dataset_consumes_1_and_2', 'dataset_consumes_unknown_never_scheduled', 'dataset_consumes_1', 'dataset_consumes_1_never_scheduled', 'dataset_produces_1', 'consume_1_or_both_2_and_3_with_dataset_expressions', 'consume_1_or_2_with_dataset_expressions' retrieved from /home/airflow/.local/lib/python3.12/site-packages/airflow/example_dags/example_datasets.py
[2025-01-07T12:11:41.350+0000] {logging_mixin.py:190} INFO - [2025-01-07T12:11:41.350+0000] {dag.py:3239} INFO - Sync 10 DAGs
[2025-01-07T12:11:41.392+0000] {logging_mixin.py:190} INFO - [2025-01-07T12:11:41.392+0000] {dag.py:4180} INFO - Setting next_dagrun for conditional_dataset_and_time_based_timetable to 2025-01-01 01:00:00+00:00, run_after=2025-01-01 01:00:00+00:00
[2025-01-07T12:11:41.400+0000] {logging_mixin.py:190} INFO - [2025-01-07T12:11:41.400+0000] {dag.py:4180} INFO - Setting next_dagrun for consume_1_and_2_with_dataset_expressions to None, run_after=None
[2025-01-07T12:11:41.404+0000] {logging_mixin.py:190} INFO - [2025-01-07T12:11:41.403+0000] {dag.py:4180} INFO - Setting next_dagrun for consume_1_or_2_with_dataset_expressions to None, run_after=None
[2025-01-07T12:11:41.408+0000] {logging_mixin.py:190} INFO - [2025-01-07T12:11:41.408+0000] {dag.py:4180} INFO - Setting next_dagrun for consume_1_or_both_2_and_3_with_dataset_expressions to None, run_after=None
[2025-01-07T12:11:41.411+0000] {logging_mixin.py:190} INFO - [2025-01-07T12:11:41.411+0000] {dag.py:4180} INFO - Setting next_dagrun for dataset_consumes_1 to None, run_after=None
[2025-01-07T12:11:41.415+0000] {logging_mixin.py:190} INFO - [2025-01-07T12:11:41.414+0000] {dag.py:4180} INFO - Setting next_dagrun for dataset_consumes_1_and_2 to None, run_after=None
[2025-01-07T12:11:41.417+0000] {logging_mixin.py:190} INFO - [2025-01-07T12:11:41.417+0000] {dag.py:4180} INFO - Setting next_dagrun for dataset_consumes_1_never_scheduled to None, run_after=None
[2025-01-07T12:11:41.421+0000] {logging_mixin.py:190} INFO - [2025-01-07T12:11:41.420+0000] {dag.py:4180} INFO - Setting next_dagrun for dataset_consumes_unknown_never_scheduled to None, run_after=None
[2025-01-07T12:11:41.425+0000] {logging_mixin.py:190} INFO - [2025-01-07T12:11:41.425+0000] {dag.py:4180} INFO - Setting next_dagrun for dataset_produces_1 to 2025-01-06 00:00:00+00:00, run_after=2025-01-07 00:00:00+00:00
[2025-01-07T12:11:41.429+0000] {logging_mixin.py:190} INFO - [2025-01-07T12:11:41.428+0000] {dag.py:4180} INFO - Setting next_dagrun for dataset_produces_2 to None, run_after=None
[2025-01-07T12:11:41.497+0000] {processor.py:208} INFO - Processing /home/airflow/.local/lib/python3.12/site-packages/airflow/example_dags/example_datasets.py took 1.005 seconds
[2025-01-07T12:12:11.624+0000] {processor.py:186} INFO - Started process (PID=3062) to work on /home/airflow/.local/lib/python3.12/site-packages/airflow/example_dags/example_datasets.py
[2025-01-07T12:12:11.626+0000] {processor.py:914} INFO - Processing file /home/airflow/.local/lib/python3.12/site-packages/airflow/example_dags/example_datasets.py for tasks to queue
[2025-01-07T12:12:11.632+0000] {logging_mixin.py:190} INFO - [2025-01-07T12:12:11.631+0000] {dagbag.py:588} INFO - Filling up the DagBag from /home/airflow/.local/lib/python3.12/site-packages/airflow/example_dags/example_datasets.py
[2025-01-07T12:12:12.614+0000] {processor.py:925} INFO - DAG(s) 'dataset_consumes_unknown_never_scheduled', 'dataset_consumes_1_never_scheduled', 'dataset_produces_2', 'dataset_produces_1', 'consume_1_and_2_with_dataset_expressions', 'dataset_consumes_1', 'dataset_consumes_1_and_2', 'consume_1_or_both_2_and_3_with_dataset_expressions', 'conditional_dataset_and_time_based_timetable', 'consume_1_or_2_with_dataset_expressions' retrieved from /home/airflow/.local/lib/python3.12/site-packages/airflow/example_dags/example_datasets.py
[2025-01-07T12:12:12.715+0000] {logging_mixin.py:190} INFO - [2025-01-07T12:12:12.714+0000] {dag.py:3239} INFO - Sync 10 DAGs
[2025-01-07T12:12:12.764+0000] {logging_mixin.py:190} INFO - [2025-01-07T12:12:12.764+0000] {dag.py:4180} INFO - Setting next_dagrun for conditional_dataset_and_time_based_timetable to 2025-01-01 01:00:00+00:00, run_after=2025-01-01 01:00:00+00:00
[2025-01-07T12:12:12.772+0000] {logging_mixin.py:190} INFO - [2025-01-07T12:12:12.772+0000] {dag.py:4180} INFO - Setting next_dagrun for consume_1_and_2_with_dataset_expressions to None, run_after=None
[2025-01-07T12:12:12.775+0000] {logging_mixin.py:190} INFO - [2025-01-07T12:12:12.775+0000] {dag.py:4180} INFO - Setting next_dagrun for consume_1_or_2_with_dataset_expressions to None, run_after=None
[2025-01-07T12:12:12.777+0000] {logging_mixin.py:190} INFO - [2025-01-07T12:12:12.777+0000] {dag.py:4180} INFO - Setting next_dagrun for consume_1_or_both_2_and_3_with_dataset_expressions to None, run_after=None
[2025-01-07T12:12:12.780+0000] {logging_mixin.py:190} INFO - [2025-01-07T12:12:12.780+0000] {dag.py:4180} INFO - Setting next_dagrun for dataset_consumes_1 to None, run_after=None
[2025-01-07T12:12:12.783+0000] {logging_mixin.py:190} INFO - [2025-01-07T12:12:12.782+0000] {dag.py:4180} INFO - Setting next_dagrun for dataset_consumes_1_and_2 to None, run_after=None
[2025-01-07T12:12:12.786+0000] {logging_mixin.py:190} INFO - [2025-01-07T12:12:12.786+0000] {dag.py:4180} INFO - Setting next_dagrun for dataset_consumes_1_never_scheduled to None, run_after=None
[2025-01-07T12:12:12.789+0000] {logging_mixin.py:190} INFO - [2025-01-07T12:12:12.788+0000] {dag.py:4180} INFO - Setting next_dagrun for dataset_consumes_unknown_never_scheduled to None, run_after=None
[2025-01-07T12:12:12.794+0000] {logging_mixin.py:190} INFO - [2025-01-07T12:12:12.794+0000] {dag.py:4180} INFO - Setting next_dagrun for dataset_produces_1 to 2025-01-06 00:00:00+00:00, run_after=2025-01-07 00:00:00+00:00
[2025-01-07T12:12:12.798+0000] {logging_mixin.py:190} INFO - [2025-01-07T12:12:12.797+0000] {dag.py:4180} INFO - Setting next_dagrun for dataset_produces_2 to None, run_after=None
[2025-01-07T12:12:12.862+0000] {processor.py:208} INFO - Processing /home/airflow/.local/lib/python3.12/site-packages/airflow/example_dags/example_datasets.py took 1.248 seconds
[2025-01-07T12:12:43.160+0000] {processor.py:186} INFO - Started process (PID=3128) to work on /home/airflow/.local/lib/python3.12/site-packages/airflow/example_dags/example_datasets.py
[2025-01-07T12:12:43.161+0000] {processor.py:914} INFO - Processing file /home/airflow/.local/lib/python3.12/site-packages/airflow/example_dags/example_datasets.py for tasks to queue
[2025-01-07T12:12:43.166+0000] {logging_mixin.py:190} INFO - [2025-01-07T12:12:43.165+0000] {dagbag.py:588} INFO - Filling up the DagBag from /home/airflow/.local/lib/python3.12/site-packages/airflow/example_dags/example_datasets.py
[2025-01-07T12:12:44.290+0000] {processor.py:925} INFO - DAG(s) 'dataset_consumes_1', 'conditional_dataset_and_time_based_timetable', 'dataset_consumes_1_never_scheduled', 'consume_1_or_2_with_dataset_expressions', 'consume_1_and_2_with_dataset_expressions', 'dataset_produces_1', 'dataset_consumes_1_and_2', 'dataset_produces_2', 'consume_1_or_both_2_and_3_with_dataset_expressions', 'dataset_consumes_unknown_never_scheduled' retrieved from /home/airflow/.local/lib/python3.12/site-packages/airflow/example_dags/example_datasets.py
[2025-01-07T12:12:44.378+0000] {logging_mixin.py:190} INFO - [2025-01-07T12:12:44.378+0000] {dag.py:3239} INFO - Sync 10 DAGs
[2025-01-07T12:12:44.430+0000] {logging_mixin.py:190} INFO - [2025-01-07T12:12:44.429+0000] {dag.py:4180} INFO - Setting next_dagrun for conditional_dataset_and_time_based_timetable to 2025-01-01 01:00:00+00:00, run_after=2025-01-01 01:00:00+00:00
[2025-01-07T12:12:44.437+0000] {logging_mixin.py:190} INFO - [2025-01-07T12:12:44.437+0000] {dag.py:4180} INFO - Setting next_dagrun for consume_1_and_2_with_dataset_expressions to None, run_after=None
[2025-01-07T12:12:44.441+0000] {logging_mixin.py:190} INFO - [2025-01-07T12:12:44.440+0000] {dag.py:4180} INFO - Setting next_dagrun for consume_1_or_2_with_dataset_expressions to None, run_after=None
[2025-01-07T12:12:44.444+0000] {logging_mixin.py:190} INFO - [2025-01-07T12:12:44.443+0000] {dag.py:4180} INFO - Setting next_dagrun for consume_1_or_both_2_and_3_with_dataset_expressions to None, run_after=None
[2025-01-07T12:12:44.447+0000] {logging_mixin.py:190} INFO - [2025-01-07T12:12:44.447+0000] {dag.py:4180} INFO - Setting next_dagrun for dataset_consumes_1 to None, run_after=None
[2025-01-07T12:12:44.450+0000] {logging_mixin.py:190} INFO - [2025-01-07T12:12:44.450+0000] {dag.py:4180} INFO - Setting next_dagrun for dataset_consumes_1_and_2 to None, run_after=None
[2025-01-07T12:12:44.454+0000] {logging_mixin.py:190} INFO - [2025-01-07T12:12:44.454+0000] {dag.py:4180} INFO - Setting next_dagrun for dataset_consumes_1_never_scheduled to None, run_after=None
[2025-01-07T12:12:44.458+0000] {logging_mixin.py:190} INFO - [2025-01-07T12:12:44.458+0000] {dag.py:4180} INFO - Setting next_dagrun for dataset_consumes_unknown_never_scheduled to None, run_after=None
[2025-01-07T12:12:44.465+0000] {logging_mixin.py:190} INFO - [2025-01-07T12:12:44.464+0000] {dag.py:4180} INFO - Setting next_dagrun for dataset_produces_1 to 2025-01-06 00:00:00+00:00, run_after=2025-01-07 00:00:00+00:00
[2025-01-07T12:12:44.468+0000] {logging_mixin.py:190} INFO - [2025-01-07T12:12:44.468+0000] {dag.py:4180} INFO - Setting next_dagrun for dataset_produces_2 to None, run_after=None
[2025-01-07T12:12:44.543+0000] {processor.py:208} INFO - Processing /home/airflow/.local/lib/python3.12/site-packages/airflow/example_dags/example_datasets.py took 1.393 seconds
[2025-01-07T12:43:09.250+0000] {processor.py:186} INFO - Started process (PID=3172) to work on /home/airflow/.local/lib/python3.12/site-packages/airflow/example_dags/example_datasets.py
[2025-01-07T12:43:09.254+0000] {processor.py:914} INFO - Processing file /home/airflow/.local/lib/python3.12/site-packages/airflow/example_dags/example_datasets.py for tasks to queue
[2025-01-07T12:43:09.263+0000] {logging_mixin.py:190} INFO - [2025-01-07T12:43:09.262+0000] {dagbag.py:588} INFO - Filling up the DagBag from /home/airflow/.local/lib/python3.12/site-packages/airflow/example_dags/example_datasets.py
[2025-01-07T12:43:11.105+0000] {processor.py:925} INFO - DAG(s) 'dataset_consumes_1', 'dataset_produces_2', 'consume_1_or_2_with_dataset_expressions', 'dataset_consumes_1_never_scheduled', 'dataset_consumes_1_and_2', 'consume_1_or_both_2_and_3_with_dataset_expressions', 'dataset_produces_1', 'dataset_consumes_unknown_never_scheduled', 'consume_1_and_2_with_dataset_expressions', 'conditional_dataset_and_time_based_timetable' retrieved from /home/airflow/.local/lib/python3.12/site-packages/airflow/example_dags/example_datasets.py
[2025-01-07T12:43:11.182+0000] {logging_mixin.py:190} INFO - [2025-01-07T12:43:11.181+0000] {dag.py:3239} INFO - Sync 10 DAGs
[2025-01-07T12:43:11.239+0000] {logging_mixin.py:190} INFO - [2025-01-07T12:43:11.238+0000] {dag.py:4180} INFO - Setting next_dagrun for conditional_dataset_and_time_based_timetable to 2025-01-01 01:00:00+00:00, run_after=2025-01-01 01:00:00+00:00
[2025-01-07T12:43:11.248+0000] {logging_mixin.py:190} INFO - [2025-01-07T12:43:11.247+0000] {dag.py:4180} INFO - Setting next_dagrun for consume_1_and_2_with_dataset_expressions to None, run_after=None
[2025-01-07T12:43:11.255+0000] {logging_mixin.py:190} INFO - [2025-01-07T12:43:11.255+0000] {dag.py:4180} INFO - Setting next_dagrun for consume_1_or_2_with_dataset_expressions to None, run_after=None
[2025-01-07T12:43:11.258+0000] {logging_mixin.py:190} INFO - [2025-01-07T12:43:11.258+0000] {dag.py:4180} INFO - Setting next_dagrun for consume_1_or_both_2_and_3_with_dataset_expressions to None, run_after=None
[2025-01-07T12:43:11.261+0000] {logging_mixin.py:190} INFO - [2025-01-07T12:43:11.261+0000] {dag.py:4180} INFO - Setting next_dagrun for dataset_consumes_1 to None, run_after=None
[2025-01-07T12:43:11.264+0000] {logging_mixin.py:190} INFO - [2025-01-07T12:43:11.264+0000] {dag.py:4180} INFO - Setting next_dagrun for dataset_consumes_1_and_2 to None, run_after=None
[2025-01-07T12:43:11.272+0000] {logging_mixin.py:190} INFO - [2025-01-07T12:43:11.272+0000] {dag.py:4180} INFO - Setting next_dagrun for dataset_consumes_1_never_scheduled to None, run_after=None
[2025-01-07T12:43:11.275+0000] {logging_mixin.py:190} INFO - [2025-01-07T12:43:11.275+0000] {dag.py:4180} INFO - Setting next_dagrun for dataset_consumes_unknown_never_scheduled to None, run_after=None
[2025-01-07T12:43:11.280+0000] {logging_mixin.py:190} INFO - [2025-01-07T12:43:11.280+0000] {dag.py:4180} INFO - Setting next_dagrun for dataset_produces_1 to 2025-01-06 00:00:00+00:00, run_after=2025-01-07 00:00:00+00:00
[2025-01-07T12:43:11.283+0000] {logging_mixin.py:190} INFO - [2025-01-07T12:43:11.282+0000] {dag.py:4180} INFO - Setting next_dagrun for dataset_produces_2 to None, run_after=None
[2025-01-07T12:43:11.377+0000] {processor.py:208} INFO - Processing /home/airflow/.local/lib/python3.12/site-packages/airflow/example_dags/example_datasets.py took 2.136 seconds
