[2025-01-07T11:47:34.205+0000] {processor.py:186} INFO - Started process (PID=86) to work on /home/airflow/.local/lib/python3.12/site-packages/airflow/example_dags/example_dataset_alias.py
[2025-01-07T11:47:34.206+0000] {processor.py:914} INFO - Processing file /home/airflow/.local/lib/python3.12/site-packages/airflow/example_dags/example_dataset_alias.py for tasks to queue
[2025-01-07T11:47:34.209+0000] {logging_mixin.py:190} INFO - [2025-01-07T11:47:34.209+0000] {dagbag.py:588} INFO - Filling up the DagBag from /home/airflow/.local/lib/python3.12/site-packages/airflow/example_dags/example_dataset_alias.py
[2025-01-07T11:47:35.248+0000] {processor.py:925} INFO - DAG(s) 'dataset_s3_bucket_consumer', 'dataset_s3_bucket_producer', 'dataset_alias_example_alias_consumer', 'dataset_alias_example_alias_producer' retrieved from /home/airflow/.local/lib/python3.12/site-packages/airflow/example_dags/example_dataset_alias.py
[2025-01-07T11:47:35.432+0000] {logging_mixin.py:190} INFO - [2025-01-07T11:47:35.431+0000] {override.py:1911} INFO - Created Permission View: can read on DAG:dataset_s3_bucket_consumer
[2025-01-07T11:47:35.450+0000] {logging_mixin.py:190} INFO - [2025-01-07T11:47:35.449+0000] {override.py:1911} INFO - Created Permission View: can delete on DAG:dataset_s3_bucket_consumer
[2025-01-07T11:47:35.465+0000] {logging_mixin.py:190} INFO - [2025-01-07T11:47:35.464+0000] {override.py:1911} INFO - Created Permission View: can edit on DAG:dataset_s3_bucket_consumer
[2025-01-07T11:47:35.480+0000] {logging_mixin.py:190} INFO - [2025-01-07T11:47:35.479+0000] {override.py:1911} INFO - Created Permission View: menu access on DAG Run:dataset_s3_bucket_consumer
[2025-01-07T11:47:35.492+0000] {logging_mixin.py:190} INFO - [2025-01-07T11:47:35.491+0000] {override.py:1911} INFO - Created Permission View: can read on DAG Run:dataset_s3_bucket_consumer
[2025-01-07T11:47:35.510+0000] {logging_mixin.py:190} INFO - [2025-01-07T11:47:35.510+0000] {override.py:1911} INFO - Created Permission View: can delete on DAG Run:dataset_s3_bucket_consumer
[2025-01-07T11:47:35.528+0000] {logging_mixin.py:190} INFO - [2025-01-07T11:47:35.527+0000] {override.py:1911} INFO - Created Permission View: can create on DAG Run:dataset_s3_bucket_consumer
[2025-01-07T11:47:35.557+0000] {logging_mixin.py:190} INFO - [2025-01-07T11:47:35.557+0000] {override.py:1911} INFO - Created Permission View: can read on DAG:dataset_s3_bucket_producer
[2025-01-07T11:47:35.573+0000] {logging_mixin.py:190} INFO - [2025-01-07T11:47:35.573+0000] {override.py:1911} INFO - Created Permission View: can delete on DAG:dataset_s3_bucket_producer
[2025-01-07T11:47:35.590+0000] {logging_mixin.py:190} INFO - [2025-01-07T11:47:35.589+0000] {override.py:1911} INFO - Created Permission View: can edit on DAG:dataset_s3_bucket_producer
[2025-01-07T11:47:35.608+0000] {logging_mixin.py:190} INFO - [2025-01-07T11:47:35.607+0000] {override.py:1911} INFO - Created Permission View: menu access on DAG Run:dataset_s3_bucket_producer
[2025-01-07T11:47:35.619+0000] {logging_mixin.py:190} INFO - [2025-01-07T11:47:35.619+0000] {override.py:1911} INFO - Created Permission View: can read on DAG Run:dataset_s3_bucket_producer
[2025-01-07T11:47:35.629+0000] {logging_mixin.py:190} INFO - [2025-01-07T11:47:35.629+0000] {override.py:1911} INFO - Created Permission View: can delete on DAG Run:dataset_s3_bucket_producer
[2025-01-07T11:47:35.653+0000] {logging_mixin.py:190} INFO - [2025-01-07T11:47:35.652+0000] {override.py:1911} INFO - Created Permission View: can create on DAG Run:dataset_s3_bucket_producer
[2025-01-07T11:47:35.689+0000] {logging_mixin.py:190} INFO - [2025-01-07T11:47:35.688+0000] {override.py:1911} INFO - Created Permission View: can read on DAG:dataset_alias_example_alias_consumer
[2025-01-07T11:47:35.710+0000] {logging_mixin.py:190} INFO - [2025-01-07T11:47:35.709+0000] {override.py:1911} INFO - Created Permission View: can delete on DAG:dataset_alias_example_alias_consumer
[2025-01-07T11:47:35.731+0000] {logging_mixin.py:190} INFO - [2025-01-07T11:47:35.731+0000] {override.py:1911} INFO - Created Permission View: can edit on DAG:dataset_alias_example_alias_consumer
[2025-01-07T11:47:35.746+0000] {logging_mixin.py:190} INFO - [2025-01-07T11:47:35.745+0000] {override.py:1911} INFO - Created Permission View: menu access on DAG Run:dataset_alias_example_alias_consumer
[2025-01-07T11:47:35.757+0000] {logging_mixin.py:190} INFO - [2025-01-07T11:47:35.756+0000] {override.py:1911} INFO - Created Permission View: can read on DAG Run:dataset_alias_example_alias_consumer
[2025-01-07T11:47:35.769+0000] {logging_mixin.py:190} INFO - [2025-01-07T11:47:35.769+0000] {override.py:1911} INFO - Created Permission View: can delete on DAG Run:dataset_alias_example_alias_consumer
[2025-01-07T11:47:35.880+0000] {logging_mixin.py:190} INFO - [2025-01-07T11:47:35.879+0000] {override.py:1911} INFO - Created Permission View: can create on DAG Run:dataset_alias_example_alias_consumer
[2025-01-07T11:47:36.041+0000] {logging_mixin.py:190} INFO - [2025-01-07T11:47:36.040+0000] {override.py:1911} INFO - Created Permission View: can read on DAG:dataset_alias_example_alias_producer
[2025-01-07T11:47:36.581+0000] {logging_mixin.py:190} INFO - [2025-01-07T11:47:36.581+0000] {override.py:1911} INFO - Created Permission View: can delete on DAG:dataset_alias_example_alias_producer
[2025-01-07T11:47:36.845+0000] {logging_mixin.py:190} INFO - [2025-01-07T11:47:36.844+0000] {override.py:1911} INFO - Created Permission View: can edit on DAG:dataset_alias_example_alias_producer
[2025-01-07T11:47:37.511+0000] {logging_mixin.py:190} INFO - [2025-01-07T11:47:37.511+0000] {override.py:1911} INFO - Created Permission View: menu access on DAG Run:dataset_alias_example_alias_producer
[2025-01-07T11:47:37.782+0000] {logging_mixin.py:190} INFO - [2025-01-07T11:47:37.781+0000] {override.py:1911} INFO - Created Permission View: can read on DAG Run:dataset_alias_example_alias_producer
[2025-01-07T11:47:37.792+0000] {logging_mixin.py:190} INFO - [2025-01-07T11:47:37.792+0000] {override.py:1911} INFO - Created Permission View: can delete on DAG Run:dataset_alias_example_alias_producer
[2025-01-07T11:47:37.804+0000] {logging_mixin.py:190} INFO - [2025-01-07T11:47:37.803+0000] {override.py:1911} INFO - Created Permission View: can create on DAG Run:dataset_alias_example_alias_producer
[2025-01-07T11:47:37.805+0000] {logging_mixin.py:190} INFO - [2025-01-07T11:47:37.804+0000] {dag.py:3239} INFO - Sync 4 DAGs
[2025-01-07T11:47:37.825+0000] {logging_mixin.py:190} INFO - [2025-01-07T11:47:37.824+0000] {dag.py:3262} INFO - Creating ORM DAG for dataset_alias_example_alias_producer
[2025-01-07T11:47:37.828+0000] {logging_mixin.py:190} INFO - [2025-01-07T11:47:37.827+0000] {dag.py:3262} INFO - Creating ORM DAG for dataset_s3_bucket_consumer
[2025-01-07T11:47:37.829+0000] {logging_mixin.py:190} INFO - [2025-01-07T11:47:37.829+0000] {dag.py:3262} INFO - Creating ORM DAG for dataset_alias_example_alias_consumer
[2025-01-07T11:47:37.830+0000] {logging_mixin.py:190} INFO - [2025-01-07T11:47:37.829+0000] {dag.py:3262} INFO - Creating ORM DAG for dataset_s3_bucket_producer
[2025-01-07T11:47:37.845+0000] {logging_mixin.py:190} INFO - [2025-01-07T11:47:37.844+0000] {dag.py:4180} INFO - Setting next_dagrun for dataset_alias_example_alias_consumer to None, run_after=None
[2025-01-07T11:47:37.847+0000] {logging_mixin.py:190} INFO - [2025-01-07T11:47:37.846+0000] {dag.py:4180} INFO - Setting next_dagrun for dataset_alias_example_alias_producer to None, run_after=None
[2025-01-07T11:47:37.847+0000] {logging_mixin.py:190} INFO - [2025-01-07T11:47:37.847+0000] {dag.py:4180} INFO - Setting next_dagrun for dataset_s3_bucket_consumer to None, run_after=None
[2025-01-07T11:47:37.848+0000] {logging_mixin.py:190} INFO - [2025-01-07T11:47:37.848+0000] {dag.py:4180} INFO - Setting next_dagrun for dataset_s3_bucket_producer to None, run_after=None
[2025-01-07T11:47:37.898+0000] {processor.py:208} INFO - Processing /home/airflow/.local/lib/python3.12/site-packages/airflow/example_dags/example_dataset_alias.py took 3.698 seconds
[2025-01-07T11:48:29.349+0000] {processor.py:186} INFO - Started process (PID=155) to work on /home/airflow/.local/lib/python3.12/site-packages/airflow/example_dags/example_dataset_alias.py
[2025-01-07T11:48:29.351+0000] {processor.py:914} INFO - Processing file /home/airflow/.local/lib/python3.12/site-packages/airflow/example_dags/example_dataset_alias.py for tasks to queue
[2025-01-07T11:48:29.355+0000] {logging_mixin.py:190} INFO - [2025-01-07T11:48:29.354+0000] {dagbag.py:588} INFO - Filling up the DagBag from /home/airflow/.local/lib/python3.12/site-packages/airflow/example_dags/example_dataset_alias.py
[2025-01-07T11:48:30.312+0000] {processor.py:925} INFO - DAG(s) 'dataset_alias_example_alias_producer', 'dataset_s3_bucket_producer', 'dataset_alias_example_alias_consumer', 'dataset_s3_bucket_consumer' retrieved from /home/airflow/.local/lib/python3.12/site-packages/airflow/example_dags/example_dataset_alias.py
[2025-01-07T11:48:30.357+0000] {logging_mixin.py:190} INFO - [2025-01-07T11:48:30.356+0000] {dag.py:3239} INFO - Sync 4 DAGs
[2025-01-07T11:48:30.390+0000] {logging_mixin.py:190} INFO - [2025-01-07T11:48:30.390+0000] {dag.py:4180} INFO - Setting next_dagrun for dataset_alias_example_alias_consumer to None, run_after=None
[2025-01-07T11:48:30.394+0000] {logging_mixin.py:190} INFO - [2025-01-07T11:48:30.394+0000] {dag.py:4180} INFO - Setting next_dagrun for dataset_alias_example_alias_producer to None, run_after=None
[2025-01-07T11:48:30.398+0000] {logging_mixin.py:190} INFO - [2025-01-07T11:48:30.398+0000] {dag.py:4180} INFO - Setting next_dagrun for dataset_s3_bucket_consumer to None, run_after=None
[2025-01-07T11:48:30.402+0000] {logging_mixin.py:190} INFO - [2025-01-07T11:48:30.402+0000] {dag.py:4180} INFO - Setting next_dagrun for dataset_s3_bucket_producer to None, run_after=None
[2025-01-07T11:48:30.437+0000] {processor.py:208} INFO - Processing /home/airflow/.local/lib/python3.12/site-packages/airflow/example_dags/example_dataset_alias.py took 1.095 seconds
[2025-01-07T11:49:00.557+0000] {processor.py:186} INFO - Started process (PID=221) to work on /home/airflow/.local/lib/python3.12/site-packages/airflow/example_dags/example_dataset_alias.py
[2025-01-07T11:49:00.558+0000] {processor.py:914} INFO - Processing file /home/airflow/.local/lib/python3.12/site-packages/airflow/example_dags/example_dataset_alias.py for tasks to queue
[2025-01-07T11:49:00.560+0000] {logging_mixin.py:190} INFO - [2025-01-07T11:49:00.560+0000] {dagbag.py:588} INFO - Filling up the DagBag from /home/airflow/.local/lib/python3.12/site-packages/airflow/example_dags/example_dataset_alias.py
[2025-01-07T11:49:01.090+0000] {processor.py:925} INFO - DAG(s) 'dataset_s3_bucket_producer', 'dataset_alias_example_alias_consumer', 'dataset_s3_bucket_consumer', 'dataset_alias_example_alias_producer' retrieved from /home/airflow/.local/lib/python3.12/site-packages/airflow/example_dags/example_dataset_alias.py
[2025-01-07T11:49:01.113+0000] {logging_mixin.py:190} INFO - [2025-01-07T11:49:01.112+0000] {dag.py:3239} INFO - Sync 4 DAGs
[2025-01-07T11:49:01.134+0000] {logging_mixin.py:190} INFO - [2025-01-07T11:49:01.134+0000] {dag.py:4180} INFO - Setting next_dagrun for dataset_alias_example_alias_consumer to None, run_after=None
[2025-01-07T11:49:01.137+0000] {logging_mixin.py:190} INFO - [2025-01-07T11:49:01.137+0000] {dag.py:4180} INFO - Setting next_dagrun for dataset_alias_example_alias_producer to None, run_after=None
[2025-01-07T11:49:01.138+0000] {logging_mixin.py:190} INFO - [2025-01-07T11:49:01.138+0000] {dag.py:4180} INFO - Setting next_dagrun for dataset_s3_bucket_consumer to None, run_after=None
[2025-01-07T11:49:01.140+0000] {logging_mixin.py:190} INFO - [2025-01-07T11:49:01.140+0000] {dag.py:4180} INFO - Setting next_dagrun for dataset_s3_bucket_producer to None, run_after=None
[2025-01-07T11:49:01.166+0000] {processor.py:208} INFO - Processing /home/airflow/.local/lib/python3.12/site-packages/airflow/example_dags/example_dataset_alias.py took 0.615 seconds
[2025-01-07T11:49:31.378+0000] {processor.py:186} INFO - Started process (PID=284) to work on /home/airflow/.local/lib/python3.12/site-packages/airflow/example_dags/example_dataset_alias.py
[2025-01-07T11:49:31.380+0000] {processor.py:914} INFO - Processing file /home/airflow/.local/lib/python3.12/site-packages/airflow/example_dags/example_dataset_alias.py for tasks to queue
[2025-01-07T11:49:31.383+0000] {logging_mixin.py:190} INFO - [2025-01-07T11:49:31.382+0000] {dagbag.py:588} INFO - Filling up the DagBag from /home/airflow/.local/lib/python3.12/site-packages/airflow/example_dags/example_dataset_alias.py
[2025-01-07T11:49:31.910+0000] {processor.py:925} INFO - DAG(s) 'dataset_alias_example_alias_producer', 'dataset_s3_bucket_consumer', 'dataset_alias_example_alias_consumer', 'dataset_s3_bucket_producer' retrieved from /home/airflow/.local/lib/python3.12/site-packages/airflow/example_dags/example_dataset_alias.py
[2025-01-07T11:49:31.931+0000] {logging_mixin.py:190} INFO - [2025-01-07T11:49:31.931+0000] {dag.py:3239} INFO - Sync 4 DAGs
[2025-01-07T11:49:31.950+0000] {logging_mixin.py:190} INFO - [2025-01-07T11:49:31.950+0000] {dag.py:4180} INFO - Setting next_dagrun for dataset_alias_example_alias_consumer to None, run_after=None
[2025-01-07T11:49:31.954+0000] {logging_mixin.py:190} INFO - [2025-01-07T11:49:31.953+0000] {dag.py:4180} INFO - Setting next_dagrun for dataset_alias_example_alias_producer to None, run_after=None
[2025-01-07T11:49:31.955+0000] {logging_mixin.py:190} INFO - [2025-01-07T11:49:31.955+0000] {dag.py:4180} INFO - Setting next_dagrun for dataset_s3_bucket_consumer to None, run_after=None
[2025-01-07T11:49:31.957+0000] {logging_mixin.py:190} INFO - [2025-01-07T11:49:31.957+0000] {dag.py:4180} INFO - Setting next_dagrun for dataset_s3_bucket_producer to None, run_after=None
[2025-01-07T11:49:31.986+0000] {processor.py:208} INFO - Processing /home/airflow/.local/lib/python3.12/site-packages/airflow/example_dags/example_dataset_alias.py took 0.613 seconds
[2025-01-07T11:50:02.760+0000] {processor.py:186} INFO - Started process (PID=350) to work on /home/airflow/.local/lib/python3.12/site-packages/airflow/example_dags/example_dataset_alias.py
[2025-01-07T11:50:02.761+0000] {processor.py:914} INFO - Processing file /home/airflow/.local/lib/python3.12/site-packages/airflow/example_dags/example_dataset_alias.py for tasks to queue
[2025-01-07T11:50:02.763+0000] {logging_mixin.py:190} INFO - [2025-01-07T11:50:02.763+0000] {dagbag.py:588} INFO - Filling up the DagBag from /home/airflow/.local/lib/python3.12/site-packages/airflow/example_dags/example_dataset_alias.py
[2025-01-07T11:50:03.281+0000] {processor.py:925} INFO - DAG(s) 'dataset_s3_bucket_consumer', 'dataset_alias_example_alias_producer', 'dataset_s3_bucket_producer', 'dataset_alias_example_alias_consumer' retrieved from /home/airflow/.local/lib/python3.12/site-packages/airflow/example_dags/example_dataset_alias.py
[2025-01-07T11:50:03.303+0000] {logging_mixin.py:190} INFO - [2025-01-07T11:50:03.303+0000] {dag.py:3239} INFO - Sync 4 DAGs
[2025-01-07T11:50:03.328+0000] {logging_mixin.py:190} INFO - [2025-01-07T11:50:03.328+0000] {dag.py:4180} INFO - Setting next_dagrun for dataset_alias_example_alias_consumer to None, run_after=None
[2025-01-07T11:50:03.331+0000] {logging_mixin.py:190} INFO - [2025-01-07T11:50:03.331+0000] {dag.py:4180} INFO - Setting next_dagrun for dataset_alias_example_alias_producer to None, run_after=None
[2025-01-07T11:50:03.333+0000] {logging_mixin.py:190} INFO - [2025-01-07T11:50:03.332+0000] {dag.py:4180} INFO - Setting next_dagrun for dataset_s3_bucket_consumer to None, run_after=None
[2025-01-07T11:50:03.335+0000] {logging_mixin.py:190} INFO - [2025-01-07T11:50:03.334+0000] {dag.py:4180} INFO - Setting next_dagrun for dataset_s3_bucket_producer to None, run_after=None
[2025-01-07T11:50:03.355+0000] {processor.py:208} INFO - Processing /home/airflow/.local/lib/python3.12/site-packages/airflow/example_dags/example_dataset_alias.py took 0.601 seconds
[2025-01-07T11:50:34.028+0000] {processor.py:186} INFO - Started process (PID=413) to work on /home/airflow/.local/lib/python3.12/site-packages/airflow/example_dags/example_dataset_alias.py
[2025-01-07T11:50:34.030+0000] {processor.py:914} INFO - Processing file /home/airflow/.local/lib/python3.12/site-packages/airflow/example_dags/example_dataset_alias.py for tasks to queue
[2025-01-07T11:50:34.032+0000] {logging_mixin.py:190} INFO - [2025-01-07T11:50:34.032+0000] {dagbag.py:588} INFO - Filling up the DagBag from /home/airflow/.local/lib/python3.12/site-packages/airflow/example_dags/example_dataset_alias.py
[2025-01-07T11:50:34.660+0000] {processor.py:925} INFO - DAG(s) 'dataset_alias_example_alias_consumer', 'dataset_alias_example_alias_producer', 'dataset_s3_bucket_producer', 'dataset_s3_bucket_consumer' retrieved from /home/airflow/.local/lib/python3.12/site-packages/airflow/example_dags/example_dataset_alias.py
[2025-01-07T11:50:34.685+0000] {logging_mixin.py:190} INFO - [2025-01-07T11:50:34.683+0000] {dag.py:3239} INFO - Sync 4 DAGs
[2025-01-07T11:50:34.706+0000] {logging_mixin.py:190} INFO - [2025-01-07T11:50:34.705+0000] {dag.py:4180} INFO - Setting next_dagrun for dataset_alias_example_alias_consumer to None, run_after=None
[2025-01-07T11:50:34.709+0000] {logging_mixin.py:190} INFO - [2025-01-07T11:50:34.708+0000] {dag.py:4180} INFO - Setting next_dagrun for dataset_alias_example_alias_producer to None, run_after=None
[2025-01-07T11:50:34.711+0000] {logging_mixin.py:190} INFO - [2025-01-07T11:50:34.710+0000] {dag.py:4180} INFO - Setting next_dagrun for dataset_s3_bucket_consumer to None, run_after=None
[2025-01-07T11:50:34.712+0000] {logging_mixin.py:190} INFO - [2025-01-07T11:50:34.712+0000] {dag.py:4180} INFO - Setting next_dagrun for dataset_s3_bucket_producer to None, run_after=None
[2025-01-07T11:50:34.738+0000] {processor.py:208} INFO - Processing /home/airflow/.local/lib/python3.12/site-packages/airflow/example_dags/example_dataset_alias.py took 0.717 seconds
[2025-01-07T11:51:05.253+0000] {processor.py:186} INFO - Started process (PID=476) to work on /home/airflow/.local/lib/python3.12/site-packages/airflow/example_dags/example_dataset_alias.py
[2025-01-07T11:51:05.254+0000] {processor.py:914} INFO - Processing file /home/airflow/.local/lib/python3.12/site-packages/airflow/example_dags/example_dataset_alias.py for tasks to queue
[2025-01-07T11:51:05.259+0000] {logging_mixin.py:190} INFO - [2025-01-07T11:51:05.258+0000] {dagbag.py:588} INFO - Filling up the DagBag from /home/airflow/.local/lib/python3.12/site-packages/airflow/example_dags/example_dataset_alias.py
[2025-01-07T11:51:05.835+0000] {processor.py:925} INFO - DAG(s) 'dataset_alias_example_alias_producer', 'dataset_s3_bucket_consumer', 'dataset_s3_bucket_producer', 'dataset_alias_example_alias_consumer' retrieved from /home/airflow/.local/lib/python3.12/site-packages/airflow/example_dags/example_dataset_alias.py
[2025-01-07T11:51:05.860+0000] {logging_mixin.py:190} INFO - [2025-01-07T11:51:05.860+0000] {dag.py:3239} INFO - Sync 4 DAGs
[2025-01-07T11:51:05.885+0000] {logging_mixin.py:190} INFO - [2025-01-07T11:51:05.885+0000] {dag.py:4180} INFO - Setting next_dagrun for dataset_alias_example_alias_consumer to None, run_after=None
[2025-01-07T11:51:05.889+0000] {logging_mixin.py:190} INFO - [2025-01-07T11:51:05.888+0000] {dag.py:4180} INFO - Setting next_dagrun for dataset_alias_example_alias_producer to None, run_after=None
[2025-01-07T11:51:05.891+0000] {logging_mixin.py:190} INFO - [2025-01-07T11:51:05.891+0000] {dag.py:4180} INFO - Setting next_dagrun for dataset_s3_bucket_consumer to None, run_after=None
[2025-01-07T11:51:05.893+0000] {logging_mixin.py:190} INFO - [2025-01-07T11:51:05.892+0000] {dag.py:4180} INFO - Setting next_dagrun for dataset_s3_bucket_producer to None, run_after=None
[2025-01-07T11:51:05.920+0000] {processor.py:208} INFO - Processing /home/airflow/.local/lib/python3.12/site-packages/airflow/example_dags/example_dataset_alias.py took 0.675 seconds
[2025-01-07T11:51:36.826+0000] {processor.py:186} INFO - Started process (PID=539) to work on /home/airflow/.local/lib/python3.12/site-packages/airflow/example_dags/example_dataset_alias.py
[2025-01-07T11:51:36.827+0000] {processor.py:914} INFO - Processing file /home/airflow/.local/lib/python3.12/site-packages/airflow/example_dags/example_dataset_alias.py for tasks to queue
[2025-01-07T11:51:36.829+0000] {logging_mixin.py:190} INFO - [2025-01-07T11:51:36.829+0000] {dagbag.py:588} INFO - Filling up the DagBag from /home/airflow/.local/lib/python3.12/site-packages/airflow/example_dags/example_dataset_alias.py
[2025-01-07T11:51:37.400+0000] {processor.py:925} INFO - DAG(s) 'dataset_alias_example_alias_consumer', 'dataset_alias_example_alias_producer', 'dataset_s3_bucket_producer', 'dataset_s3_bucket_consumer' retrieved from /home/airflow/.local/lib/python3.12/site-packages/airflow/example_dags/example_dataset_alias.py
[2025-01-07T11:51:37.425+0000] {logging_mixin.py:190} INFO - [2025-01-07T11:51:37.425+0000] {dag.py:3239} INFO - Sync 4 DAGs
[2025-01-07T11:51:37.449+0000] {logging_mixin.py:190} INFO - [2025-01-07T11:51:37.449+0000] {dag.py:4180} INFO - Setting next_dagrun for dataset_alias_example_alias_consumer to None, run_after=None
[2025-01-07T11:51:37.453+0000] {logging_mixin.py:190} INFO - [2025-01-07T11:51:37.453+0000] {dag.py:4180} INFO - Setting next_dagrun for dataset_alias_example_alias_producer to None, run_after=None
[2025-01-07T11:51:37.455+0000] {logging_mixin.py:190} INFO - [2025-01-07T11:51:37.455+0000] {dag.py:4180} INFO - Setting next_dagrun for dataset_s3_bucket_consumer to None, run_after=None
[2025-01-07T11:51:37.457+0000] {logging_mixin.py:190} INFO - [2025-01-07T11:51:37.456+0000] {dag.py:4180} INFO - Setting next_dagrun for dataset_s3_bucket_producer to None, run_after=None
[2025-01-07T11:51:37.479+0000] {processor.py:208} INFO - Processing /home/airflow/.local/lib/python3.12/site-packages/airflow/example_dags/example_dataset_alias.py took 0.658 seconds
[2025-01-07T11:52:07.989+0000] {processor.py:186} INFO - Started process (PID=602) to work on /home/airflow/.local/lib/python3.12/site-packages/airflow/example_dags/example_dataset_alias.py
[2025-01-07T11:52:07.991+0000] {processor.py:914} INFO - Processing file /home/airflow/.local/lib/python3.12/site-packages/airflow/example_dags/example_dataset_alias.py for tasks to queue
[2025-01-07T11:52:07.994+0000] {logging_mixin.py:190} INFO - [2025-01-07T11:52:07.994+0000] {dagbag.py:588} INFO - Filling up the DagBag from /home/airflow/.local/lib/python3.12/site-packages/airflow/example_dags/example_dataset_alias.py
[2025-01-07T11:52:08.672+0000] {processor.py:925} INFO - DAG(s) 'dataset_s3_bucket_producer', 'dataset_alias_example_alias_consumer', 'dataset_alias_example_alias_producer', 'dataset_s3_bucket_consumer' retrieved from /home/airflow/.local/lib/python3.12/site-packages/airflow/example_dags/example_dataset_alias.py
[2025-01-07T11:52:08.693+0000] {logging_mixin.py:190} INFO - [2025-01-07T11:52:08.692+0000] {dag.py:3239} INFO - Sync 4 DAGs
[2025-01-07T11:52:08.719+0000] {logging_mixin.py:190} INFO - [2025-01-07T11:52:08.718+0000] {dag.py:4180} INFO - Setting next_dagrun for dataset_alias_example_alias_consumer to None, run_after=None
[2025-01-07T11:52:08.722+0000] {logging_mixin.py:190} INFO - [2025-01-07T11:52:08.722+0000] {dag.py:4180} INFO - Setting next_dagrun for dataset_alias_example_alias_producer to None, run_after=None
[2025-01-07T11:52:08.725+0000] {logging_mixin.py:190} INFO - [2025-01-07T11:52:08.725+0000] {dag.py:4180} INFO - Setting next_dagrun for dataset_s3_bucket_consumer to None, run_after=None
[2025-01-07T11:52:08.727+0000] {logging_mixin.py:190} INFO - [2025-01-07T11:52:08.727+0000] {dag.py:4180} INFO - Setting next_dagrun for dataset_s3_bucket_producer to None, run_after=None
[2025-01-07T11:52:08.754+0000] {processor.py:208} INFO - Processing /home/airflow/.local/lib/python3.12/site-packages/airflow/example_dags/example_dataset_alias.py took 0.771 seconds
[2025-01-07T11:52:39.602+0000] {processor.py:186} INFO - Started process (PID=665) to work on /home/airflow/.local/lib/python3.12/site-packages/airflow/example_dags/example_dataset_alias.py
[2025-01-07T11:52:39.603+0000] {processor.py:914} INFO - Processing file /home/airflow/.local/lib/python3.12/site-packages/airflow/example_dags/example_dataset_alias.py for tasks to queue
[2025-01-07T11:52:39.607+0000] {logging_mixin.py:190} INFO - [2025-01-07T11:52:39.606+0000] {dagbag.py:588} INFO - Filling up the DagBag from /home/airflow/.local/lib/python3.12/site-packages/airflow/example_dags/example_dataset_alias.py
[2025-01-07T11:52:40.393+0000] {processor.py:925} INFO - DAG(s) 'dataset_s3_bucket_producer', 'dataset_alias_example_alias_consumer', 'dataset_alias_example_alias_producer', 'dataset_s3_bucket_consumer' retrieved from /home/airflow/.local/lib/python3.12/site-packages/airflow/example_dags/example_dataset_alias.py
[2025-01-07T11:52:40.418+0000] {logging_mixin.py:190} INFO - [2025-01-07T11:52:40.417+0000] {dag.py:3239} INFO - Sync 4 DAGs
[2025-01-07T11:52:40.443+0000] {logging_mixin.py:190} INFO - [2025-01-07T11:52:40.443+0000] {dag.py:4180} INFO - Setting next_dagrun for dataset_alias_example_alias_consumer to None, run_after=None
[2025-01-07T11:52:40.446+0000] {logging_mixin.py:190} INFO - [2025-01-07T11:52:40.446+0000] {dag.py:4180} INFO - Setting next_dagrun for dataset_alias_example_alias_producer to None, run_after=None
[2025-01-07T11:52:40.448+0000] {logging_mixin.py:190} INFO - [2025-01-07T11:52:40.448+0000] {dag.py:4180} INFO - Setting next_dagrun for dataset_s3_bucket_consumer to None, run_after=None
[2025-01-07T11:52:40.450+0000] {logging_mixin.py:190} INFO - [2025-01-07T11:52:40.450+0000] {dag.py:4180} INFO - Setting next_dagrun for dataset_s3_bucket_producer to None, run_after=None
[2025-01-07T11:52:40.483+0000] {processor.py:208} INFO - Processing /home/airflow/.local/lib/python3.12/site-packages/airflow/example_dags/example_dataset_alias.py took 0.888 seconds
[2025-01-07T11:53:11.139+0000] {processor.py:186} INFO - Started process (PID=729) to work on /home/airflow/.local/lib/python3.12/site-packages/airflow/example_dags/example_dataset_alias.py
[2025-01-07T11:53:11.140+0000] {processor.py:914} INFO - Processing file /home/airflow/.local/lib/python3.12/site-packages/airflow/example_dags/example_dataset_alias.py for tasks to queue
[2025-01-07T11:53:11.143+0000] {logging_mixin.py:190} INFO - [2025-01-07T11:53:11.143+0000] {dagbag.py:588} INFO - Filling up the DagBag from /home/airflow/.local/lib/python3.12/site-packages/airflow/example_dags/example_dataset_alias.py
[2025-01-07T11:53:11.797+0000] {processor.py:925} INFO - DAG(s) 'dataset_alias_example_alias_consumer', 'dataset_alias_example_alias_producer', 'dataset_s3_bucket_consumer', 'dataset_s3_bucket_producer' retrieved from /home/airflow/.local/lib/python3.12/site-packages/airflow/example_dags/example_dataset_alias.py
[2025-01-07T11:53:11.825+0000] {logging_mixin.py:190} INFO - [2025-01-07T11:53:11.825+0000] {dag.py:3239} INFO - Sync 4 DAGs
[2025-01-07T11:53:11.855+0000] {logging_mixin.py:190} INFO - [2025-01-07T11:53:11.855+0000] {dag.py:4180} INFO - Setting next_dagrun for dataset_alias_example_alias_consumer to None, run_after=None
[2025-01-07T11:53:11.859+0000] {logging_mixin.py:190} INFO - [2025-01-07T11:53:11.859+0000] {dag.py:4180} INFO - Setting next_dagrun for dataset_alias_example_alias_producer to None, run_after=None
[2025-01-07T11:53:11.861+0000] {logging_mixin.py:190} INFO - [2025-01-07T11:53:11.861+0000] {dag.py:4180} INFO - Setting next_dagrun for dataset_s3_bucket_consumer to None, run_after=None
[2025-01-07T11:53:11.863+0000] {logging_mixin.py:190} INFO - [2025-01-07T11:53:11.862+0000] {dag.py:4180} INFO - Setting next_dagrun for dataset_s3_bucket_producer to None, run_after=None
[2025-01-07T11:53:11.888+0000] {processor.py:208} INFO - Processing /home/airflow/.local/lib/python3.12/site-packages/airflow/example_dags/example_dataset_alias.py took 0.755 seconds
[2025-01-07T11:53:42.662+0000] {processor.py:186} INFO - Started process (PID=793) to work on /home/airflow/.local/lib/python3.12/site-packages/airflow/example_dags/example_dataset_alias.py
[2025-01-07T11:53:42.663+0000] {processor.py:914} INFO - Processing file /home/airflow/.local/lib/python3.12/site-packages/airflow/example_dags/example_dataset_alias.py for tasks to queue
[2025-01-07T11:53:42.666+0000] {logging_mixin.py:190} INFO - [2025-01-07T11:53:42.665+0000] {dagbag.py:588} INFO - Filling up the DagBag from /home/airflow/.local/lib/python3.12/site-packages/airflow/example_dags/example_dataset_alias.py
[2025-01-07T11:53:43.422+0000] {processor.py:925} INFO - DAG(s) 'dataset_alias_example_alias_consumer', 'dataset_s3_bucket_producer', 'dataset_alias_example_alias_producer', 'dataset_s3_bucket_consumer' retrieved from /home/airflow/.local/lib/python3.12/site-packages/airflow/example_dags/example_dataset_alias.py
[2025-01-07T11:53:43.448+0000] {logging_mixin.py:190} INFO - [2025-01-07T11:53:43.447+0000] {dag.py:3239} INFO - Sync 4 DAGs
[2025-01-07T11:53:43.478+0000] {logging_mixin.py:190} INFO - [2025-01-07T11:53:43.478+0000] {dag.py:4180} INFO - Setting next_dagrun for dataset_alias_example_alias_consumer to None, run_after=None
[2025-01-07T11:53:43.483+0000] {logging_mixin.py:190} INFO - [2025-01-07T11:53:43.483+0000] {dag.py:4180} INFO - Setting next_dagrun for dataset_alias_example_alias_producer to None, run_after=None
[2025-01-07T11:53:43.486+0000] {logging_mixin.py:190} INFO - [2025-01-07T11:53:43.486+0000] {dag.py:4180} INFO - Setting next_dagrun for dataset_s3_bucket_consumer to None, run_after=None
[2025-01-07T11:53:43.488+0000] {logging_mixin.py:190} INFO - [2025-01-07T11:53:43.488+0000] {dag.py:4180} INFO - Setting next_dagrun for dataset_s3_bucket_producer to None, run_after=None
[2025-01-07T11:53:43.518+0000] {processor.py:208} INFO - Processing /home/airflow/.local/lib/python3.12/site-packages/airflow/example_dags/example_dataset_alias.py took 0.861 seconds
[2025-01-07T11:54:14.458+0000] {processor.py:186} INFO - Started process (PID=858) to work on /home/airflow/.local/lib/python3.12/site-packages/airflow/example_dags/example_dataset_alias.py
[2025-01-07T11:54:14.459+0000] {processor.py:914} INFO - Processing file /home/airflow/.local/lib/python3.12/site-packages/airflow/example_dags/example_dataset_alias.py for tasks to queue
[2025-01-07T11:54:14.461+0000] {logging_mixin.py:190} INFO - [2025-01-07T11:54:14.461+0000] {dagbag.py:588} INFO - Filling up the DagBag from /home/airflow/.local/lib/python3.12/site-packages/airflow/example_dags/example_dataset_alias.py
[2025-01-07T11:54:15.152+0000] {processor.py:925} INFO - DAG(s) 'dataset_s3_bucket_producer', 'dataset_s3_bucket_consumer', 'dataset_alias_example_alias_producer', 'dataset_alias_example_alias_consumer' retrieved from /home/airflow/.local/lib/python3.12/site-packages/airflow/example_dags/example_dataset_alias.py
[2025-01-07T11:54:15.192+0000] {logging_mixin.py:190} INFO - [2025-01-07T11:54:15.191+0000] {dag.py:3239} INFO - Sync 4 DAGs
[2025-01-07T11:54:15.225+0000] {logging_mixin.py:190} INFO - [2025-01-07T11:54:15.225+0000] {dag.py:4180} INFO - Setting next_dagrun for dataset_alias_example_alias_consumer to None, run_after=None
[2025-01-07T11:54:15.229+0000] {logging_mixin.py:190} INFO - [2025-01-07T11:54:15.228+0000] {dag.py:4180} INFO - Setting next_dagrun for dataset_alias_example_alias_producer to None, run_after=None
[2025-01-07T11:54:15.231+0000] {logging_mixin.py:190} INFO - [2025-01-07T11:54:15.231+0000] {dag.py:4180} INFO - Setting next_dagrun for dataset_s3_bucket_consumer to None, run_after=None
[2025-01-07T11:54:15.233+0000] {logging_mixin.py:190} INFO - [2025-01-07T11:54:15.233+0000] {dag.py:4180} INFO - Setting next_dagrun for dataset_s3_bucket_producer to None, run_after=None
[2025-01-07T11:54:15.258+0000] {processor.py:208} INFO - Processing /home/airflow/.local/lib/python3.12/site-packages/airflow/example_dags/example_dataset_alias.py took 0.807 seconds
[2025-01-07T11:54:45.351+0000] {processor.py:186} INFO - Started process (PID=921) to work on /home/airflow/.local/lib/python3.12/site-packages/airflow/example_dags/example_dataset_alias.py
[2025-01-07T11:54:45.352+0000] {processor.py:914} INFO - Processing file /home/airflow/.local/lib/python3.12/site-packages/airflow/example_dags/example_dataset_alias.py for tasks to queue
[2025-01-07T11:54:45.355+0000] {logging_mixin.py:190} INFO - [2025-01-07T11:54:45.355+0000] {dagbag.py:588} INFO - Filling up the DagBag from /home/airflow/.local/lib/python3.12/site-packages/airflow/example_dags/example_dataset_alias.py
[2025-01-07T11:54:45.870+0000] {processor.py:925} INFO - DAG(s) 'dataset_s3_bucket_producer', 'dataset_alias_example_alias_producer', 'dataset_alias_example_alias_consumer', 'dataset_s3_bucket_consumer' retrieved from /home/airflow/.local/lib/python3.12/site-packages/airflow/example_dags/example_dataset_alias.py
[2025-01-07T11:54:45.892+0000] {logging_mixin.py:190} INFO - [2025-01-07T11:54:45.891+0000] {dag.py:3239} INFO - Sync 4 DAGs
[2025-01-07T11:54:45.913+0000] {logging_mixin.py:190} INFO - [2025-01-07T11:54:45.913+0000] {dag.py:4180} INFO - Setting next_dagrun for dataset_alias_example_alias_consumer to None, run_after=None
[2025-01-07T11:54:45.916+0000] {logging_mixin.py:190} INFO - [2025-01-07T11:54:45.916+0000] {dag.py:4180} INFO - Setting next_dagrun for dataset_alias_example_alias_producer to None, run_after=None
[2025-01-07T11:54:45.918+0000] {logging_mixin.py:190} INFO - [2025-01-07T11:54:45.918+0000] {dag.py:4180} INFO - Setting next_dagrun for dataset_s3_bucket_consumer to None, run_after=None
[2025-01-07T11:54:45.919+0000] {logging_mixin.py:190} INFO - [2025-01-07T11:54:45.919+0000] {dag.py:4180} INFO - Setting next_dagrun for dataset_s3_bucket_producer to None, run_after=None
[2025-01-07T11:54:45.941+0000] {processor.py:208} INFO - Processing /home/airflow/.local/lib/python3.12/site-packages/airflow/example_dags/example_dataset_alias.py took 0.596 seconds
[2025-01-07T11:55:16.159+0000] {processor.py:186} INFO - Started process (PID=984) to work on /home/airflow/.local/lib/python3.12/site-packages/airflow/example_dags/example_dataset_alias.py
[2025-01-07T11:55:16.160+0000] {processor.py:914} INFO - Processing file /home/airflow/.local/lib/python3.12/site-packages/airflow/example_dags/example_dataset_alias.py for tasks to queue
[2025-01-07T11:55:16.163+0000] {logging_mixin.py:190} INFO - [2025-01-07T11:55:16.163+0000] {dagbag.py:588} INFO - Filling up the DagBag from /home/airflow/.local/lib/python3.12/site-packages/airflow/example_dags/example_dataset_alias.py
[2025-01-07T11:55:16.934+0000] {processor.py:925} INFO - DAG(s) 'dataset_s3_bucket_producer', 'dataset_alias_example_alias_consumer', 'dataset_alias_example_alias_producer', 'dataset_s3_bucket_consumer' retrieved from /home/airflow/.local/lib/python3.12/site-packages/airflow/example_dags/example_dataset_alias.py
[2025-01-07T11:55:16.966+0000] {logging_mixin.py:190} INFO - [2025-01-07T11:55:16.965+0000] {dag.py:3239} INFO - Sync 4 DAGs
[2025-01-07T11:55:17.007+0000] {logging_mixin.py:190} INFO - [2025-01-07T11:55:17.006+0000] {dag.py:4180} INFO - Setting next_dagrun for dataset_alias_example_alias_consumer to None, run_after=None
[2025-01-07T11:55:17.012+0000] {logging_mixin.py:190} INFO - [2025-01-07T11:55:17.011+0000] {dag.py:4180} INFO - Setting next_dagrun for dataset_alias_example_alias_producer to None, run_after=None
[2025-01-07T11:55:17.015+0000] {logging_mixin.py:190} INFO - [2025-01-07T11:55:17.014+0000] {dag.py:4180} INFO - Setting next_dagrun for dataset_s3_bucket_consumer to None, run_after=None
[2025-01-07T11:55:17.018+0000] {logging_mixin.py:190} INFO - [2025-01-07T11:55:17.017+0000] {dag.py:4180} INFO - Setting next_dagrun for dataset_s3_bucket_producer to None, run_after=None
[2025-01-07T11:55:17.053+0000] {processor.py:208} INFO - Processing /home/airflow/.local/lib/python3.12/site-packages/airflow/example_dags/example_dataset_alias.py took 0.902 seconds
[2025-01-07T11:55:47.973+0000] {processor.py:186} INFO - Started process (PID=1059) to work on /home/airflow/.local/lib/python3.12/site-packages/airflow/example_dags/example_dataset_alias.py
[2025-01-07T11:55:47.974+0000] {processor.py:914} INFO - Processing file /home/airflow/.local/lib/python3.12/site-packages/airflow/example_dags/example_dataset_alias.py for tasks to queue
[2025-01-07T11:55:47.977+0000] {logging_mixin.py:190} INFO - [2025-01-07T11:55:47.977+0000] {dagbag.py:588} INFO - Filling up the DagBag from /home/airflow/.local/lib/python3.12/site-packages/airflow/example_dags/example_dataset_alias.py
[2025-01-07T11:55:48.618+0000] {processor.py:925} INFO - DAG(s) 'dataset_s3_bucket_producer', 'dataset_alias_example_alias_producer', 'dataset_s3_bucket_consumer', 'dataset_alias_example_alias_consumer' retrieved from /home/airflow/.local/lib/python3.12/site-packages/airflow/example_dags/example_dataset_alias.py
[2025-01-07T11:55:48.647+0000] {logging_mixin.py:190} INFO - [2025-01-07T11:55:48.646+0000] {dag.py:3239} INFO - Sync 4 DAGs
[2025-01-07T11:55:48.683+0000] {logging_mixin.py:190} INFO - [2025-01-07T11:55:48.683+0000] {dag.py:4180} INFO - Setting next_dagrun for dataset_alias_example_alias_consumer to None, run_after=None
[2025-01-07T11:55:48.687+0000] {logging_mixin.py:190} INFO - [2025-01-07T11:55:48.687+0000] {dag.py:4180} INFO - Setting next_dagrun for dataset_alias_example_alias_producer to None, run_after=None
[2025-01-07T11:55:48.690+0000] {logging_mixin.py:190} INFO - [2025-01-07T11:55:48.690+0000] {dag.py:4180} INFO - Setting next_dagrun for dataset_s3_bucket_consumer to None, run_after=None
[2025-01-07T11:55:48.693+0000] {logging_mixin.py:190} INFO - [2025-01-07T11:55:48.693+0000] {dag.py:4180} INFO - Setting next_dagrun for dataset_s3_bucket_producer to None, run_after=None
[2025-01-07T11:55:48.726+0000] {processor.py:208} INFO - Processing /home/airflow/.local/lib/python3.12/site-packages/airflow/example_dags/example_dataset_alias.py took 0.761 seconds
[2025-01-07T11:56:19.356+0000] {processor.py:186} INFO - Started process (PID=1124) to work on /home/airflow/.local/lib/python3.12/site-packages/airflow/example_dags/example_dataset_alias.py
[2025-01-07T11:56:19.357+0000] {processor.py:914} INFO - Processing file /home/airflow/.local/lib/python3.12/site-packages/airflow/example_dags/example_dataset_alias.py for tasks to queue
[2025-01-07T11:56:19.359+0000] {logging_mixin.py:190} INFO - [2025-01-07T11:56:19.359+0000] {dagbag.py:588} INFO - Filling up the DagBag from /home/airflow/.local/lib/python3.12/site-packages/airflow/example_dags/example_dataset_alias.py
[2025-01-07T11:56:19.885+0000] {processor.py:925} INFO - DAG(s) 'dataset_alias_example_alias_producer', 'dataset_s3_bucket_consumer', 'dataset_alias_example_alias_consumer', 'dataset_s3_bucket_producer' retrieved from /home/airflow/.local/lib/python3.12/site-packages/airflow/example_dags/example_dataset_alias.py
[2025-01-07T11:56:19.905+0000] {logging_mixin.py:190} INFO - [2025-01-07T11:56:19.905+0000] {dag.py:3239} INFO - Sync 4 DAGs
[2025-01-07T11:56:19.929+0000] {logging_mixin.py:190} INFO - [2025-01-07T11:56:19.929+0000] {dag.py:4180} INFO - Setting next_dagrun for dataset_alias_example_alias_consumer to None, run_after=None
[2025-01-07T11:56:19.932+0000] {logging_mixin.py:190} INFO - [2025-01-07T11:56:19.932+0000] {dag.py:4180} INFO - Setting next_dagrun for dataset_alias_example_alias_producer to None, run_after=None
[2025-01-07T11:56:19.934+0000] {logging_mixin.py:190} INFO - [2025-01-07T11:56:19.934+0000] {dag.py:4180} INFO - Setting next_dagrun for dataset_s3_bucket_consumer to None, run_after=None
[2025-01-07T11:56:19.936+0000] {logging_mixin.py:190} INFO - [2025-01-07T11:56:19.936+0000] {dag.py:4180} INFO - Setting next_dagrun for dataset_s3_bucket_producer to None, run_after=None
[2025-01-07T11:56:19.955+0000] {processor.py:208} INFO - Processing /home/airflow/.local/lib/python3.12/site-packages/airflow/example_dags/example_dataset_alias.py took 0.605 seconds
[2025-01-07T11:56:50.726+0000] {processor.py:186} INFO - Started process (PID=1187) to work on /home/airflow/.local/lib/python3.12/site-packages/airflow/example_dags/example_dataset_alias.py
[2025-01-07T11:56:50.727+0000] {processor.py:914} INFO - Processing file /home/airflow/.local/lib/python3.12/site-packages/airflow/example_dags/example_dataset_alias.py for tasks to queue
[2025-01-07T11:56:50.731+0000] {logging_mixin.py:190} INFO - [2025-01-07T11:56:50.731+0000] {dagbag.py:588} INFO - Filling up the DagBag from /home/airflow/.local/lib/python3.12/site-packages/airflow/example_dags/example_dataset_alias.py
[2025-01-07T11:56:51.277+0000] {processor.py:925} INFO - DAG(s) 'dataset_alias_example_alias_consumer', 'dataset_s3_bucket_consumer', 'dataset_s3_bucket_producer', 'dataset_alias_example_alias_producer' retrieved from /home/airflow/.local/lib/python3.12/site-packages/airflow/example_dags/example_dataset_alias.py
[2025-01-07T11:56:51.302+0000] {logging_mixin.py:190} INFO - [2025-01-07T11:56:51.302+0000] {dag.py:3239} INFO - Sync 4 DAGs
[2025-01-07T11:56:51.327+0000] {logging_mixin.py:190} INFO - [2025-01-07T11:56:51.327+0000] {dag.py:4180} INFO - Setting next_dagrun for dataset_alias_example_alias_consumer to None, run_after=None
[2025-01-07T11:56:51.330+0000] {logging_mixin.py:190} INFO - [2025-01-07T11:56:51.330+0000] {dag.py:4180} INFO - Setting next_dagrun for dataset_alias_example_alias_producer to None, run_after=None
[2025-01-07T11:56:51.331+0000] {logging_mixin.py:190} INFO - [2025-01-07T11:56:51.331+0000] {dag.py:4180} INFO - Setting next_dagrun for dataset_s3_bucket_consumer to None, run_after=None
[2025-01-07T11:56:51.333+0000] {logging_mixin.py:190} INFO - [2025-01-07T11:56:51.333+0000] {dag.py:4180} INFO - Setting next_dagrun for dataset_s3_bucket_producer to None, run_after=None
[2025-01-07T11:56:51.357+0000] {processor.py:208} INFO - Processing /home/airflow/.local/lib/python3.12/site-packages/airflow/example_dags/example_dataset_alias.py took 0.638 seconds
[2025-01-07T11:57:22.053+0000] {processor.py:186} INFO - Started process (PID=1250) to work on /home/airflow/.local/lib/python3.12/site-packages/airflow/example_dags/example_dataset_alias.py
[2025-01-07T11:57:22.054+0000] {processor.py:914} INFO - Processing file /home/airflow/.local/lib/python3.12/site-packages/airflow/example_dags/example_dataset_alias.py for tasks to queue
[2025-01-07T11:57:22.057+0000] {logging_mixin.py:190} INFO - [2025-01-07T11:57:22.056+0000] {dagbag.py:588} INFO - Filling up the DagBag from /home/airflow/.local/lib/python3.12/site-packages/airflow/example_dags/example_dataset_alias.py
[2025-01-07T11:57:22.641+0000] {processor.py:925} INFO - DAG(s) 'dataset_s3_bucket_consumer', 'dataset_s3_bucket_producer', 'dataset_alias_example_alias_consumer', 'dataset_alias_example_alias_producer' retrieved from /home/airflow/.local/lib/python3.12/site-packages/airflow/example_dags/example_dataset_alias.py
[2025-01-07T11:57:22.662+0000] {logging_mixin.py:190} INFO - [2025-01-07T11:57:22.661+0000] {dag.py:3239} INFO - Sync 4 DAGs
[2025-01-07T11:57:22.683+0000] {logging_mixin.py:190} INFO - [2025-01-07T11:57:22.682+0000] {dag.py:4180} INFO - Setting next_dagrun for dataset_alias_example_alias_consumer to None, run_after=None
[2025-01-07T11:57:22.685+0000] {logging_mixin.py:190} INFO - [2025-01-07T11:57:22.685+0000] {dag.py:4180} INFO - Setting next_dagrun for dataset_alias_example_alias_producer to None, run_after=None
[2025-01-07T11:57:22.687+0000] {logging_mixin.py:190} INFO - [2025-01-07T11:57:22.687+0000] {dag.py:4180} INFO - Setting next_dagrun for dataset_s3_bucket_consumer to None, run_after=None
[2025-01-07T11:57:22.688+0000] {logging_mixin.py:190} INFO - [2025-01-07T11:57:22.688+0000] {dag.py:4180} INFO - Setting next_dagrun for dataset_s3_bucket_producer to None, run_after=None
[2025-01-07T11:57:22.710+0000] {processor.py:208} INFO - Processing /home/airflow/.local/lib/python3.12/site-packages/airflow/example_dags/example_dataset_alias.py took 0.662 seconds
[2025-01-07T11:57:53.387+0000] {processor.py:186} INFO - Started process (PID=1321) to work on /home/airflow/.local/lib/python3.12/site-packages/airflow/example_dags/example_dataset_alias.py
[2025-01-07T11:57:53.396+0000] {processor.py:914} INFO - Processing file /home/airflow/.local/lib/python3.12/site-packages/airflow/example_dags/example_dataset_alias.py for tasks to queue
[2025-01-07T11:57:53.411+0000] {logging_mixin.py:190} INFO - [2025-01-07T11:57:53.405+0000] {dagbag.py:588} INFO - Filling up the DagBag from /home/airflow/.local/lib/python3.12/site-packages/airflow/example_dags/example_dataset_alias.py
[2025-01-07T11:57:56.804+0000] {processor.py:925} INFO - DAG(s) 'dataset_alias_example_alias_consumer', 'dataset_s3_bucket_consumer', 'dataset_s3_bucket_producer', 'dataset_alias_example_alias_producer' retrieved from /home/airflow/.local/lib/python3.12/site-packages/airflow/example_dags/example_dataset_alias.py
[2025-01-07T11:57:56.833+0000] {logging_mixin.py:190} INFO - [2025-01-07T11:57:56.832+0000] {dag.py:3239} INFO - Sync 4 DAGs
[2025-01-07T11:57:56.863+0000] {logging_mixin.py:190} INFO - [2025-01-07T11:57:56.863+0000] {dag.py:4180} INFO - Setting next_dagrun for dataset_alias_example_alias_consumer to None, run_after=None
[2025-01-07T11:57:56.867+0000] {logging_mixin.py:190} INFO - [2025-01-07T11:57:56.867+0000] {dag.py:4180} INFO - Setting next_dagrun for dataset_alias_example_alias_producer to None, run_after=None
[2025-01-07T11:57:56.873+0000] {logging_mixin.py:190} INFO - [2025-01-07T11:57:56.872+0000] {dag.py:4180} INFO - Setting next_dagrun for dataset_s3_bucket_consumer to None, run_after=None
[2025-01-07T11:57:56.875+0000] {logging_mixin.py:190} INFO - [2025-01-07T11:57:56.875+0000] {dag.py:4180} INFO - Setting next_dagrun for dataset_s3_bucket_producer to None, run_after=None
[2025-01-07T11:57:56.901+0000] {processor.py:208} INFO - Processing /home/airflow/.local/lib/python3.12/site-packages/airflow/example_dags/example_dataset_alias.py took 3.536 seconds
[2025-01-07T11:58:27.125+0000] {processor.py:186} INFO - Started process (PID=1385) to work on /home/airflow/.local/lib/python3.12/site-packages/airflow/example_dags/example_dataset_alias.py
[2025-01-07T11:58:27.126+0000] {processor.py:914} INFO - Processing file /home/airflow/.local/lib/python3.12/site-packages/airflow/example_dags/example_dataset_alias.py for tasks to queue
[2025-01-07T11:58:27.128+0000] {logging_mixin.py:190} INFO - [2025-01-07T11:58:27.128+0000] {dagbag.py:588} INFO - Filling up the DagBag from /home/airflow/.local/lib/python3.12/site-packages/airflow/example_dags/example_dataset_alias.py
[2025-01-07T11:58:27.675+0000] {processor.py:925} INFO - DAG(s) 'dataset_alias_example_alias_producer', 'dataset_s3_bucket_consumer', 'dataset_s3_bucket_producer', 'dataset_alias_example_alias_consumer' retrieved from /home/airflow/.local/lib/python3.12/site-packages/airflow/example_dags/example_dataset_alias.py
[2025-01-07T11:58:27.696+0000] {logging_mixin.py:190} INFO - [2025-01-07T11:58:27.696+0000] {dag.py:3239} INFO - Sync 4 DAGs
[2025-01-07T11:58:27.717+0000] {logging_mixin.py:190} INFO - [2025-01-07T11:58:27.717+0000] {dag.py:4180} INFO - Setting next_dagrun for dataset_alias_example_alias_consumer to None, run_after=None
[2025-01-07T11:58:27.720+0000] {logging_mixin.py:190} INFO - [2025-01-07T11:58:27.720+0000] {dag.py:4180} INFO - Setting next_dagrun for dataset_alias_example_alias_producer to None, run_after=None
[2025-01-07T11:58:27.722+0000] {logging_mixin.py:190} INFO - [2025-01-07T11:58:27.721+0000] {dag.py:4180} INFO - Setting next_dagrun for dataset_s3_bucket_consumer to None, run_after=None
[2025-01-07T11:58:27.723+0000] {logging_mixin.py:190} INFO - [2025-01-07T11:58:27.723+0000] {dag.py:4180} INFO - Setting next_dagrun for dataset_s3_bucket_producer to None, run_after=None
[2025-01-07T11:58:27.755+0000] {processor.py:208} INFO - Processing /home/airflow/.local/lib/python3.12/site-packages/airflow/example_dags/example_dataset_alias.py took 0.635 seconds
[2025-01-07T11:58:58.606+0000] {processor.py:186} INFO - Started process (PID=1451) to work on /home/airflow/.local/lib/python3.12/site-packages/airflow/example_dags/example_dataset_alias.py
[2025-01-07T11:58:58.607+0000] {processor.py:914} INFO - Processing file /home/airflow/.local/lib/python3.12/site-packages/airflow/example_dags/example_dataset_alias.py for tasks to queue
[2025-01-07T11:58:58.610+0000] {logging_mixin.py:190} INFO - [2025-01-07T11:58:58.610+0000] {dagbag.py:588} INFO - Filling up the DagBag from /home/airflow/.local/lib/python3.12/site-packages/airflow/example_dags/example_dataset_alias.py
[2025-01-07T11:58:59.284+0000] {processor.py:925} INFO - DAG(s) 'dataset_s3_bucket_producer', 'dataset_alias_example_alias_producer', 'dataset_s3_bucket_consumer', 'dataset_alias_example_alias_consumer' retrieved from /home/airflow/.local/lib/python3.12/site-packages/airflow/example_dags/example_dataset_alias.py
[2025-01-07T11:58:59.313+0000] {logging_mixin.py:190} INFO - [2025-01-07T11:58:59.312+0000] {dag.py:3239} INFO - Sync 4 DAGs
[2025-01-07T11:58:59.336+0000] {logging_mixin.py:190} INFO - [2025-01-07T11:58:59.336+0000] {dag.py:4180} INFO - Setting next_dagrun for dataset_alias_example_alias_consumer to None, run_after=None
[2025-01-07T11:58:59.343+0000] {logging_mixin.py:190} INFO - [2025-01-07T11:58:59.342+0000] {dag.py:4180} INFO - Setting next_dagrun for dataset_alias_example_alias_producer to None, run_after=None
[2025-01-07T11:58:59.346+0000] {logging_mixin.py:190} INFO - [2025-01-07T11:58:59.345+0000] {dag.py:4180} INFO - Setting next_dagrun for dataset_s3_bucket_consumer to None, run_after=None
[2025-01-07T11:58:59.348+0000] {logging_mixin.py:190} INFO - [2025-01-07T11:58:59.348+0000] {dag.py:4180} INFO - Setting next_dagrun for dataset_s3_bucket_producer to None, run_after=None
[2025-01-07T11:58:59.378+0000] {processor.py:208} INFO - Processing /home/airflow/.local/lib/python3.12/site-packages/airflow/example_dags/example_dataset_alias.py took 0.779 seconds
[2025-01-07T11:59:30.186+0000] {processor.py:186} INFO - Started process (PID=1519) to work on /home/airflow/.local/lib/python3.12/site-packages/airflow/example_dags/example_dataset_alias.py
[2025-01-07T11:59:30.187+0000] {processor.py:914} INFO - Processing file /home/airflow/.local/lib/python3.12/site-packages/airflow/example_dags/example_dataset_alias.py for tasks to queue
[2025-01-07T11:59:30.189+0000] {logging_mixin.py:190} INFO - [2025-01-07T11:59:30.189+0000] {dagbag.py:588} INFO - Filling up the DagBag from /home/airflow/.local/lib/python3.12/site-packages/airflow/example_dags/example_dataset_alias.py
[2025-01-07T11:59:30.767+0000] {processor.py:925} INFO - DAG(s) 'dataset_s3_bucket_producer', 'dataset_s3_bucket_consumer', 'dataset_alias_example_alias_producer', 'dataset_alias_example_alias_consumer' retrieved from /home/airflow/.local/lib/python3.12/site-packages/airflow/example_dags/example_dataset_alias.py
[2025-01-07T11:59:30.786+0000] {logging_mixin.py:190} INFO - [2025-01-07T11:59:30.786+0000] {dag.py:3239} INFO - Sync 4 DAGs
[2025-01-07T11:59:30.807+0000] {logging_mixin.py:190} INFO - [2025-01-07T11:59:30.807+0000] {dag.py:4180} INFO - Setting next_dagrun for dataset_alias_example_alias_consumer to None, run_after=None
[2025-01-07T11:59:30.810+0000] {logging_mixin.py:190} INFO - [2025-01-07T11:59:30.810+0000] {dag.py:4180} INFO - Setting next_dagrun for dataset_alias_example_alias_producer to None, run_after=None
[2025-01-07T11:59:30.812+0000] {logging_mixin.py:190} INFO - [2025-01-07T11:59:30.812+0000] {dag.py:4180} INFO - Setting next_dagrun for dataset_s3_bucket_consumer to None, run_after=None
[2025-01-07T11:59:30.814+0000] {logging_mixin.py:190} INFO - [2025-01-07T11:59:30.813+0000] {dag.py:4180} INFO - Setting next_dagrun for dataset_s3_bucket_producer to None, run_after=None
[2025-01-07T11:59:30.837+0000] {processor.py:208} INFO - Processing /home/airflow/.local/lib/python3.12/site-packages/airflow/example_dags/example_dataset_alias.py took 0.656 seconds
[2025-01-07T12:00:01.089+0000] {processor.py:186} INFO - Started process (PID=1582) to work on /home/airflow/.local/lib/python3.12/site-packages/airflow/example_dags/example_dataset_alias.py
[2025-01-07T12:00:01.090+0000] {processor.py:914} INFO - Processing file /home/airflow/.local/lib/python3.12/site-packages/airflow/example_dags/example_dataset_alias.py for tasks to queue
[2025-01-07T12:00:01.093+0000] {logging_mixin.py:190} INFO - [2025-01-07T12:00:01.092+0000] {dagbag.py:588} INFO - Filling up the DagBag from /home/airflow/.local/lib/python3.12/site-packages/airflow/example_dags/example_dataset_alias.py
[2025-01-07T12:00:01.842+0000] {processor.py:925} INFO - DAG(s) 'dataset_s3_bucket_consumer', 'dataset_alias_example_alias_consumer', 'dataset_alias_example_alias_producer', 'dataset_s3_bucket_producer' retrieved from /home/airflow/.local/lib/python3.12/site-packages/airflow/example_dags/example_dataset_alias.py
[2025-01-07T12:00:01.865+0000] {logging_mixin.py:190} INFO - [2025-01-07T12:00:01.865+0000] {dag.py:3239} INFO - Sync 4 DAGs
[2025-01-07T12:00:01.891+0000] {logging_mixin.py:190} INFO - [2025-01-07T12:00:01.891+0000] {dag.py:4180} INFO - Setting next_dagrun for dataset_alias_example_alias_consumer to None, run_after=None
[2025-01-07T12:00:01.903+0000] {logging_mixin.py:190} INFO - [2025-01-07T12:00:01.903+0000] {dag.py:4180} INFO - Setting next_dagrun for dataset_alias_example_alias_producer to None, run_after=None
[2025-01-07T12:00:01.905+0000] {logging_mixin.py:190} INFO - [2025-01-07T12:00:01.905+0000] {dag.py:4180} INFO - Setting next_dagrun for dataset_s3_bucket_consumer to None, run_after=None
[2025-01-07T12:00:01.918+0000] {logging_mixin.py:190} INFO - [2025-01-07T12:00:01.917+0000] {dag.py:4180} INFO - Setting next_dagrun for dataset_s3_bucket_producer to None, run_after=None
[2025-01-07T12:00:01.948+0000] {processor.py:208} INFO - Processing /home/airflow/.local/lib/python3.12/site-packages/airflow/example_dags/example_dataset_alias.py took 0.865 seconds
[2025-01-07T12:00:32.404+0000] {processor.py:186} INFO - Started process (PID=1645) to work on /home/airflow/.local/lib/python3.12/site-packages/airflow/example_dags/example_dataset_alias.py
[2025-01-07T12:00:32.405+0000] {processor.py:914} INFO - Processing file /home/airflow/.local/lib/python3.12/site-packages/airflow/example_dags/example_dataset_alias.py for tasks to queue
[2025-01-07T12:00:32.407+0000] {logging_mixin.py:190} INFO - [2025-01-07T12:00:32.407+0000] {dagbag.py:588} INFO - Filling up the DagBag from /home/airflow/.local/lib/python3.12/site-packages/airflow/example_dags/example_dataset_alias.py
[2025-01-07T12:00:32.974+0000] {processor.py:925} INFO - DAG(s) 'dataset_alias_example_alias_consumer', 'dataset_s3_bucket_producer', 'dataset_s3_bucket_consumer', 'dataset_alias_example_alias_producer' retrieved from /home/airflow/.local/lib/python3.12/site-packages/airflow/example_dags/example_dataset_alias.py
[2025-01-07T12:00:32.995+0000] {logging_mixin.py:190} INFO - [2025-01-07T12:00:32.994+0000] {dag.py:3239} INFO - Sync 4 DAGs
[2025-01-07T12:00:33.014+0000] {logging_mixin.py:190} INFO - [2025-01-07T12:00:33.014+0000] {dag.py:4180} INFO - Setting next_dagrun for dataset_alias_example_alias_consumer to None, run_after=None
[2025-01-07T12:00:33.017+0000] {logging_mixin.py:190} INFO - [2025-01-07T12:00:33.017+0000] {dag.py:4180} INFO - Setting next_dagrun for dataset_alias_example_alias_producer to None, run_after=None
[2025-01-07T12:00:33.019+0000] {logging_mixin.py:190} INFO - [2025-01-07T12:00:33.018+0000] {dag.py:4180} INFO - Setting next_dagrun for dataset_s3_bucket_consumer to None, run_after=None
[2025-01-07T12:00:33.020+0000] {logging_mixin.py:190} INFO - [2025-01-07T12:00:33.020+0000] {dag.py:4180} INFO - Setting next_dagrun for dataset_s3_bucket_producer to None, run_after=None
[2025-01-07T12:00:33.041+0000] {processor.py:208} INFO - Processing /home/airflow/.local/lib/python3.12/site-packages/airflow/example_dags/example_dataset_alias.py took 0.643 seconds
[2025-01-07T12:01:03.599+0000] {processor.py:186} INFO - Started process (PID=1708) to work on /home/airflow/.local/lib/python3.12/site-packages/airflow/example_dags/example_dataset_alias.py
[2025-01-07T12:01:03.600+0000] {processor.py:914} INFO - Processing file /home/airflow/.local/lib/python3.12/site-packages/airflow/example_dags/example_dataset_alias.py for tasks to queue
[2025-01-07T12:01:03.603+0000] {logging_mixin.py:190} INFO - [2025-01-07T12:01:03.603+0000] {dagbag.py:588} INFO - Filling up the DagBag from /home/airflow/.local/lib/python3.12/site-packages/airflow/example_dags/example_dataset_alias.py
[2025-01-07T12:01:04.130+0000] {processor.py:925} INFO - DAG(s) 'dataset_alias_example_alias_consumer', 'dataset_s3_bucket_producer', 'dataset_s3_bucket_consumer', 'dataset_alias_example_alias_producer' retrieved from /home/airflow/.local/lib/python3.12/site-packages/airflow/example_dags/example_dataset_alias.py
[2025-01-07T12:01:04.150+0000] {logging_mixin.py:190} INFO - [2025-01-07T12:01:04.150+0000] {dag.py:3239} INFO - Sync 4 DAGs
[2025-01-07T12:01:04.171+0000] {logging_mixin.py:190} INFO - [2025-01-07T12:01:04.171+0000] {dag.py:4180} INFO - Setting next_dagrun for dataset_alias_example_alias_consumer to None, run_after=None
[2025-01-07T12:01:04.174+0000] {logging_mixin.py:190} INFO - [2025-01-07T12:01:04.174+0000] {dag.py:4180} INFO - Setting next_dagrun for dataset_alias_example_alias_producer to None, run_after=None
[2025-01-07T12:01:04.176+0000] {logging_mixin.py:190} INFO - [2025-01-07T12:01:04.175+0000] {dag.py:4180} INFO - Setting next_dagrun for dataset_s3_bucket_consumer to None, run_after=None
[2025-01-07T12:01:04.177+0000] {logging_mixin.py:190} INFO - [2025-01-07T12:01:04.177+0000] {dag.py:4180} INFO - Setting next_dagrun for dataset_s3_bucket_producer to None, run_after=None
[2025-01-07T12:01:04.198+0000] {processor.py:208} INFO - Processing /home/airflow/.local/lib/python3.12/site-packages/airflow/example_dags/example_dataset_alias.py took 0.605 seconds
[2025-01-07T12:01:34.889+0000] {processor.py:186} INFO - Started process (PID=1771) to work on /home/airflow/.local/lib/python3.12/site-packages/airflow/example_dags/example_dataset_alias.py
[2025-01-07T12:01:34.891+0000] {processor.py:914} INFO - Processing file /home/airflow/.local/lib/python3.12/site-packages/airflow/example_dags/example_dataset_alias.py for tasks to queue
[2025-01-07T12:01:34.894+0000] {logging_mixin.py:190} INFO - [2025-01-07T12:01:34.894+0000] {dagbag.py:588} INFO - Filling up the DagBag from /home/airflow/.local/lib/python3.12/site-packages/airflow/example_dags/example_dataset_alias.py
[2025-01-07T12:01:35.569+0000] {processor.py:925} INFO - DAG(s) 'dataset_alias_example_alias_consumer', 'dataset_s3_bucket_producer', 'dataset_alias_example_alias_producer', 'dataset_s3_bucket_consumer' retrieved from /home/airflow/.local/lib/python3.12/site-packages/airflow/example_dags/example_dataset_alias.py
[2025-01-07T12:01:35.593+0000] {logging_mixin.py:190} INFO - [2025-01-07T12:01:35.593+0000] {dag.py:3239} INFO - Sync 4 DAGs
[2025-01-07T12:01:35.618+0000] {logging_mixin.py:190} INFO - [2025-01-07T12:01:35.617+0000] {dag.py:4180} INFO - Setting next_dagrun for dataset_alias_example_alias_consumer to None, run_after=None
[2025-01-07T12:01:35.621+0000] {logging_mixin.py:190} INFO - [2025-01-07T12:01:35.620+0000] {dag.py:4180} INFO - Setting next_dagrun for dataset_alias_example_alias_producer to None, run_after=None
[2025-01-07T12:01:35.622+0000] {logging_mixin.py:190} INFO - [2025-01-07T12:01:35.622+0000] {dag.py:4180} INFO - Setting next_dagrun for dataset_s3_bucket_consumer to None, run_after=None
[2025-01-07T12:01:35.624+0000] {logging_mixin.py:190} INFO - [2025-01-07T12:01:35.624+0000] {dag.py:4180} INFO - Setting next_dagrun for dataset_s3_bucket_producer to None, run_after=None
[2025-01-07T12:01:35.655+0000] {processor.py:208} INFO - Processing /home/airflow/.local/lib/python3.12/site-packages/airflow/example_dags/example_dataset_alias.py took 0.774 seconds
[2025-01-07T12:02:06.482+0000] {processor.py:186} INFO - Started process (PID=1834) to work on /home/airflow/.local/lib/python3.12/site-packages/airflow/example_dags/example_dataset_alias.py
[2025-01-07T12:02:06.484+0000] {processor.py:914} INFO - Processing file /home/airflow/.local/lib/python3.12/site-packages/airflow/example_dags/example_dataset_alias.py for tasks to queue
[2025-01-07T12:02:06.488+0000] {logging_mixin.py:190} INFO - [2025-01-07T12:02:06.487+0000] {dagbag.py:588} INFO - Filling up the DagBag from /home/airflow/.local/lib/python3.12/site-packages/airflow/example_dags/example_dataset_alias.py
[2025-01-07T12:02:07.173+0000] {processor.py:925} INFO - DAG(s) 'dataset_alias_example_alias_producer', 'dataset_s3_bucket_producer', 'dataset_s3_bucket_consumer', 'dataset_alias_example_alias_consumer' retrieved from /home/airflow/.local/lib/python3.12/site-packages/airflow/example_dags/example_dataset_alias.py
[2025-01-07T12:02:07.196+0000] {logging_mixin.py:190} INFO - [2025-01-07T12:02:07.196+0000] {dag.py:3239} INFO - Sync 4 DAGs
[2025-01-07T12:02:07.222+0000] {logging_mixin.py:190} INFO - [2025-01-07T12:02:07.222+0000] {dag.py:4180} INFO - Setting next_dagrun for dataset_alias_example_alias_consumer to None, run_after=None
[2025-01-07T12:02:07.225+0000] {logging_mixin.py:190} INFO - [2025-01-07T12:02:07.225+0000] {dag.py:4180} INFO - Setting next_dagrun for dataset_alias_example_alias_producer to None, run_after=None
[2025-01-07T12:02:07.227+0000] {logging_mixin.py:190} INFO - [2025-01-07T12:02:07.227+0000] {dag.py:4180} INFO - Setting next_dagrun for dataset_s3_bucket_consumer to None, run_after=None
[2025-01-07T12:02:07.229+0000] {logging_mixin.py:190} INFO - [2025-01-07T12:02:07.229+0000] {dag.py:4180} INFO - Setting next_dagrun for dataset_s3_bucket_producer to None, run_after=None
[2025-01-07T12:02:07.253+0000] {processor.py:208} INFO - Processing /home/airflow/.local/lib/python3.12/site-packages/airflow/example_dags/example_dataset_alias.py took 0.779 seconds
[2025-01-07T12:02:37.834+0000] {processor.py:186} INFO - Started process (PID=1897) to work on /home/airflow/.local/lib/python3.12/site-packages/airflow/example_dags/example_dataset_alias.py
[2025-01-07T12:02:37.835+0000] {processor.py:914} INFO - Processing file /home/airflow/.local/lib/python3.12/site-packages/airflow/example_dags/example_dataset_alias.py for tasks to queue
[2025-01-07T12:02:37.837+0000] {logging_mixin.py:190} INFO - [2025-01-07T12:02:37.837+0000] {dagbag.py:588} INFO - Filling up the DagBag from /home/airflow/.local/lib/python3.12/site-packages/airflow/example_dags/example_dataset_alias.py
[2025-01-07T12:02:38.377+0000] {processor.py:925} INFO - DAG(s) 'dataset_alias_example_alias_consumer', 'dataset_s3_bucket_consumer', 'dataset_s3_bucket_producer', 'dataset_alias_example_alias_producer' retrieved from /home/airflow/.local/lib/python3.12/site-packages/airflow/example_dags/example_dataset_alias.py
[2025-01-07T12:02:38.406+0000] {logging_mixin.py:190} INFO - [2025-01-07T12:02:38.405+0000] {dag.py:3239} INFO - Sync 4 DAGs
[2025-01-07T12:02:38.428+0000] {logging_mixin.py:190} INFO - [2025-01-07T12:02:38.427+0000] {dag.py:4180} INFO - Setting next_dagrun for dataset_alias_example_alias_consumer to None, run_after=None
[2025-01-07T12:02:38.430+0000] {logging_mixin.py:190} INFO - [2025-01-07T12:02:38.430+0000] {dag.py:4180} INFO - Setting next_dagrun for dataset_alias_example_alias_producer to None, run_after=None
[2025-01-07T12:02:38.433+0000] {logging_mixin.py:190} INFO - [2025-01-07T12:02:38.433+0000] {dag.py:4180} INFO - Setting next_dagrun for dataset_s3_bucket_consumer to None, run_after=None
[2025-01-07T12:02:38.435+0000] {logging_mixin.py:190} INFO - [2025-01-07T12:02:38.435+0000] {dag.py:4180} INFO - Setting next_dagrun for dataset_s3_bucket_producer to None, run_after=None
[2025-01-07T12:02:38.645+0000] {processor.py:208} INFO - Processing /home/airflow/.local/lib/python3.12/site-packages/airflow/example_dags/example_dataset_alias.py took 0.817 seconds
[2025-01-07T12:03:09.329+0000] {processor.py:186} INFO - Started process (PID=1960) to work on /home/airflow/.local/lib/python3.12/site-packages/airflow/example_dags/example_dataset_alias.py
[2025-01-07T12:03:09.331+0000] {processor.py:914} INFO - Processing file /home/airflow/.local/lib/python3.12/site-packages/airflow/example_dags/example_dataset_alias.py for tasks to queue
[2025-01-07T12:03:09.335+0000] {logging_mixin.py:190} INFO - [2025-01-07T12:03:09.334+0000] {dagbag.py:588} INFO - Filling up the DagBag from /home/airflow/.local/lib/python3.12/site-packages/airflow/example_dags/example_dataset_alias.py
[2025-01-07T12:03:10.095+0000] {processor.py:925} INFO - DAG(s) 'dataset_s3_bucket_producer', 'dataset_alias_example_alias_consumer', 'dataset_s3_bucket_consumer', 'dataset_alias_example_alias_producer' retrieved from /home/airflow/.local/lib/python3.12/site-packages/airflow/example_dags/example_dataset_alias.py
[2025-01-07T12:03:10.124+0000] {logging_mixin.py:190} INFO - [2025-01-07T12:03:10.123+0000] {dag.py:3239} INFO - Sync 4 DAGs
[2025-01-07T12:03:10.166+0000] {logging_mixin.py:190} INFO - [2025-01-07T12:03:10.166+0000] {dag.py:4180} INFO - Setting next_dagrun for dataset_alias_example_alias_consumer to None, run_after=None
[2025-01-07T12:03:10.170+0000] {logging_mixin.py:190} INFO - [2025-01-07T12:03:10.170+0000] {dag.py:4180} INFO - Setting next_dagrun for dataset_alias_example_alias_producer to None, run_after=None
[2025-01-07T12:03:10.172+0000] {logging_mixin.py:190} INFO - [2025-01-07T12:03:10.172+0000] {dag.py:4180} INFO - Setting next_dagrun for dataset_s3_bucket_consumer to None, run_after=None
[2025-01-07T12:03:10.175+0000] {logging_mixin.py:190} INFO - [2025-01-07T12:03:10.175+0000] {dag.py:4180} INFO - Setting next_dagrun for dataset_s3_bucket_producer to None, run_after=None
[2025-01-07T12:03:10.199+0000] {processor.py:208} INFO - Processing /home/airflow/.local/lib/python3.12/site-packages/airflow/example_dags/example_dataset_alias.py took 0.880 seconds
[2025-01-07T12:03:40.644+0000] {processor.py:186} INFO - Started process (PID=2023) to work on /home/airflow/.local/lib/python3.12/site-packages/airflow/example_dags/example_dataset_alias.py
[2025-01-07T12:03:40.645+0000] {processor.py:914} INFO - Processing file /home/airflow/.local/lib/python3.12/site-packages/airflow/example_dags/example_dataset_alias.py for tasks to queue
[2025-01-07T12:03:40.648+0000] {logging_mixin.py:190} INFO - [2025-01-07T12:03:40.648+0000] {dagbag.py:588} INFO - Filling up the DagBag from /home/airflow/.local/lib/python3.12/site-packages/airflow/example_dags/example_dataset_alias.py
[2025-01-07T12:03:41.232+0000] {processor.py:925} INFO - DAG(s) 'dataset_s3_bucket_producer', 'dataset_alias_example_alias_consumer', 'dataset_alias_example_alias_producer', 'dataset_s3_bucket_consumer' retrieved from /home/airflow/.local/lib/python3.12/site-packages/airflow/example_dags/example_dataset_alias.py
[2025-01-07T12:03:41.309+0000] {logging_mixin.py:190} INFO - [2025-01-07T12:03:41.308+0000] {dag.py:3239} INFO - Sync 4 DAGs
[2025-01-07T12:03:41.355+0000] {logging_mixin.py:190} INFO - [2025-01-07T12:03:41.354+0000] {dag.py:4180} INFO - Setting next_dagrun for dataset_alias_example_alias_consumer to None, run_after=None
[2025-01-07T12:03:41.359+0000] {logging_mixin.py:190} INFO - [2025-01-07T12:03:41.359+0000] {dag.py:4180} INFO - Setting next_dagrun for dataset_alias_example_alias_producer to None, run_after=None
[2025-01-07T12:03:41.364+0000] {logging_mixin.py:190} INFO - [2025-01-07T12:03:41.364+0000] {dag.py:4180} INFO - Setting next_dagrun for dataset_s3_bucket_consumer to None, run_after=None
[2025-01-07T12:03:41.366+0000] {logging_mixin.py:190} INFO - [2025-01-07T12:03:41.366+0000] {dag.py:4180} INFO - Setting next_dagrun for dataset_s3_bucket_producer to None, run_after=None
[2025-01-07T12:03:41.391+0000] {processor.py:208} INFO - Processing /home/airflow/.local/lib/python3.12/site-packages/airflow/example_dags/example_dataset_alias.py took 0.752 seconds
[2025-01-07T12:04:12.075+0000] {processor.py:186} INFO - Started process (PID=2086) to work on /home/airflow/.local/lib/python3.12/site-packages/airflow/example_dags/example_dataset_alias.py
[2025-01-07T12:04:12.077+0000] {processor.py:914} INFO - Processing file /home/airflow/.local/lib/python3.12/site-packages/airflow/example_dags/example_dataset_alias.py for tasks to queue
[2025-01-07T12:04:12.079+0000] {logging_mixin.py:190} INFO - [2025-01-07T12:04:12.079+0000] {dagbag.py:588} INFO - Filling up the DagBag from /home/airflow/.local/lib/python3.12/site-packages/airflow/example_dags/example_dataset_alias.py
[2025-01-07T12:04:12.647+0000] {processor.py:925} INFO - DAG(s) 'dataset_alias_example_alias_producer', 'dataset_s3_bucket_producer', 'dataset_alias_example_alias_consumer', 'dataset_s3_bucket_consumer' retrieved from /home/airflow/.local/lib/python3.12/site-packages/airflow/example_dags/example_dataset_alias.py
[2025-01-07T12:04:12.669+0000] {logging_mixin.py:190} INFO - [2025-01-07T12:04:12.669+0000] {dag.py:3239} INFO - Sync 4 DAGs
[2025-01-07T12:04:12.693+0000] {logging_mixin.py:190} INFO - [2025-01-07T12:04:12.693+0000] {dag.py:4180} INFO - Setting next_dagrun for dataset_alias_example_alias_consumer to None, run_after=None
[2025-01-07T12:04:12.697+0000] {logging_mixin.py:190} INFO - [2025-01-07T12:04:12.696+0000] {dag.py:4180} INFO - Setting next_dagrun for dataset_alias_example_alias_producer to None, run_after=None
[2025-01-07T12:04:12.699+0000] {logging_mixin.py:190} INFO - [2025-01-07T12:04:12.699+0000] {dag.py:4180} INFO - Setting next_dagrun for dataset_s3_bucket_consumer to None, run_after=None
[2025-01-07T12:04:12.701+0000] {logging_mixin.py:190} INFO - [2025-01-07T12:04:12.700+0000] {dag.py:4180} INFO - Setting next_dagrun for dataset_s3_bucket_producer to None, run_after=None
[2025-01-07T12:04:12.727+0000] {processor.py:208} INFO - Processing /home/airflow/.local/lib/python3.12/site-packages/airflow/example_dags/example_dataset_alias.py took 0.657 seconds
[2025-01-07T12:04:43.286+0000] {processor.py:186} INFO - Started process (PID=2149) to work on /home/airflow/.local/lib/python3.12/site-packages/airflow/example_dags/example_dataset_alias.py
[2025-01-07T12:04:43.288+0000] {processor.py:914} INFO - Processing file /home/airflow/.local/lib/python3.12/site-packages/airflow/example_dags/example_dataset_alias.py for tasks to queue
[2025-01-07T12:04:43.291+0000] {logging_mixin.py:190} INFO - [2025-01-07T12:04:43.291+0000] {dagbag.py:588} INFO - Filling up the DagBag from /home/airflow/.local/lib/python3.12/site-packages/airflow/example_dags/example_dataset_alias.py
[2025-01-07T12:04:43.921+0000] {processor.py:925} INFO - DAG(s) 'dataset_alias_example_alias_consumer', 'dataset_s3_bucket_producer', 'dataset_alias_example_alias_producer', 'dataset_s3_bucket_consumer' retrieved from /home/airflow/.local/lib/python3.12/site-packages/airflow/example_dags/example_dataset_alias.py
[2025-01-07T12:04:43.948+0000] {logging_mixin.py:190} INFO - [2025-01-07T12:04:43.947+0000] {dag.py:3239} INFO - Sync 4 DAGs
[2025-01-07T12:04:43.972+0000] {logging_mixin.py:190} INFO - [2025-01-07T12:04:43.971+0000] {dag.py:4180} INFO - Setting next_dagrun for dataset_alias_example_alias_consumer to None, run_after=None
[2025-01-07T12:04:43.975+0000] {logging_mixin.py:190} INFO - [2025-01-07T12:04:43.975+0000] {dag.py:4180} INFO - Setting next_dagrun for dataset_alias_example_alias_producer to None, run_after=None
[2025-01-07T12:04:43.977+0000] {logging_mixin.py:190} INFO - [2025-01-07T12:04:43.977+0000] {dag.py:4180} INFO - Setting next_dagrun for dataset_s3_bucket_consumer to None, run_after=None
[2025-01-07T12:04:43.979+0000] {logging_mixin.py:190} INFO - [2025-01-07T12:04:43.979+0000] {dag.py:4180} INFO - Setting next_dagrun for dataset_s3_bucket_producer to None, run_after=None
[2025-01-07T12:04:43.999+0000] {processor.py:208} INFO - Processing /home/airflow/.local/lib/python3.12/site-packages/airflow/example_dags/example_dataset_alias.py took 0.719 seconds
[2025-01-07T12:05:14.769+0000] {processor.py:186} INFO - Started process (PID=2212) to work on /home/airflow/.local/lib/python3.12/site-packages/airflow/example_dags/example_dataset_alias.py
[2025-01-07T12:05:14.771+0000] {processor.py:914} INFO - Processing file /home/airflow/.local/lib/python3.12/site-packages/airflow/example_dags/example_dataset_alias.py for tasks to queue
[2025-01-07T12:05:14.775+0000] {logging_mixin.py:190} INFO - [2025-01-07T12:05:14.774+0000] {dagbag.py:588} INFO - Filling up the DagBag from /home/airflow/.local/lib/python3.12/site-packages/airflow/example_dags/example_dataset_alias.py
[2025-01-07T12:05:15.439+0000] {processor.py:925} INFO - DAG(s) 'dataset_s3_bucket_consumer', 'dataset_alias_example_alias_consumer', 'dataset_s3_bucket_producer', 'dataset_alias_example_alias_producer' retrieved from /home/airflow/.local/lib/python3.12/site-packages/airflow/example_dags/example_dataset_alias.py
[2025-01-07T12:05:15.462+0000] {logging_mixin.py:190} INFO - [2025-01-07T12:05:15.462+0000] {dag.py:3239} INFO - Sync 4 DAGs
[2025-01-07T12:05:15.495+0000] {logging_mixin.py:190} INFO - [2025-01-07T12:05:15.495+0000] {dag.py:4180} INFO - Setting next_dagrun for dataset_alias_example_alias_consumer to None, run_after=None
[2025-01-07T12:05:15.499+0000] {logging_mixin.py:190} INFO - [2025-01-07T12:05:15.499+0000] {dag.py:4180} INFO - Setting next_dagrun for dataset_alias_example_alias_producer to None, run_after=None
[2025-01-07T12:05:15.501+0000] {logging_mixin.py:190} INFO - [2025-01-07T12:05:15.501+0000] {dag.py:4180} INFO - Setting next_dagrun for dataset_s3_bucket_consumer to None, run_after=None
[2025-01-07T12:05:15.504+0000] {logging_mixin.py:190} INFO - [2025-01-07T12:05:15.503+0000] {dag.py:4180} INFO - Setting next_dagrun for dataset_s3_bucket_producer to None, run_after=None
[2025-01-07T12:05:15.539+0000] {processor.py:208} INFO - Processing /home/airflow/.local/lib/python3.12/site-packages/airflow/example_dags/example_dataset_alias.py took 0.782 seconds
[2025-01-07T12:05:46.201+0000] {processor.py:186} INFO - Started process (PID=2275) to work on /home/airflow/.local/lib/python3.12/site-packages/airflow/example_dags/example_dataset_alias.py
[2025-01-07T12:05:46.203+0000] {processor.py:914} INFO - Processing file /home/airflow/.local/lib/python3.12/site-packages/airflow/example_dags/example_dataset_alias.py for tasks to queue
[2025-01-07T12:05:46.206+0000] {logging_mixin.py:190} INFO - [2025-01-07T12:05:46.206+0000] {dagbag.py:588} INFO - Filling up the DagBag from /home/airflow/.local/lib/python3.12/site-packages/airflow/example_dags/example_dataset_alias.py
[2025-01-07T12:05:46.885+0000] {processor.py:925} INFO - DAG(s) 'dataset_s3_bucket_producer', 'dataset_alias_example_alias_consumer', 'dataset_alias_example_alias_producer', 'dataset_s3_bucket_consumer' retrieved from /home/airflow/.local/lib/python3.12/site-packages/airflow/example_dags/example_dataset_alias.py
[2025-01-07T12:05:46.915+0000] {logging_mixin.py:190} INFO - [2025-01-07T12:05:46.915+0000] {dag.py:3239} INFO - Sync 4 DAGs
[2025-01-07T12:05:46.947+0000] {logging_mixin.py:190} INFO - [2025-01-07T12:05:46.947+0000] {dag.py:4180} INFO - Setting next_dagrun for dataset_alias_example_alias_consumer to None, run_after=None
[2025-01-07T12:05:46.951+0000] {logging_mixin.py:190} INFO - [2025-01-07T12:05:46.951+0000] {dag.py:4180} INFO - Setting next_dagrun for dataset_alias_example_alias_producer to None, run_after=None
[2025-01-07T12:05:46.953+0000] {logging_mixin.py:190} INFO - [2025-01-07T12:05:46.953+0000] {dag.py:4180} INFO - Setting next_dagrun for dataset_s3_bucket_consumer to None, run_after=None
[2025-01-07T12:05:46.955+0000] {logging_mixin.py:190} INFO - [2025-01-07T12:05:46.955+0000] {dag.py:4180} INFO - Setting next_dagrun for dataset_s3_bucket_producer to None, run_after=None
[2025-01-07T12:05:46.986+0000] {processor.py:208} INFO - Processing /home/airflow/.local/lib/python3.12/site-packages/airflow/example_dags/example_dataset_alias.py took 0.792 seconds
[2025-01-07T12:06:17.611+0000] {processor.py:186} INFO - Started process (PID=2338) to work on /home/airflow/.local/lib/python3.12/site-packages/airflow/example_dags/example_dataset_alias.py
[2025-01-07T12:06:17.612+0000] {processor.py:914} INFO - Processing file /home/airflow/.local/lib/python3.12/site-packages/airflow/example_dags/example_dataset_alias.py for tasks to queue
[2025-01-07T12:06:17.615+0000] {logging_mixin.py:190} INFO - [2025-01-07T12:06:17.615+0000] {dagbag.py:588} INFO - Filling up the DagBag from /home/airflow/.local/lib/python3.12/site-packages/airflow/example_dags/example_dataset_alias.py
[2025-01-07T12:06:18.344+0000] {processor.py:925} INFO - DAG(s) 'dataset_s3_bucket_producer', 'dataset_alias_example_alias_consumer', 'dataset_s3_bucket_consumer', 'dataset_alias_example_alias_producer' retrieved from /home/airflow/.local/lib/python3.12/site-packages/airflow/example_dags/example_dataset_alias.py
[2025-01-07T12:06:18.377+0000] {logging_mixin.py:190} INFO - [2025-01-07T12:06:18.376+0000] {dag.py:3239} INFO - Sync 4 DAGs
[2025-01-07T12:06:18.405+0000] {logging_mixin.py:190} INFO - [2025-01-07T12:06:18.405+0000] {dag.py:4180} INFO - Setting next_dagrun for dataset_alias_example_alias_consumer to None, run_after=None
[2025-01-07T12:06:18.409+0000] {logging_mixin.py:190} INFO - [2025-01-07T12:06:18.408+0000] {dag.py:4180} INFO - Setting next_dagrun for dataset_alias_example_alias_producer to None, run_after=None
[2025-01-07T12:06:18.410+0000] {logging_mixin.py:190} INFO - [2025-01-07T12:06:18.410+0000] {dag.py:4180} INFO - Setting next_dagrun for dataset_s3_bucket_consumer to None, run_after=None
[2025-01-07T12:06:18.413+0000] {logging_mixin.py:190} INFO - [2025-01-07T12:06:18.413+0000] {dag.py:4180} INFO - Setting next_dagrun for dataset_s3_bucket_producer to None, run_after=None
[2025-01-07T12:06:18.452+0000] {processor.py:208} INFO - Processing /home/airflow/.local/lib/python3.12/site-packages/airflow/example_dags/example_dataset_alias.py took 0.848 seconds
[2025-01-07T12:06:48.595+0000] {processor.py:186} INFO - Started process (PID=2401) to work on /home/airflow/.local/lib/python3.12/site-packages/airflow/example_dags/example_dataset_alias.py
[2025-01-07T12:06:48.596+0000] {processor.py:914} INFO - Processing file /home/airflow/.local/lib/python3.12/site-packages/airflow/example_dags/example_dataset_alias.py for tasks to queue
[2025-01-07T12:06:48.599+0000] {logging_mixin.py:190} INFO - [2025-01-07T12:06:48.598+0000] {dagbag.py:588} INFO - Filling up the DagBag from /home/airflow/.local/lib/python3.12/site-packages/airflow/example_dags/example_dataset_alias.py
[2025-01-07T12:06:49.161+0000] {processor.py:925} INFO - DAG(s) 'dataset_alias_example_alias_consumer', 'dataset_alias_example_alias_producer', 'dataset_s3_bucket_consumer', 'dataset_s3_bucket_producer' retrieved from /home/airflow/.local/lib/python3.12/site-packages/airflow/example_dags/example_dataset_alias.py
[2025-01-07T12:06:49.184+0000] {logging_mixin.py:190} INFO - [2025-01-07T12:06:49.183+0000] {dag.py:3239} INFO - Sync 4 DAGs
[2025-01-07T12:06:49.214+0000] {logging_mixin.py:190} INFO - [2025-01-07T12:06:49.214+0000] {dag.py:4180} INFO - Setting next_dagrun for dataset_alias_example_alias_consumer to None, run_after=None
[2025-01-07T12:06:49.219+0000] {logging_mixin.py:190} INFO - [2025-01-07T12:06:49.218+0000] {dag.py:4180} INFO - Setting next_dagrun for dataset_alias_example_alias_producer to None, run_after=None
[2025-01-07T12:06:49.221+0000] {logging_mixin.py:190} INFO - [2025-01-07T12:06:49.221+0000] {dag.py:4180} INFO - Setting next_dagrun for dataset_s3_bucket_consumer to None, run_after=None
[2025-01-07T12:06:49.224+0000] {logging_mixin.py:190} INFO - [2025-01-07T12:06:49.224+0000] {dag.py:4180} INFO - Setting next_dagrun for dataset_s3_bucket_producer to None, run_after=None
[2025-01-07T12:06:49.252+0000] {processor.py:208} INFO - Processing /home/airflow/.local/lib/python3.12/site-packages/airflow/example_dags/example_dataset_alias.py took 0.663 seconds
[2025-01-07T12:07:19.724+0000] {processor.py:186} INFO - Started process (PID=2470) to work on /home/airflow/.local/lib/python3.12/site-packages/airflow/example_dags/example_dataset_alias.py
[2025-01-07T12:07:19.725+0000] {processor.py:914} INFO - Processing file /home/airflow/.local/lib/python3.12/site-packages/airflow/example_dags/example_dataset_alias.py for tasks to queue
[2025-01-07T12:07:19.728+0000] {logging_mixin.py:190} INFO - [2025-01-07T12:07:19.727+0000] {dagbag.py:588} INFO - Filling up the DagBag from /home/airflow/.local/lib/python3.12/site-packages/airflow/example_dags/example_dataset_alias.py
[2025-01-07T12:07:20.285+0000] {processor.py:925} INFO - DAG(s) 'dataset_alias_example_alias_consumer', 'dataset_s3_bucket_producer', 'dataset_s3_bucket_consumer', 'dataset_alias_example_alias_producer' retrieved from /home/airflow/.local/lib/python3.12/site-packages/airflow/example_dags/example_dataset_alias.py
[2025-01-07T12:07:20.308+0000] {logging_mixin.py:190} INFO - [2025-01-07T12:07:20.307+0000] {dag.py:3239} INFO - Sync 4 DAGs
[2025-01-07T12:07:20.331+0000] {logging_mixin.py:190} INFO - [2025-01-07T12:07:20.331+0000] {dag.py:4180} INFO - Setting next_dagrun for dataset_alias_example_alias_consumer to None, run_after=None
[2025-01-07T12:07:20.334+0000] {logging_mixin.py:190} INFO - [2025-01-07T12:07:20.334+0000] {dag.py:4180} INFO - Setting next_dagrun for dataset_alias_example_alias_producer to None, run_after=None
[2025-01-07T12:07:20.336+0000] {logging_mixin.py:190} INFO - [2025-01-07T12:07:20.336+0000] {dag.py:4180} INFO - Setting next_dagrun for dataset_s3_bucket_consumer to None, run_after=None
[2025-01-07T12:07:20.338+0000] {logging_mixin.py:190} INFO - [2025-01-07T12:07:20.338+0000] {dag.py:4180} INFO - Setting next_dagrun for dataset_s3_bucket_producer to None, run_after=None
[2025-01-07T12:07:20.363+0000] {processor.py:208} INFO - Processing /home/airflow/.local/lib/python3.12/site-packages/airflow/example_dags/example_dataset_alias.py took 0.645 seconds
[2025-01-07T12:07:50.980+0000] {processor.py:186} INFO - Started process (PID=2536) to work on /home/airflow/.local/lib/python3.12/site-packages/airflow/example_dags/example_dataset_alias.py
[2025-01-07T12:07:50.981+0000] {processor.py:914} INFO - Processing file /home/airflow/.local/lib/python3.12/site-packages/airflow/example_dags/example_dataset_alias.py for tasks to queue
[2025-01-07T12:07:50.984+0000] {logging_mixin.py:190} INFO - [2025-01-07T12:07:50.983+0000] {dagbag.py:588} INFO - Filling up the DagBag from /home/airflow/.local/lib/python3.12/site-packages/airflow/example_dags/example_dataset_alias.py
[2025-01-07T12:07:51.604+0000] {processor.py:925} INFO - DAG(s) 'dataset_s3_bucket_producer', 'dataset_s3_bucket_consumer', 'dataset_alias_example_alias_consumer', 'dataset_alias_example_alias_producer' retrieved from /home/airflow/.local/lib/python3.12/site-packages/airflow/example_dags/example_dataset_alias.py
[2025-01-07T12:07:51.625+0000] {logging_mixin.py:190} INFO - [2025-01-07T12:07:51.625+0000] {dag.py:3239} INFO - Sync 4 DAGs
[2025-01-07T12:07:51.648+0000] {logging_mixin.py:190} INFO - [2025-01-07T12:07:51.648+0000] {dag.py:4180} INFO - Setting next_dagrun for dataset_alias_example_alias_consumer to None, run_after=None
[2025-01-07T12:07:51.651+0000] {logging_mixin.py:190} INFO - [2025-01-07T12:07:51.651+0000] {dag.py:4180} INFO - Setting next_dagrun for dataset_alias_example_alias_producer to None, run_after=None
[2025-01-07T12:07:51.653+0000] {logging_mixin.py:190} INFO - [2025-01-07T12:07:51.653+0000] {dag.py:4180} INFO - Setting next_dagrun for dataset_s3_bucket_consumer to None, run_after=None
[2025-01-07T12:07:51.655+0000] {logging_mixin.py:190} INFO - [2025-01-07T12:07:51.654+0000] {dag.py:4180} INFO - Setting next_dagrun for dataset_s3_bucket_producer to None, run_after=None
[2025-01-07T12:07:51.678+0000] {processor.py:208} INFO - Processing /home/airflow/.local/lib/python3.12/site-packages/airflow/example_dags/example_dataset_alias.py took 0.704 seconds
[2025-01-07T12:08:22.065+0000] {processor.py:186} INFO - Started process (PID=2600) to work on /home/airflow/.local/lib/python3.12/site-packages/airflow/example_dags/example_dataset_alias.py
[2025-01-07T12:08:22.067+0000] {processor.py:914} INFO - Processing file /home/airflow/.local/lib/python3.12/site-packages/airflow/example_dags/example_dataset_alias.py for tasks to queue
[2025-01-07T12:08:22.069+0000] {logging_mixin.py:190} INFO - [2025-01-07T12:08:22.069+0000] {dagbag.py:588} INFO - Filling up the DagBag from /home/airflow/.local/lib/python3.12/site-packages/airflow/example_dags/example_dataset_alias.py
[2025-01-07T12:08:22.781+0000] {processor.py:925} INFO - DAG(s) 'dataset_s3_bucket_producer', 'dataset_s3_bucket_consumer', 'dataset_alias_example_alias_consumer', 'dataset_alias_example_alias_producer' retrieved from /home/airflow/.local/lib/python3.12/site-packages/airflow/example_dags/example_dataset_alias.py
[2025-01-07T12:08:22.810+0000] {logging_mixin.py:190} INFO - [2025-01-07T12:08:22.810+0000] {dag.py:3239} INFO - Sync 4 DAGs
[2025-01-07T12:08:22.835+0000] {logging_mixin.py:190} INFO - [2025-01-07T12:08:22.835+0000] {dag.py:4180} INFO - Setting next_dagrun for dataset_alias_example_alias_consumer to None, run_after=None
[2025-01-07T12:08:22.838+0000] {logging_mixin.py:190} INFO - [2025-01-07T12:08:22.838+0000] {dag.py:4180} INFO - Setting next_dagrun for dataset_alias_example_alias_producer to None, run_after=None
[2025-01-07T12:08:22.840+0000] {logging_mixin.py:190} INFO - [2025-01-07T12:08:22.840+0000] {dag.py:4180} INFO - Setting next_dagrun for dataset_s3_bucket_consumer to None, run_after=None
[2025-01-07T12:08:22.842+0000] {logging_mixin.py:190} INFO - [2025-01-07T12:08:22.842+0000] {dag.py:4180} INFO - Setting next_dagrun for dataset_s3_bucket_producer to None, run_after=None
[2025-01-07T12:08:22.868+0000] {processor.py:208} INFO - Processing /home/airflow/.local/lib/python3.12/site-packages/airflow/example_dags/example_dataset_alias.py took 0.811 seconds
[2025-01-07T12:08:53.578+0000] {processor.py:186} INFO - Started process (PID=2663) to work on /home/airflow/.local/lib/python3.12/site-packages/airflow/example_dags/example_dataset_alias.py
[2025-01-07T12:08:53.579+0000] {processor.py:914} INFO - Processing file /home/airflow/.local/lib/python3.12/site-packages/airflow/example_dags/example_dataset_alias.py for tasks to queue
[2025-01-07T12:08:53.582+0000] {logging_mixin.py:190} INFO - [2025-01-07T12:08:53.582+0000] {dagbag.py:588} INFO - Filling up the DagBag from /home/airflow/.local/lib/python3.12/site-packages/airflow/example_dags/example_dataset_alias.py
[2025-01-07T12:08:54.272+0000] {processor.py:925} INFO - DAG(s) 'dataset_s3_bucket_consumer', 'dataset_alias_example_alias_consumer', 'dataset_s3_bucket_producer', 'dataset_alias_example_alias_producer' retrieved from /home/airflow/.local/lib/python3.12/site-packages/airflow/example_dags/example_dataset_alias.py
[2025-01-07T12:08:54.298+0000] {logging_mixin.py:190} INFO - [2025-01-07T12:08:54.298+0000] {dag.py:3239} INFO - Sync 4 DAGs
[2025-01-07T12:08:54.327+0000] {logging_mixin.py:190} INFO - [2025-01-07T12:08:54.326+0000] {dag.py:4180} INFO - Setting next_dagrun for dataset_alias_example_alias_consumer to None, run_after=None
[2025-01-07T12:08:54.330+0000] {logging_mixin.py:190} INFO - [2025-01-07T12:08:54.330+0000] {dag.py:4180} INFO - Setting next_dagrun for dataset_alias_example_alias_producer to None, run_after=None
[2025-01-07T12:08:54.332+0000] {logging_mixin.py:190} INFO - [2025-01-07T12:08:54.332+0000] {dag.py:4180} INFO - Setting next_dagrun for dataset_s3_bucket_consumer to None, run_after=None
[2025-01-07T12:08:54.334+0000] {logging_mixin.py:190} INFO - [2025-01-07T12:08:54.334+0000] {dag.py:4180} INFO - Setting next_dagrun for dataset_s3_bucket_producer to None, run_after=None
[2025-01-07T12:08:54.360+0000] {processor.py:208} INFO - Processing /home/airflow/.local/lib/python3.12/site-packages/airflow/example_dags/example_dataset_alias.py took 0.790 seconds
[2025-01-07T12:09:25.028+0000] {processor.py:186} INFO - Started process (PID=2726) to work on /home/airflow/.local/lib/python3.12/site-packages/airflow/example_dags/example_dataset_alias.py
[2025-01-07T12:09:25.029+0000] {processor.py:914} INFO - Processing file /home/airflow/.local/lib/python3.12/site-packages/airflow/example_dags/example_dataset_alias.py for tasks to queue
[2025-01-07T12:09:25.032+0000] {logging_mixin.py:190} INFO - [2025-01-07T12:09:25.032+0000] {dagbag.py:588} INFO - Filling up the DagBag from /home/airflow/.local/lib/python3.12/site-packages/airflow/example_dags/example_dataset_alias.py
[2025-01-07T12:09:25.736+0000] {processor.py:925} INFO - DAG(s) 'dataset_alias_example_alias_producer', 'dataset_s3_bucket_consumer', 'dataset_alias_example_alias_consumer', 'dataset_s3_bucket_producer' retrieved from /home/airflow/.local/lib/python3.12/site-packages/airflow/example_dags/example_dataset_alias.py
[2025-01-07T12:09:25.773+0000] {logging_mixin.py:190} INFO - [2025-01-07T12:09:25.772+0000] {dag.py:3239} INFO - Sync 4 DAGs
[2025-01-07T12:09:25.804+0000] {logging_mixin.py:190} INFO - [2025-01-07T12:09:25.804+0000] {dag.py:4180} INFO - Setting next_dagrun for dataset_alias_example_alias_consumer to None, run_after=None
[2025-01-07T12:09:25.809+0000] {logging_mixin.py:190} INFO - [2025-01-07T12:09:25.809+0000] {dag.py:4180} INFO - Setting next_dagrun for dataset_alias_example_alias_producer to None, run_after=None
[2025-01-07T12:09:25.811+0000] {logging_mixin.py:190} INFO - [2025-01-07T12:09:25.811+0000] {dag.py:4180} INFO - Setting next_dagrun for dataset_s3_bucket_consumer to None, run_after=None
[2025-01-07T12:09:25.814+0000] {logging_mixin.py:190} INFO - [2025-01-07T12:09:25.814+0000] {dag.py:4180} INFO - Setting next_dagrun for dataset_s3_bucket_producer to None, run_after=None
[2025-01-07T12:09:25.847+0000] {processor.py:208} INFO - Processing /home/airflow/.local/lib/python3.12/site-packages/airflow/example_dags/example_dataset_alias.py took 0.825 seconds
[2025-01-07T12:09:56.483+0000] {processor.py:186} INFO - Started process (PID=2789) to work on /home/airflow/.local/lib/python3.12/site-packages/airflow/example_dags/example_dataset_alias.py
[2025-01-07T12:09:56.484+0000] {processor.py:914} INFO - Processing file /home/airflow/.local/lib/python3.12/site-packages/airflow/example_dags/example_dataset_alias.py for tasks to queue
[2025-01-07T12:09:56.486+0000] {logging_mixin.py:190} INFO - [2025-01-07T12:09:56.486+0000] {dagbag.py:588} INFO - Filling up the DagBag from /home/airflow/.local/lib/python3.12/site-packages/airflow/example_dags/example_dataset_alias.py
[2025-01-07T12:09:57.310+0000] {processor.py:925} INFO - DAG(s) 'dataset_alias_example_alias_producer', 'dataset_s3_bucket_consumer', 'dataset_alias_example_alias_consumer', 'dataset_s3_bucket_producer' retrieved from /home/airflow/.local/lib/python3.12/site-packages/airflow/example_dags/example_dataset_alias.py
[2025-01-07T12:09:57.342+0000] {logging_mixin.py:190} INFO - [2025-01-07T12:09:57.341+0000] {dag.py:3239} INFO - Sync 4 DAGs
[2025-01-07T12:09:57.380+0000] {logging_mixin.py:190} INFO - [2025-01-07T12:09:57.380+0000] {dag.py:4180} INFO - Setting next_dagrun for dataset_alias_example_alias_consumer to None, run_after=None
[2025-01-07T12:09:57.385+0000] {logging_mixin.py:190} INFO - [2025-01-07T12:09:57.384+0000] {dag.py:4180} INFO - Setting next_dagrun for dataset_alias_example_alias_producer to None, run_after=None
[2025-01-07T12:09:57.387+0000] {logging_mixin.py:190} INFO - [2025-01-07T12:09:57.387+0000] {dag.py:4180} INFO - Setting next_dagrun for dataset_s3_bucket_consumer to None, run_after=None
[2025-01-07T12:09:57.390+0000] {logging_mixin.py:190} INFO - [2025-01-07T12:09:57.390+0000] {dag.py:4180} INFO - Setting next_dagrun for dataset_s3_bucket_producer to None, run_after=None
[2025-01-07T12:09:57.424+0000] {processor.py:208} INFO - Processing /home/airflow/.local/lib/python3.12/site-packages/airflow/example_dags/example_dataset_alias.py took 0.948 seconds
[2025-01-07T12:10:27.965+0000] {processor.py:186} INFO - Started process (PID=2853) to work on /home/airflow/.local/lib/python3.12/site-packages/airflow/example_dags/example_dataset_alias.py
[2025-01-07T12:10:27.967+0000] {processor.py:914} INFO - Processing file /home/airflow/.local/lib/python3.12/site-packages/airflow/example_dags/example_dataset_alias.py for tasks to queue
[2025-01-07T12:10:27.970+0000] {logging_mixin.py:190} INFO - [2025-01-07T12:10:27.970+0000] {dagbag.py:588} INFO - Filling up the DagBag from /home/airflow/.local/lib/python3.12/site-packages/airflow/example_dags/example_dataset_alias.py
[2025-01-07T12:10:29.283+0000] {processor.py:925} INFO - DAG(s) 'dataset_alias_example_alias_consumer', 'dataset_s3_bucket_consumer', 'dataset_alias_example_alias_producer', 'dataset_s3_bucket_producer' retrieved from /home/airflow/.local/lib/python3.12/site-packages/airflow/example_dags/example_dataset_alias.py
[2025-01-07T12:10:29.343+0000] {logging_mixin.py:190} INFO - [2025-01-07T12:10:29.341+0000] {dag.py:3239} INFO - Sync 4 DAGs
[2025-01-07T12:10:29.397+0000] {logging_mixin.py:190} INFO - [2025-01-07T12:10:29.397+0000] {dag.py:4180} INFO - Setting next_dagrun for dataset_alias_example_alias_consumer to None, run_after=None
[2025-01-07T12:10:29.405+0000] {logging_mixin.py:190} INFO - [2025-01-07T12:10:29.405+0000] {dag.py:4180} INFO - Setting next_dagrun for dataset_alias_example_alias_producer to None, run_after=None
[2025-01-07T12:10:29.411+0000] {logging_mixin.py:190} INFO - [2025-01-07T12:10:29.410+0000] {dag.py:4180} INFO - Setting next_dagrun for dataset_s3_bucket_consumer to None, run_after=None
[2025-01-07T12:10:29.414+0000] {logging_mixin.py:190} INFO - [2025-01-07T12:10:29.413+0000] {dag.py:4180} INFO - Setting next_dagrun for dataset_s3_bucket_producer to None, run_after=None
[2025-01-07T12:10:29.471+0000] {processor.py:208} INFO - Processing /home/airflow/.local/lib/python3.12/site-packages/airflow/example_dags/example_dataset_alias.py took 1.515 seconds
[2025-01-07T12:11:00.453+0000] {processor.py:186} INFO - Started process (PID=2919) to work on /home/airflow/.local/lib/python3.12/site-packages/airflow/example_dags/example_dataset_alias.py
[2025-01-07T12:11:00.455+0000] {processor.py:914} INFO - Processing file /home/airflow/.local/lib/python3.12/site-packages/airflow/example_dags/example_dataset_alias.py for tasks to queue
[2025-01-07T12:11:00.461+0000] {logging_mixin.py:190} INFO - [2025-01-07T12:11:00.460+0000] {dagbag.py:588} INFO - Filling up the DagBag from /home/airflow/.local/lib/python3.12/site-packages/airflow/example_dags/example_dataset_alias.py
[2025-01-07T12:11:01.309+0000] {processor.py:925} INFO - DAG(s) 'dataset_alias_example_alias_consumer', 'dataset_s3_bucket_producer', 'dataset_alias_example_alias_producer', 'dataset_s3_bucket_consumer' retrieved from /home/airflow/.local/lib/python3.12/site-packages/airflow/example_dags/example_dataset_alias.py
[2025-01-07T12:11:01.350+0000] {logging_mixin.py:190} INFO - [2025-01-07T12:11:01.349+0000] {dag.py:3239} INFO - Sync 4 DAGs
[2025-01-07T12:11:01.399+0000] {logging_mixin.py:190} INFO - [2025-01-07T12:11:01.399+0000] {dag.py:4180} INFO - Setting next_dagrun for dataset_alias_example_alias_consumer to None, run_after=None
[2025-01-07T12:11:01.404+0000] {logging_mixin.py:190} INFO - [2025-01-07T12:11:01.404+0000] {dag.py:4180} INFO - Setting next_dagrun for dataset_alias_example_alias_producer to None, run_after=None
[2025-01-07T12:11:01.408+0000] {logging_mixin.py:190} INFO - [2025-01-07T12:11:01.407+0000] {dag.py:4180} INFO - Setting next_dagrun for dataset_s3_bucket_consumer to None, run_after=None
[2025-01-07T12:11:01.411+0000] {logging_mixin.py:190} INFO - [2025-01-07T12:11:01.410+0000] {dag.py:4180} INFO - Setting next_dagrun for dataset_s3_bucket_producer to None, run_after=None
[2025-01-07T12:11:01.452+0000] {processor.py:208} INFO - Processing /home/airflow/.local/lib/python3.12/site-packages/airflow/example_dags/example_dataset_alias.py took 1.009 seconds
[2025-01-07T12:11:32.100+0000] {processor.py:186} INFO - Started process (PID=2983) to work on /home/airflow/.local/lib/python3.12/site-packages/airflow/example_dags/example_dataset_alias.py
[2025-01-07T12:11:32.101+0000] {processor.py:914} INFO - Processing file /home/airflow/.local/lib/python3.12/site-packages/airflow/example_dags/example_dataset_alias.py for tasks to queue
[2025-01-07T12:11:32.106+0000] {logging_mixin.py:190} INFO - [2025-01-07T12:11:32.105+0000] {dagbag.py:588} INFO - Filling up the DagBag from /home/airflow/.local/lib/python3.12/site-packages/airflow/example_dags/example_dataset_alias.py
[2025-01-07T12:11:32.907+0000] {processor.py:925} INFO - DAG(s) 'dataset_s3_bucket_consumer', 'dataset_s3_bucket_producer', 'dataset_alias_example_alias_consumer', 'dataset_alias_example_alias_producer' retrieved from /home/airflow/.local/lib/python3.12/site-packages/airflow/example_dags/example_dataset_alias.py
[2025-01-07T12:11:32.940+0000] {logging_mixin.py:190} INFO - [2025-01-07T12:11:32.940+0000] {dag.py:3239} INFO - Sync 4 DAGs
[2025-01-07T12:11:32.971+0000] {logging_mixin.py:190} INFO - [2025-01-07T12:11:32.970+0000] {dag.py:4180} INFO - Setting next_dagrun for dataset_alias_example_alias_consumer to None, run_after=None
[2025-01-07T12:11:32.976+0000] {logging_mixin.py:190} INFO - [2025-01-07T12:11:32.976+0000] {dag.py:4180} INFO - Setting next_dagrun for dataset_alias_example_alias_producer to None, run_after=None
[2025-01-07T12:11:32.979+0000] {logging_mixin.py:190} INFO - [2025-01-07T12:11:32.978+0000] {dag.py:4180} INFO - Setting next_dagrun for dataset_s3_bucket_consumer to None, run_after=None
[2025-01-07T12:11:32.982+0000] {logging_mixin.py:190} INFO - [2025-01-07T12:11:32.981+0000] {dag.py:4180} INFO - Setting next_dagrun for dataset_s3_bucket_producer to None, run_after=None
[2025-01-07T12:11:33.020+0000] {processor.py:208} INFO - Processing /home/airflow/.local/lib/python3.12/site-packages/airflow/example_dags/example_dataset_alias.py took 0.928 seconds
[2025-01-07T12:12:03.363+0000] {processor.py:186} INFO - Started process (PID=3047) to work on /home/airflow/.local/lib/python3.12/site-packages/airflow/example_dags/example_dataset_alias.py
[2025-01-07T12:12:03.365+0000] {processor.py:914} INFO - Processing file /home/airflow/.local/lib/python3.12/site-packages/airflow/example_dags/example_dataset_alias.py for tasks to queue
[2025-01-07T12:12:03.369+0000] {logging_mixin.py:190} INFO - [2025-01-07T12:12:03.368+0000] {dagbag.py:588} INFO - Filling up the DagBag from /home/airflow/.local/lib/python3.12/site-packages/airflow/example_dags/example_dataset_alias.py
[2025-01-07T12:12:03.996+0000] {processor.py:925} INFO - DAG(s) 'dataset_s3_bucket_producer', 'dataset_alias_example_alias_consumer', 'dataset_s3_bucket_consumer', 'dataset_alias_example_alias_producer' retrieved from /home/airflow/.local/lib/python3.12/site-packages/airflow/example_dags/example_dataset_alias.py
[2025-01-07T12:12:04.024+0000] {logging_mixin.py:190} INFO - [2025-01-07T12:12:04.023+0000] {dag.py:3239} INFO - Sync 4 DAGs
[2025-01-07T12:12:04.053+0000] {logging_mixin.py:190} INFO - [2025-01-07T12:12:04.053+0000] {dag.py:4180} INFO - Setting next_dagrun for dataset_alias_example_alias_consumer to None, run_after=None
[2025-01-07T12:12:04.057+0000] {logging_mixin.py:190} INFO - [2025-01-07T12:12:04.057+0000] {dag.py:4180} INFO - Setting next_dagrun for dataset_alias_example_alias_producer to None, run_after=None
[2025-01-07T12:12:04.061+0000] {logging_mixin.py:190} INFO - [2025-01-07T12:12:04.060+0000] {dag.py:4180} INFO - Setting next_dagrun for dataset_s3_bucket_consumer to None, run_after=None
[2025-01-07T12:12:04.063+0000] {logging_mixin.py:190} INFO - [2025-01-07T12:12:04.063+0000] {dag.py:4180} INFO - Setting next_dagrun for dataset_s3_bucket_producer to None, run_after=None
[2025-01-07T12:12:04.089+0000] {processor.py:208} INFO - Processing /home/airflow/.local/lib/python3.12/site-packages/airflow/example_dags/example_dataset_alias.py took 0.733 seconds
[2025-01-07T12:12:34.755+0000] {processor.py:186} INFO - Started process (PID=3110) to work on /home/airflow/.local/lib/python3.12/site-packages/airflow/example_dags/example_dataset_alias.py
[2025-01-07T12:12:34.757+0000] {processor.py:914} INFO - Processing file /home/airflow/.local/lib/python3.12/site-packages/airflow/example_dags/example_dataset_alias.py for tasks to queue
[2025-01-07T12:12:34.762+0000] {logging_mixin.py:190} INFO - [2025-01-07T12:12:34.761+0000] {dagbag.py:588} INFO - Filling up the DagBag from /home/airflow/.local/lib/python3.12/site-packages/airflow/example_dags/example_dataset_alias.py
[2025-01-07T12:12:36.094+0000] {processor.py:925} INFO - DAG(s) 'dataset_alias_example_alias_consumer', 'dataset_s3_bucket_producer', 'dataset_alias_example_alias_producer', 'dataset_s3_bucket_consumer' retrieved from /home/airflow/.local/lib/python3.12/site-packages/airflow/example_dags/example_dataset_alias.py
[2025-01-07T12:12:36.147+0000] {logging_mixin.py:190} INFO - [2025-01-07T12:12:36.146+0000] {dag.py:3239} INFO - Sync 4 DAGs
[2025-01-07T12:12:36.191+0000] {logging_mixin.py:190} INFO - [2025-01-07T12:12:36.190+0000] {dag.py:4180} INFO - Setting next_dagrun for dataset_alias_example_alias_consumer to None, run_after=None
[2025-01-07T12:12:36.197+0000] {logging_mixin.py:190} INFO - [2025-01-07T12:12:36.196+0000] {dag.py:4180} INFO - Setting next_dagrun for dataset_alias_example_alias_producer to None, run_after=None
[2025-01-07T12:12:36.203+0000] {logging_mixin.py:190} INFO - [2025-01-07T12:12:36.203+0000] {dag.py:4180} INFO - Setting next_dagrun for dataset_s3_bucket_consumer to None, run_after=None
[2025-01-07T12:12:36.207+0000] {logging_mixin.py:190} INFO - [2025-01-07T12:12:36.207+0000] {dag.py:4180} INFO - Setting next_dagrun for dataset_s3_bucket_producer to None, run_after=None
[2025-01-07T12:12:36.270+0000] {processor.py:208} INFO - Processing /home/airflow/.local/lib/python3.12/site-packages/airflow/example_dags/example_dataset_alias.py took 1.527 seconds
[2025-01-07T12:43:17.262+0000] {processor.py:186} INFO - Started process (PID=3209) to work on /home/airflow/.local/lib/python3.12/site-packages/airflow/example_dags/example_dataset_alias.py
[2025-01-07T12:43:17.264+0000] {processor.py:914} INFO - Processing file /home/airflow/.local/lib/python3.12/site-packages/airflow/example_dags/example_dataset_alias.py for tasks to queue
[2025-01-07T12:43:17.268+0000] {logging_mixin.py:190} INFO - [2025-01-07T12:43:17.267+0000] {dagbag.py:588} INFO - Filling up the DagBag from /home/airflow/.local/lib/python3.12/site-packages/airflow/example_dags/example_dataset_alias.py
[2025-01-07T12:43:18.292+0000] {processor.py:925} INFO - DAG(s) 'dataset_s3_bucket_producer', 'dataset_alias_example_alias_consumer', 'dataset_s3_bucket_consumer', 'dataset_alias_example_alias_producer' retrieved from /home/airflow/.local/lib/python3.12/site-packages/airflow/example_dags/example_dataset_alias.py
[2025-01-07T12:43:18.339+0000] {logging_mixin.py:190} INFO - [2025-01-07T12:43:18.338+0000] {dag.py:3239} INFO - Sync 4 DAGs
[2025-01-07T12:43:18.389+0000] {logging_mixin.py:190} INFO - [2025-01-07T12:43:18.389+0000] {dag.py:4180} INFO - Setting next_dagrun for dataset_alias_example_alias_consumer to None, run_after=None
[2025-01-07T12:43:18.400+0000] {logging_mixin.py:190} INFO - [2025-01-07T12:43:18.399+0000] {dag.py:4180} INFO - Setting next_dagrun for dataset_alias_example_alias_producer to None, run_after=None
[2025-01-07T12:43:18.405+0000] {logging_mixin.py:190} INFO - [2025-01-07T12:43:18.405+0000] {dag.py:4180} INFO - Setting next_dagrun for dataset_s3_bucket_consumer to None, run_after=None
[2025-01-07T12:43:18.409+0000] {logging_mixin.py:190} INFO - [2025-01-07T12:43:18.408+0000] {dag.py:4180} INFO - Setting next_dagrun for dataset_s3_bucket_producer to None, run_after=None
[2025-01-07T12:43:18.450+0000] {processor.py:208} INFO - Processing /home/airflow/.local/lib/python3.12/site-packages/airflow/example_dags/example_dataset_alias.py took 1.202 seconds
